mileage,model,color_id,name_cluster,real,pred,error
0.0,0.9985755,0.0,199.0,6.249996e+08,5.3805626e+08,8.694336e+07
0.011222011,0.988604,26.0,33.0,1.2999993e+08,1.3072996e+08,730032.0
0.2850003,0.9907407,16.0,5.0,3.8499968e+08,3.3676995e+08,4.822973e+07
0.24600025,0.9907407,23.0,5.0,3.9499965e+08,3.4428176e+08,5.071789e+07
0.1950002,0.9907407,1.0,1.0,2.7000006e+08,3.1967738e+08,4.967731e+07
0.0,0.9985755,23.0,14.0,2.1400001e+09,1.9038893e+09,2.3611085e+08
0.11300011,0.99358976,23.0,8.0,1.06500096e+09,8.921988e+08,1.7280218e+08
0.12345512,0.98717946,0.0,77.0,3.9499965e+08,3.611333e+08,3.3866336e+07
0.0,0.9992877,16.0,117.0,2.0000004e+07,5.508926e+08,5.308926e+08
0.32000032,0.982906,26.0,34.0,1.5999997e+08,1.3722037e+08,2.27796e+07
0.12000012,0.997151,16.0,5.0,4.550001e+08,5.167631e+08,6.176301e+07
0.22000022,0.994302,16.0,58.0,2.2000018e+08,2.1149422e+08,8.505952e+06
0.13900013,0.99216527,23.0,218.0,4.0999968e+08,3.4261002e+08,6.738966e+07
0.18100019,0.99216527,16.0,52.0,5.0999987e+08,4.8019197e+08,2.9807904e+07
0.0,0.9992877,16.0,0.0,4.149996e+08,3.9780394e+08,1.719568e+07
0.07000007,0.99572647,16.0,58.0,2.7499997e+08,2.6238427e+08,1.2615696e+07
0.42800042,0.98646724,6.0,15.0,1.4499995e+08,1.2930257e+08,1.5697384e+07
0.18000019,0.994302,8.0,64.0,3.750003e+08,3.6517843e+08,9.821856e+06
0.05000005,0.9985755,16.0,148.0,1.6499997e+09,1.4846465e+09,1.6535322e+08
0.13100013,0.99501425,25.0,34.0,3.8000006e+08,3.2911114e+08,5.088893e+07
0.4000004,0.98717946,26.0,33.0,1.3900003e+08,1.20155544e+08,1.8844488e+07
0.25355026,0.988604,0.0,239.0,3.9799974e+08,3.9653808e+08,1.461664e+06
0.123444125,0.98717946,25.0,5.0,2.4999995e+08,2.934112e+08,4.341125e+07
0.15000015,0.994302,16.0,8.0,1.0799992e+09,8.959214e+08,1.8407782e+08
0.2000002,0.9893162,16.0,1.0,3.0800003e+08,3.0774634e+08,253696.0
0.2000002,0.9928775,8.0,177.0,4.7999965e+08,4.039983e+08,7.600134e+07
0.07000007,0.99572647,16.0,1.0,4.650001e+08,4.5051306e+08,1.448704e+07
0.12000012,0.9900285,15.0,98.0,1.2499992e+08,1.5422864e+08,2.922872e+07
0.043000042,0.99786323,16.0,5.0,5.800004e+08,5.539176e+08,2.6082816e+07
0.0,0.9992877,16.0,404.0,1.9500018e+09,1.8990584e+09,5.094336e+07
0.11900012,0.9928775,23.0,289.0,6.3000006e+08,7.298823e+08,9.988224e+07
0.25888625,0.9843305,0.0,187.0,2.549998e+08,2.9711e+08,4.211021e+07
0.23000023,0.988604,8.0,1.0,2.87e+08,2.7727843e+08,9.721568e+06
0.42000043,0.988604,25.0,66.0,1.7999987e+08,1.5362882e+08,2.6371056e+07
0.2000002,0.9928775,16.0,5.0,4.0999968e+08,3.9312362e+08,1.6876064e+07
0.095000096,0.99358976,16.0,30.0,2.670001e+08,2.628115e+08,4.188592e+06
0.2000002,0.9893162,16.0,1.0,3.250003e+08,3.0774634e+08,1.7253952e+07
0.2900003,0.991453,8.0,34.0,2.2500006e+08,2.4720333e+08,2.2203264e+07
0.22222222,0.9900285,16.0,435.0,1.499999e+08,1.4158107e+08,8.418832e+06
0.054000054,0.99358976,16.0,58.0,2.350002e+08,2.3249373e+08,2.506464e+06
0.06700007,0.99572647,23.0,118.0,5.949994e+08,5.396174e+08,5.5382016e+07
0.008000008,0.99786323,16.0,113.0,1.00999917e+09,1.120014e+09,1.1001478e+08
0.4000004,0.98717946,26.0,33.0,1.2000003e+08,1.20155544e+08,155512.0
0.4000004,0.98789173,25.0,7.0,1.4800005e+08,1.348448e+08,1.3155248e+07
0.12000012,0.99501425,16.0,179.0,5.0000013e+08,5.2321267e+08,2.3212544e+07
0.0,0.9992877,16.0,22.0,9.000006e+07,3.0853686e+08,2.185368e+08
0.05000005,0.994302,23.0,290.0,9.549999e+09,7.552611e+09,1.9973883e+09
0.062000062,0.997151,16.0,155.0,3.6200016e+08,3.3905734e+08,2.2942816e+07
0.0,0.9992877,23.0,48.0,1.4999997e+09,1.828799e+09,3.2879923e+08
0.3000003,0.98575497,25.0,5.0,2.3100013e+08,2.4441608e+08,1.3415952e+07
0.116000116,0.994302,16.0,1.0,4.0499974e+08,4.1272778e+08,7.728032e+06
0.15000015,0.991453,16.0,334.0,3.4999968e+08,7.842527e+08,4.34253e+08
0.13000013,0.994302,23.0,416.0,6.600002e+08,7.72228e+08,1.1222778e+08
0.036000036,0.997151,23.0,86.0,6.550002e+08,6.3114266e+08,2.3857536e+07
0.07000007,0.997151,16.0,110.0,3.6500016e+08,3.5367312e+08,1.132704e+07
0.42000043,0.9900285,16.0,5.0,3.2999994e+08,3.1023043e+08,1.9769504e+07
0.26000026,0.988604,25.0,98.0,1.5699989e+08,1.3842274e+08,1.8577152e+07
0.22000022,0.9900285,16.0,319.0,1.1111109e+08,1.6693818e+08,5.582709e+07
0.09300009,0.99501425,23.0,107.0,1.2000009e+09,1.0853105e+09,1.1469043e+08
0.07500008,0.99572647,16.0,372.0,5.0999987e+08,4.8282778e+08,2.7172096e+07
0.3000003,0.982906,16.0,12.0,1.0299996e+08,1.0507594e+08,2.075976e+06
0.025000025,0.997151,16.0,1.0,5.3000048e+08,4.9658435e+08,3.3416128e+07
0.13300014,0.98646724,15.0,232.0,1.4499995e+08,1.5279976e+08,7.799808e+06
0.062000062,0.99643874,23.0,385.0,1.3649997e+09,1.5893669e+09,2.2436723e+08
0.115000114,0.99501425,16.0,58.0,2.4499997e+08,2.3959037e+08,5.4096e+06
0.1000001,0.994302,16.0,2.0,2.6500011e+08,2.3356934e+08,3.1430768e+07
0.14000013,0.98789173,23.0,135.0,7.149996e+08,8.216029e+08,1.0660326e+08
0.002000002,0.9992877,16.0,270.0,7.999998e+08,7.0040704e+08,9.959277e+07
0.19000019,0.9893162,16.0,18.0,3.9799974e+08,4.008062e+08,2.806464e+06
0.008000008,0.9985755,16.0,264.0,6.199998e+08,6.096744e+08,1.032544e+07
0.36900038,0.98789173,25.0,1.0,2.4999995e+08,2.5025472e+08,254768.0
0.1980002,0.98646724,8.0,122.0,2.7499997e+08,3.3444886e+08,5.9448896e+07
0.16400017,0.988604,16.0,98.0,1.2000003e+08,1.2838935e+08,8.38932e+06
0.15100016,0.994302,16.0,1.0,4.550001e+08,4.0439766e+08,5.060243e+07
0.10400011,0.99786323,9.0,28.0,6.499996e+08,6.315858e+08,1.8413824e+07
0.17000017,0.988604,16.0,144.0,1.2899988e+09,1.5442299e+09,2.5423104e+08
0.011111011,0.988604,16.0,106.0,2.569998e+08,2.2000352e+08,3.699629e+07
0.28000027,0.988604,25.0,82.0,1.2800009e+08,1.4648939e+08,1.8489304e+07
0.07500008,0.99501425,0.0,104.0,2.600001e+09,1.9003991e+09,6.996019e+08
0.035000034,0.99501425,16.0,44.0,4.2500012e+09,3.2559424e+09,9.9405875e+08
0.08000008,0.9928775,15.0,495.0,6.7e+08,4.971966e+08,1.728034e+08
0.17000017,0.98789173,16.0,166.0,7.200002e+08,6.7576634e+08,4.4233856e+07
0.22300023,0.9928775,16.0,57.0,3.5999994e+08,3.3138317e+08,2.8616768e+07
0.43800044,0.98504275,26.0,1.0,2.569998e+08,2.0748902e+08,4.9510784e+07
0.16000016,0.99501425,26.0,401.0,4.299998e+08,4.047943e+08,2.5205504e+07
0.5000005,0.98575497,16.0,7.0,1.2000003e+08,1.2460834e+08,4.608304e+06
0.32000032,0.988604,23.0,96.0,5.8999994e+08,6.0585126e+08,1.5851328e+07
0.24300024,0.9893162,23.0,560.0,1.4000001e+09,1.5712488e+09,1.7124864e+08
0.05000005,0.99786323,8.0,28.0,7.149996e+08,6.663169e+08,4.868269e+07
0.06000006,0.99786323,16.0,110.0,3.7400026e+08,3.6480806e+08,9.192192e+06
0.08000008,0.997151,16.0,16.0,3.250003e+08,3.3932582e+08,1.4325536e+07
0.34500036,0.98504275,30.0,15.0,9.000006e+07,9.724333e+07,7.243264e+06
0.05000005,0.98504275,25.0,1.0,1.7000003e+08,1.99699e+08,2.9698976e+07
0.25000024,0.98504275,16.0,15.0,1.17999976e+08,1.2524788e+08,7.247904e+06
0.38000038,0.98646724,26.0,360.0,1.2999993e+08,1.0767346e+08,2.2326472e+07
0.055555057,0.9893162,16.0,238.0,1.5399994e+08,1.5707117e+08,3.071232e+06
0.09000009,0.9928775,16.0,443.0,6.2499994e+09,2.2247007e+09,4.0252987e+09
0.0,0.9992877,16.0,195.0,2.808999e+09,2.596022e+09,2.129769e+08
0.16500017,0.99216527,6.0,98.0,1.8499989e+08,1.6671194e+08,1.8287952e+07
0.13500014,0.994302,23.0,75.0,8.899995e+08,8.109382e+08,7.906131e+07
0.4000004,0.98575497,23.0,213.0,2.4999995e+08,2.3387872e+08,1.6121232e+07
0.23000023,0.988604,8.0,1.0,2.87e+08,2.7727843e+08,9.721568e+06
0.077000074,0.99643874,16.0,10.0,3.2000006e+08,3.1356422e+08,6.43584e+06
0.2000002,0.994302,16.0,155.0,2.9999994e+08,2.777887e+08,2.2211232e+07
0.24300024,0.994302,16.0,58.0,2.470002e+08,2.1519674e+08,3.1803456e+07
0.0,0.99786323,1.0,457.0,1.7000003e+08,2.2239528e+08,5.239525e+07
0.08000008,0.994302,16.0,475.0,5.600003e+08,5.338222e+08,2.6178112e+07
0.19700019,0.9928775,16.0,1.0,3.9000035e+08,3.7062506e+08,1.9375296e+07
0.09000009,0.99572647,16.0,28.0,6.000002e+08,5.929692e+08,7.030976e+06
0.4000004,0.9893162,25.0,53.0,2.4000018e+08,1.9492608e+08,4.5074096e+07
0.16600017,0.994302,16.0,201.0,4.950004e+08,4.110199e+08,8.398048e+07
0.028000029,0.997151,16.0,141.0,8.249995e+08,7.8493203e+08,4.0067456e+07
0.11300011,0.99572647,16.0,342.0,4.5000035e+08,4.617098e+08,1.170944e+07
0.1950002,0.99501425,16.0,499.0,4.0999968e+08,3.6743373e+08,4.256595e+07
0.22300023,0.988604,25.0,63.0,2.7499997e+08,3.0410704e+08,2.9107072e+07
0.07600008,0.99643874,16.0,349.0,7.2499974e+08,7.0191424e+08,2.3085504e+07
0.06000006,0.99216527,16.0,5.0,4.180001e+08,4.0216698e+08,1.583312e+07
0.0003000003,0.997151,16.0,28.0,6.9999974e+08,6.8598803e+08,1.4011712e+07
0.0,0.99786323,16.0,3.0,6.9999974e+08,6.457697e+08,5.4230016e+07
0.2000002,0.9928775,8.0,5.0,3.6999997e+08,3.9583757e+08,2.58376e+07
0.0,0.9985755,16.0,216.0,4.0700017e+09,5.233217e+09,1.1632154e+09
0.3100003,0.98575497,25.0,122.0,2.5999997e+08,2.830127e+08,2.3012736e+07
0.0,0.9992877,16.0,509.0,1.6200005e+09,1.5230721e+09,9.692838e+07
0.28000027,0.9893162,25.0,34.0,1.9900016e+08,2.0900632e+08,1.000616e+07
0.22000022,0.988604,25.0,412.0,2.3799989e+08,2.32308e+08,5.691888e+06
0.08000008,0.99501425,16.0,8.0,1.1899995e+09,9.863467e+08,2.036528e+08
0.0,0.99786323,16.0,0.0,3.9299994e+08,3.845021e+08,8.497824e+06
0.2050002,0.991453,16.0,64.0,3.4000022e+08,3.364117e+08,3.588512e+06
0.0,0.9992877,16.0,103.0,9.249995e+08,8.740731e+08,5.09264e+07
0.047000047,0.99643874,16.0,123.0,3.3499984e+08,3.310837e+08,3.916128e+06
0.025000025,0.99572647,16.0,42.0,4.950004e+08,4.743948e+08,2.0605568e+07
0.2000002,0.9843305,25.0,426.0,1.8499989e+08,1.7765088e+08,7.349008e+06
0.36000037,0.982906,23.0,1.0,1.499999e+08,1.7623914e+08,2.6239232e+07
0.0,0.9992877,16.0,204.0,1.9200005e+09,2.3135828e+09,3.9358234e+08
0.043000042,0.99786323,16.0,106.0,5.500002e+08,4.0885952e+08,1.4114067e+08
0.017000018,0.9985755,16.0,470.0,1.4999997e+09,1.4684026e+09,3.1597184e+07
0.48000047,0.9900285,16.0,35.0,1.7000003e+08,1.652008e+08,4.799232e+06
0.04000004,0.98789173,6.0,7.0,1.5799994e+08,1.3650485e+08,2.1495088e+07
0.23000023,0.9893162,16.0,358.0,2.450001e+09,2.4315192e+09,1.8481664e+07
0.17700018,0.99216527,16.0,35.0,2.2999995e+08,1.8704642e+08,4.2953536e+07
0.01900002,0.9985755,16.0,16.0,3.8499968e+08,3.7462496e+08,1.037472e+07
0.053200055,0.98504275,23.0,226.0,1.2000003e+08,1.2057015e+08,570120.0
0.06000006,0.997151,16.0,1.0,4.7499965e+08,4.8257366e+08,7.574016e+06
0.056000058,0.997151,16.0,5.0,5.3000048e+08,5.3479242e+08,4.791936e+06
0.0,0.9992877,16.0,355.0,4.2099978e+08,3.6253706e+08,5.846272e+07
0.4000004,0.988604,25.0,82.0,1.7599997e+08,1.4077325e+08,3.522672e+07
0.0,0.9992877,16.0,106.0,4.4500035e+08,3.3202595e+08,1.129744e+08
0.2830003,0.98789173,25.0,34.0,2.1000011e+08,1.9376362e+08,1.6236496e+07
0.22100022,0.991453,25.0,53.0,2.5999997e+08,2.676844e+08,7.684432e+06
0.31500033,0.988604,26.0,525.0,3.9799974e+08,3.3562147e+08,6.237827e+07
0.009000009,0.99572647,8.0,80.0,2.3499986e+09,1.5272524e+09,8.2274624e+08
0.33000034,0.988604,25.0,15.0,1.6499989e+08,1.4869696e+08,1.6302928e+07
0.3020003,0.98646724,16.0,15.0,1.3900003e+08,1.3101153e+08,7.988504e+06
0.15300015,0.9893162,23.0,115.0,1.6700004e+09,1.9148439e+09,2.4484352e+08
0.07000007,0.997151,16.0,110.0,3.6500016e+08,3.5367312e+08,1.132704e+07
0.015000015,0.997151,16.0,29.0,3.6500016e+08,3.4372144e+08,2.127872e+07
0.03200003,0.997151,16.0,155.0,3.6999997e+08,3.460501e+08,2.3949856e+07
0.45000044,0.9843305,16.0,56.0,2.2500006e+08,1.5330302e+08,7.169704e+07
0.04000004,0.997151,23.0,134.0,1.7000013e+09,9.2696877e+08,7.730325e+08
0.015000015,0.9985755,16.0,325.0,8.899995e+08,9.379922e+08,4.7992704e+07
0.27000028,0.991453,16.0,57.0,3.1499987e+08,2.9961395e+08,1.538592e+07
0.35000035,0.9893162,25.0,33.0,1.5999997e+08,1.4128675e+08,1.8713216e+07
0.033000033,0.997151,16.0,10.0,3.4000022e+08,3.2946474e+08,1.0535488e+07
0.16700016,0.9893162,16.0,74.0,2.1000011e+08,1.8090059e+08,2.909952e+07
0.1920002,0.99216527,0.0,11.0,3.8000006e+08,3.0085315e+08,7.914691e+07
0.13200013,0.9928775,21.0,354.0,1.9799987e+08,2.0747597e+08,9.476096e+06
0.3000003,0.98646724,6.0,33.0,1.1499992e+08,1.2324542e+08,8.245504e+06
0.17812018,0.99501425,16.0,10.0,2.6500011e+08,2.7543933e+08,1.0439216e+07
0.12340012,0.9893162,25.0,82.0,1.2999993e+08,1.6174062e+08,3.1740696e+07
0.32900032,0.98789173,26.0,5.0,2.7199994e+08,2.7933165e+08,7.331712e+06
0.16800016,0.98789173,16.0,238.0,1.379999e+08,1.3205418e+08,5.945728e+06
0.11111111,0.98575497,2.0,82.0,1.3200004e+08,1.27986904e+08,4.013136e+06
0.47000048,0.9843305,23.0,5.0,1.7000003e+08,2.1675056e+08,4.675053e+07
0.16300017,0.991453,16.0,5.0,3.6500016e+08,3.8092822e+08,1.5928064e+07
0.083000086,0.99501425,23.0,107.0,1.2200006e+09,1.096371e+09,1.236297e+08
0.3000003,0.99216527,16.0,35.0,1.7999987e+08,1.8796376e+08,7.963888e+06
0.2000002,0.988604,25.0,106.0,1.750001e+08,2.0497434e+08,2.997424e+07
0.16000016,0.991453,16.0,131.0,6.950005e+09,4.50442e+09,2.4455854e+09
0.12500012,0.99501425,16.0,45.0,2.7599994e+08,2.5158424e+08,2.4415696e+07
0.34000033,0.98646724,25.0,67.0,8.699993e+07,1.0167287e+08,1.4672944e+07
0.03200003,0.9985755,23.0,24.0,1.4100012e+09,1.4251151e+09,1.5113984e+07
0.5000005,0.988604,16.0,42.0,2.2000018e+08,2.3000784e+08,1.0007664e+07
0.0,0.9992877,16.0,383.0,4.0999968e+08,3.449088e+08,6.509088e+07
0.11000011,0.994302,16.0,1.0,4.7999965e+08,4.139687e+08,6.6030944e+07
0.18000019,0.99501425,16.0,120.0,4.950004e+08,4.2119414e+08,7.380624e+07
0.23000023,0.988604,8.0,1.0,2.87e+08,2.7727843e+08,9.721568e+06
0.32000032,0.98717946,25.0,532.0,1.2800009e+08,1.2968268e+08,1.682592e+06
0.15500015,0.994302,16.0,169.0,4.149996e+08,4.112834e+08,3.716224e+06
0.46000046,0.9893162,13.0,459.0,1.499999e+08,1.9955774e+08,4.955784e+07
0.06000006,0.99643874,16.0,106.0,2.0000014e+08,3.9067562e+08,1.9067547e+08
0.056000058,0.99572647,16.0,141.0,7.449994e+08,7.1687315e+08,2.8126272e+07
0.16000016,0.9928775,16.0,224.0,8.899995e+08,7.028373e+08,1.8716218e+08
0.015000015,0.9985755,16.0,170.0,3.8499968e+08,3.8124803e+08,3.751648e+06
0.095000096,0.997151,16.0,28.0,6.799995e+08,6.220573e+08,5.794221e+07
0.0009000009,0.9985755,23.0,345.0,1.2121215e+09,1.1391021e+09,7.301939e+07
0.0,0.9992877,16.0,365.0,4.2939987e+08,9.7088806e+08,5.414882e+08
0.15100016,0.99358976,16.0,568.0,4.9799952e+08,4.1803597e+08,7.996355e+07
0.1000001,0.99643874,16.0,10.0,3.2000006e+08,3.092008e+08,1.0799264e+07
0.4010004,0.988604,19.0,106.0,2.9000003e+08,1.9919573e+08,9.08043e+07
0.1980002,0.99358976,23.0,57.0,3.2999994e+08,3.308678e+08,867872.0
0.2000002,0.98717946,25.0,167.0,1.1000009e+09,8.183685e+08,2.816324e+08
0.026000027,0.99786323,16.0,29.0,3.6500016e+08,3.470171e+08,1.7983072e+07
0.25000024,0.9907407,8.0,171.0,3.0999974e+08,3.0841565e+08,1.584096e+06
0.08785009,0.994302,23.0,172.0,7.149996e+08,7.951834e+08,8.018381e+07
0.09400009,0.99501425,8.0,414.0,6.350006e+08,5.3268106e+08,1.0231952e+08
0.2000002,0.99216527,8.0,5.0,3.250003e+08,3.829125e+08,5.7912224e+07
0.0,0.9992877,16.0,0.0,4.340002e+08,3.9780394e+08,3.6196256e+07
0.07000007,0.99501425,16.0,192.0,6.749999e+08,6.033304e+08,7.166944e+07
0.2000002,0.9900285,16.0,495.0,5.0999987e+08,4.7874704e+08,3.1252832e+07
0.20600021,0.988604,8.0,106.0,3.4999968e+08,2.3087856e+08,1.1912112e+08
0.09000009,0.99501425,16.0,162.0,5.500002e+08,5.2646208e+08,2.3538112e+07
0.0,0.9992877,16.0,451.0,5.3199974e+08,4.6171683e+08,7.028291e+07
0.0,0.9992877,16.0,106.0,1.5999997e+08,3.3202595e+08,1.7202598e+08
0.1000001,0.98575497,26.0,7.0,1.2000003e+08,1.248529e+08,4.852864e+06
0.11000011,0.991453,25.0,89.0,2.9999994e+08,2.8531728e+08,1.4682656e+07
0.25000024,0.9900285,23.0,63.0,3.8499968e+08,3.1562595e+08,6.937373e+07
0.11400011,0.99216527,16.0,531.0,1.6000004e+09,1.4907587e+09,1.0924173e+08
0.15000015,0.994302,30.0,197.0,1.5499988e+09,3.1497782e+09,1.5997793e+09
0.38000038,0.98717946,25.0,122.0,1.1111109e+08,3.0221622e+08,1.9110514e+08
0.43000042,0.98575497,6.0,7.0,1.4499995e+08,1.2619266e+08,1.8807296e+07
0.06000006,0.99643874,16.0,16.0,3.3499984e+08,3.3310048e+08,1.89936e+06
0.28000027,0.9893162,25.0,34.0,1.9900016e+08,2.0900632e+08,1.000616e+07
0.23000023,0.988604,8.0,1.0,2.87e+08,2.7727843e+08,9.721568e+06
0.37000036,0.99216527,16.0,57.0,3.139999e+08,3.1467082e+08,670912.0
0.08900009,0.99501425,16.0,499.0,4.3499965e+08,3.701856e+08,6.481405e+07
0.2000002,0.99358976,8.0,89.0,3.4500026e+08,3.1974627e+08,2.5253984e+07
0.0,0.9985755,16.0,5.0,6.499996e+08,5.736325e+08,7.63671e+07
0.06400006,0.997151,16.0,16.0,3.4500026e+08,3.416234e+08,3.376864e+06
0.26500025,0.98789173,25.0,15.0,1.4800005e+08,1.4564856e+08,2.351488e+06
0.45000044,0.9814815,30.0,82.0,7.5000056e+07,7.450303e+07,497024.0
0.2740003,0.9893162,16.0,106.0,2.949998e+08,2.0952042e+08,8.547939e+07
0.01000001,0.9843305,10.0,56.0,1.3499997e+08,1.1824172e+08,1.6758248e+07
0.0,0.9992877,23.0,121.0,9.399999e+08,9.198077e+08,2.0192192e+07
0.112000115,0.994302,16.0,1.0,4.28e+08,4.135599e+08,1.4440096e+07
0.03200003,0.99643874,16.0,386.0,3.549998e+08,3.101346e+08,4.4865216e+07
0.0011110011,0.997151,16.0,28.0,6.499996e+08,6.852609e+08,3.526131e+07
0.0,0.99786323,16.0,410.0,2.879998e+09,2.6256264e+09,2.5437158e+08
0.14659715,0.9928775,8.0,53.0,3.6999997e+08,3.020341e+08,6.796586e+07
0.21700022,0.98789173,16.0,15.0,1.6300016e+08,1.434939e+08,1.9506256e+07
0.14500014,0.99501425,16.0,129.0,5.500002e+08,5.2959222e+08,2.0407968e+07
0.07100007,0.99501425,16.0,42.0,4.399997e+08,4.4643626e+08,6.436544e+06
0.32000032,0.98575497,26.0,213.0,2.1699998e+08,2.5467853e+08,3.7678544e+07
0.074350074,0.99501425,16.0,45.0,2.9399997e+08,2.6099867e+08,3.3001296e+07
0.065000065,0.997151,16.0,16.0,3.4500026e+08,3.4148723e+08,3.513024e+06
0.0,0.9992877,16.0,375.0,7.629998e+08,6.737741e+08,8.922573e+07
0.001000001,0.99572647,26.0,62.0,3.8000006e+08,3.1882912e+08,6.1170944e+07
0.0,0.9992877,16.0,509.0,1.6200005e+09,1.5230721e+09,9.692838e+07
0.01000001,0.99786323,16.0,16.0,3.8000006e+08,3.6695606e+08,1.3044e+07
0.08000008,0.9807692,16.0,87.0,9.499993e+07,9.584405e+07,844120.0
0.083000086,0.99786323,16.0,16.0,3.4500026e+08,3.4755827e+08,2.558016e+06
0.03800004,0.99786323,23.0,118.0,6.350006e+08,5.976906e+08,3.730995e+07
0.15000015,0.99501425,9.0,235.0,3.4999968e+08,3.23474e+08,2.6525696e+07
0.0055500055,0.98504275,13.0,68.0,8.4999976e+07,9.48151e+07,9.815128e+06
0.28000027,0.988604,16.0,1.0,2.3799989e+08,2.7810787e+08,4.0107984e+07
0.28000027,0.9900285,8.0,53.0,2.7000006e+08,2.4252558e+08,2.747448e+07
0.0012000012,0.9992877,16.0,101.0,7.0500026e+08,6.7650534e+08,2.8494912e+07
0.12100012,0.994302,16.0,29.0,2.5999997e+08,2.8117258e+08,2.1172608e+07
0.05000005,0.98789173,16.0,74.0,1.499999e+08,1.5847558e+08,8.47568e+06
0.115000114,0.99501425,23.0,84.0,3.8800023e+09,3.3871427e+09,4.9285965e+08
0.14000013,0.99358976,16.0,396.0,1.1499997e+09,9.8936704e+08,1.606327e+08
0.08000008,0.99643874,16.0,1.0,4.7799974e+08,4.61686e+08,1.6313728e+07
0.06650007,0.99501425,16.0,189.0,2.0999982e+09,1.9127412e+09,1.8725696e+08
0.22300023,0.98361826,6.0,161.0,1.17999976e+08,1.0887454e+08,9.125432e+06
0.18100019,0.99216527,16.0,52.0,5.0999987e+08,4.8019197e+08,2.9807904e+07
0.03200003,0.98717946,26.0,109.0,3.999997e+08,2.9075827e+08,1.0924144e+08
0.036000036,0.99501425,16.0,1.0,5.500002e+08,4.4447782e+08,1.0552237e+08
0.45000044,0.9814815,30.0,82.0,7.5000056e+07,7.450303e+07,497024.0
0.045000046,0.99786323,16.0,292.0,1.7600005e+09,1.6959724e+09,6.402816e+07
0.35000035,0.980057,16.0,97.0,1.2000003e+08,1.07333896e+08,1.2666136e+07
0.16000016,0.99358976,16.0,291.0,4.600001e+08,5.213548e+08,6.135472e+07
0.45000044,0.980057,16.0,59.0,8.4999976e+07,1.1169499e+08,2.6695016e+07
0.098000094,0.994302,16.0,155.0,3.0700003e+08,2.9265053e+08,1.4349504e+07
0.4000004,0.98717946,26.0,66.0,1.4499995e+08,1.4689565e+08,1.895696e+06
0.05900006,0.99643874,16.0,5.0,5.0999987e+08,5.1606374e+08,6.063872e+06
0.03200003,0.997151,16.0,16.0,3.549998e+08,3.4856867e+08,6.431136e+06
0.23300023,0.9893162,25.0,474.0,2.9999994e+08,2.8599942e+08,1.4000512e+07
0.0,0.9992877,16.0,102.0,5.5500045e+08,4.7772086e+08,7.727958e+07
0.31100032,0.98361826,6.0,59.0,1.1000003e+08,1.5881691e+08,4.881688e+07
0.029000029,0.9985755,16.0,346.0,1.4200005e+09,1.4002218e+09,1.9778688e+07
0.11111111,0.9729345,28.0,335.0,7.9999944e+07,7.924789e+07,752056.0
0.17000017,0.99501425,16.0,160.0,5.8999994e+08,5.661185e+08,2.3881408e+07
0.25000024,0.994302,16.0,57.0,3.9799974e+08,3.5700768e+08,4.0992064e+07
0.4000004,0.98717946,25.0,15.0,1.499999e+08,1.2966364e+08,2.0336264e+07
0.17000017,0.99358976,21.0,13.0,8.999994e+08,8.242791e+08,7.572032e+07
0.0990001,0.994302,16.0,90.0,3.9499986e+09,2.838616e+09,1.1113825e+09
0.1980002,0.99358976,23.0,57.0,3.2999994e+08,3.308678e+08,867872.0
0.25000024,0.9907407,1.0,106.0,4.5000035e+08,2.2158402e+08,2.2841634e+08
0.4000004,0.98575497,8.0,56.0,2.1000011e+08,1.6572469e+08,4.4275424e+07
0.22222222,0.9900285,16.0,435.0,1.499999e+08,1.4158107e+08,8.418832e+06
0.26400027,0.982906,23.0,7.0,9.3999944e+07,1.0555925e+08,1.1559304e+07
0.38000038,0.98361826,16.0,78.0,8.4999976e+07,9.90065e+07,1.400652e+07
0.1980002,0.99358976,23.0,57.0,3.2999994e+08,3.308678e+08,867872.0
0.0023000024,0.9992877,16.0,181.0,8.6999974e+08,8.493649e+08,2.0634816e+07
0.0,0.9992877,23.0,121.0,9.399999e+08,9.198077e+08,2.0192192e+07
0.3900004,0.99216527,26.0,5.0,2.5999997e+08,3.498642e+08,8.986422e+07
0.2000002,0.98504275,30.0,68.0,9.000006e+07,8.619506e+07,3.805008e+06
0.4000004,0.98717946,25.0,15.0,1.499999e+08,1.2966364e+08,2.0336264e+07
0.2000002,0.98646724,23.0,15.0,1.00000024e+08,1.2575631e+08,2.5756288e+07
0.065000065,0.997151,16.0,16.0,3.4500026e+08,3.4148723e+08,3.513024e+06
0.22000022,0.988604,26.0,441.0,1.750001e+08,1.6273952e+08,1.2260576e+07
0.0,0.9992877,16.0,106.0,7.849994e+08,3.3202595e+08,4.5297347e+08
0.001000001,0.988604,23.0,7.0,1.3499997e+08,1.2899466e+08,6.005312e+06
0.2900003,0.9900285,16.0,63.0,3.8000006e+08,3.3404848e+08,4.5951584e+07
0.2000002,0.9900285,23.0,35.0,1.2999993e+08,1.6236066e+08,3.2360728e+07
0.24220024,0.98717946,25.0,5.0,2.4000018e+08,2.7843376e+08,3.8433584e+07
0.22000022,0.982906,16.0,82.0,7.9999944e+07,1.1181798e+08,3.181804e+07
0.3000003,0.98646724,16.0,314.0,1.0000008e+09,6.591174e+09,5.591173e+09
0.2000002,0.99216527,8.0,218.0,3.3499984e+08,3.2447008e+08,1.052976e+07
0.33500034,0.988604,25.0,18.0,3.1199997e+08,3.3534442e+08,2.3344448e+07
0.0,0.9985755,16.0,85.0,8.999994e+08,8.248138e+08,7.51856e+07
0.14500014,0.99358976,16.0,289.0,7.999998e+08,7.3728685e+08,6.271296e+07
0.19700019,0.9928775,16.0,1.0,3.9000035e+08,3.7062506e+08,1.9375296e+07
0.18000019,0.994302,25.0,99.0,3.999997e+08,3.9041862e+08,9.581088e+06
0.36000037,0.9893162,25.0,89.0,2.149998e+08,2.1751715e+08,2.517344e+06
0.09000009,0.99501425,16.0,162.0,5.500002e+08,5.2646208e+08,2.3538112e+07
0.12000012,0.99501425,16.0,155.0,3.4000022e+08,2.9962822e+08,4.0372e+07
0.008888009,0.982906,16.0,82.0,1.2499992e+08,9.823808e+07,2.676184e+07
0.15000015,0.99216527,16.0,99.0,4.9700032e+08,3.965653e+08,1.0043501e+08
0.15500015,0.9893162,25.0,53.0,3.2000006e+08,2.417838e+08,7.821626e+07
0.0,0.9985755,16.0,54.0,2.7300006e+09,2.8740278e+09,1.4402714e+08
0.012000012,0.99786323,16.0,21.0,6.350006e+08,6.64094e+08,2.909344e+07
0.3890004,0.9893162,25.0,33.0,1.6499989e+08,1.3905147e+08,2.5948416e+07
0.0,0.9992877,23.0,175.0,2.9499996e+09,2.1950275e+09,7.5497216e+08
0.28000027,0.9843305,25.0,389.0,6.870001e+08,6.8769894e+08,698816.0
0.06000006,0.997151,16.0,16.0,3.549998e+08,3.4233178e+08,1.2668032e+07
0.02000002,0.99786323,16.0,106.0,3.8000006e+08,4.0744502e+08,2.744496e+07
0.017800018,0.997151,23.0,5.0,5.400004e+08,5.1847702e+08,2.152336e+07
0.32000032,0.9928775,8.0,5.0,3.8000006e+08,3.6245962e+08,1.7540448e+07
0.0015000015,0.9992877,16.0,103.0,9.3000064e+08,8.77131e+08,5.286963e+07
0.3000003,0.98646724,23.0,82.0,1.2000003e+08,1.2540038e+08,5.400352e+06
0.026000027,0.99786323,23.0,448.0,1.4200005e+09,1.4539661e+09,3.396557e+07
0.23000023,0.9928775,23.0,414.0,5.0999987e+08,4.5221334e+08,5.778653e+07
0.11100011,0.99358976,16.0,291.0,6.199998e+08,5.4943814e+08,7.056166e+07
0.25000024,0.9900285,16.0,386.0,2.1000011e+08,2.0982915e+08,170960.0
0.45000044,0.9893162,25.0,53.0,2.4499997e+08,2.0979234e+08,3.520763e+07
0.11111111,0.98575497,6.0,1.0,2.4999995e+08,2.1965342e+08,3.0346528e+07
0.33700034,0.98504275,30.0,15.0,9.000006e+07,9.649725e+07,6.497184e+06
0.06000006,0.99643874,23.0,16.0,3.1499987e+08,3.368528e+08,2.1852928e+07
0.34000033,0.988604,25.0,15.0,1.6750016e+08,1.4841672e+08,1.908344e+07
0.18000019,0.9907407,26.0,495.0,4.699997e+08,4.8139328e+08,1.1393568e+07
0.3000003,0.9900285,16.0,69.0,1.8499989e+08,1.7277005e+08,1.222984e+07
0.22000022,0.988604,25.0,412.0,2.3799989e+08,2.32308e+08,5.691888e+06
0.0003000003,0.997151,16.0,28.0,6.9999974e+08,6.8598803e+08,1.4011712e+07
0.5000005,0.98789173,16.0,164.0,1.2000003e+08,1.3895869e+08,1.8958656e+07
0.12345612,0.98504275,30.0,78.0,9.800003e+07,8.797745e+07,1.0022584e+07
0.12000012,0.99501425,16.0,1.0,4.399997e+08,4.2484022e+08,1.5159488e+07
0.11300011,0.99358976,23.0,8.0,1.06500096e+09,8.921988e+08,1.7280218e+08
0.0,0.9992877,16.0,16.0,4.199996e+08,3.9852768e+08,2.1471936e+07
0.5000005,0.98504275,23.0,15.0,1.00000024e+08,1.1048955e+08,1.0489528e+07
0.011111011,0.98504275,25.0,1.0,2.350002e+08,1.9456763e+08,4.043256e+07
0.44800046,0.98646724,8.0,1.0,2.4499997e+08,2.2321504e+08,2.1784928e+07
0.0,0.9992877,23.0,190.0,3.0999974e+08,2.8553123e+08,2.4468512e+07
0.08000008,0.99358976,23.0,106.0,9.8000083e+08,3.6590282e+08,6.1409805e+08
0.42800042,0.98646724,6.0,15.0,1.4499995e+08,1.2930257e+08,1.5697384e+07
0.15000015,0.99572647,16.0,29.0,3.0999974e+08,2.91771e+08,1.8228736e+07
0.07000007,0.99501425,23.0,43.0,6.7e+08,6.355204e+08,3.4479616e+07
0.32500032,0.98789173,19.0,106.0,1.3900003e+08,1.9763426e+08,5.8634224e+07
0.25555524,0.99643874,16.0,35.0,8.4999976e+07,2.6157728e+08,1.7657731e+08
0.014000014,0.997151,8.0,40.0,1.4500003e+09,1.4545458e+09,4.545536e+06
0.011111011,0.9893162,16.0,1.0,2.470002e+08,3.0764365e+08,6.0643456e+07
0.11111111,0.99572647,16.0,35.0,1.2499992e+08,2.5416656e+08,1.2916664e+08
0.012000012,0.9985755,16.0,278.0,7.0500026e+08,6.337772e+08,7.122304e+07
0.014000014,0.9985755,25.0,170.0,3.9000035e+08,3.5937286e+08,3.0627488e+07
0.4000004,0.9900285,16.0,5.0,3.4999968e+08,3.146414e+08,3.535827e+07
0.0,0.9992877,16.0,118.0,6.950002e+08,6.6784634e+08,2.7153856e+07
0.028000029,0.99786323,2.0,16.0,3.549998e+08,2.9532803e+08,5.9671776e+07
0.2000002,0.99501425,8.0,551.0,3.8800003e+08,3.54197e+08,3.380304e+07
0.07000007,0.99786323,0.0,310.0,5.749996e+08,4.447246e+08,1.3027501e+08
0.0,0.9992877,23.0,142.0,1.9999987e+09,1.7835375e+09,2.1646118e+08
0.14000013,0.99358976,16.0,5.0,4.180001e+08,4.308257e+08,1.28256e+07
0.115000114,0.997151,23.0,16.0,3.4000022e+08,3.4056035e+08,560128.0
0.037000038,0.99643874,16.0,119.0,5.949994e+08,5.1141914e+08,8.358029e+07
0.28000027,0.9900285,8.0,53.0,2.7000006e+08,2.4252558e+08,2.747448e+07
0.02000002,0.997151,16.0,28.0,6.8999955e+08,6.6977766e+08,2.0221888e+07
0.015000015,0.99786323,16.0,71.0,8.299996e+08,8.625924e+08,3.2592768e+07
0.16000016,0.980057,8.0,313.0,1.7000003e+08,1.4623898e+08,2.3761056e+07
0.24300024,0.98575497,6.0,15.0,1.499999e+08,1.3642858e+08,1.3571328e+07
0.09100009,0.997151,16.0,349.0,7.149996e+08,7.132793e+08,1.72032e+06
0.2000002,0.98504275,26.0,347.0,1.7299989e+08,1.686359e+08,4.363984e+06
0.13000013,0.994302,16.0,18.0,5.8999994e+08,5.89758e+08,241920.0
0.28600028,0.98717946,25.0,124.0,1.2399996e+08,1.4568858e+08,2.1688616e+07
0.25000024,0.98575497,25.0,1.0,2.2999995e+08,2.2785429e+08,2.145664e+06
0.3000003,0.98646724,26.0,33.0,1.3499997e+08,1.2031607e+08,1.4683896e+07
0.14500014,0.99358976,23.0,537.0,5.6999955e+08,5.271755e+08,4.2824064e+07
0.12800013,0.994302,16.0,106.0,5.8499994e+08,3.588311e+08,2.2616883e+08
0.0,0.9992877,16.0,106.0,2.0000014e+08,3.3202595e+08,1.3202581e+08
0.14600015,0.9907407,0.0,47.0,8.6999974e+08,8.138373e+08,5.616243e+07
0.065000065,0.99786323,16.0,316.0,6.1000006e+08,5.926176e+08,1.7382464e+07
0.35000035,0.98504275,16.0,7.0,1.1499992e+08,1.2503878e+08,1.0038864e+07
0.023700023,0.9985755,23.0,14.0,1.9000004e+09,1.828056e+09,7.194432e+07
0.35385236,0.9814815,16.0,140.0,7.9999944e+07,9.1730184e+07,1.173024e+07
0.13200013,0.99572647,16.0,35.0,2.7000006e+08,2.5355357e+08,1.6446496e+07
0.005000005,0.9985755,16.0,0.0,4.1200026e+08,3.904298e+08,2.1570464e+07
0.41600043,0.98717946,8.0,1.0,2.350002e+08,2.3309538e+08,1.904816e+06
0.12000012,0.99358976,16.0,189.0,1.7799997e+09,1.6954095e+09,8.459021e+07
0.19000019,0.98789173,26.0,33.0,1.2499992e+08,1.2812075e+08,3.120832e+06
0.065000065,0.99643874,16.0,42.0,5.0000013e+08,4.7110544e+08,2.8894688e+07
0.06400006,0.99358976,23.0,341.0,3.719999e+09,3.6492168e+09,7.078221e+07
0.0002000002,0.9907407,16.0,106.0,1.2000003e+08,2.7039226e+08,1.5039222e+08
0.055556055,0.9843305,0.0,56.0,1.7999987e+08,1.7818978e+08,1.810096e+06
0.3000003,0.9900285,16.0,57.0,2.949998e+08,2.8248906e+08,1.2510752e+07
0.3000003,0.98575497,25.0,11.0,2.4900013e+08,2.092241e+08,3.977603e+07
5.000005e-05,0.9992877,16.0,105.0,4.1599974e+08,4.1091408e+08,5.085664e+06
0.32000032,0.988604,25.0,122.0,3.8000006e+08,3.3888598e+08,4.111408e+07
0.35000035,0.98646724,25.0,166.0,4.199996e+08,3.9033373e+08,2.9665888e+07
0.23000023,0.9843305,16.0,79.0,6.000002e+08,5.3101536e+08,6.898483e+07
0.11111111,0.991453,16.0,69.0,1.7999987e+08,2.0373678e+08,2.3736912e+07
0.028000029,0.99786323,23.0,23.0,1.6149996e+09,1.550877e+09,6.4122496e+07
0.33000034,0.9900285,16.0,109.0,3.4000022e+08,3.1398435e+08,2.6015872e+07
1.000001e-05,0.9992877,23.0,49.0,5.500002e+08,4.457751e+08,1.0422509e+08
0.0,0.9992877,16.0,22.0,9.000006e+07,3.0853686e+08,2.185368e+08
0.1000001,0.994302,16.0,28.0,5.4299974e+08,5.54956e+08,1.1956288e+07
0.16000016,0.99358976,16.0,382.0,1.7499986e+09,1.549653e+09,2.003456e+08
0.0,0.9985755,16.0,27.0,6.169999e+08,5.864523e+08,3.0547584e+07
0.5000005,0.98504275,25.0,220.0,1.3999994e+08,1.4043347e+08,433536.0
0.116000116,0.99358976,23.0,328.0,5.6499994e+08,5.289653e+08,3.6034624e+07
0.0,0.9985755,16.0,71.0,8.799998e+08,8.860902e+08,6.090368e+06
0.34000033,0.980057,2.0,15.0,9.800003e+07,1.11287336e+08,1.3287304e+07
0.2900003,0.988604,16.0,106.0,7.999998e+08,1.999414e+08,6.000584e+08
0.16000016,0.99216527,16.0,63.0,3.579998e+08,4.0348544e+08,4.548563e+07
0.4000004,0.98789173,25.0,11.0,1.8799997e+08,2.2909146e+08,4.109149e+07
0.000990001,0.9992877,16.0,71.0,9.699996e+08,8.5897216e+08,1.1102746e+08
0.115000114,0.99501425,23.0,84.0,3.8800023e+09,3.3871427e+09,4.9285965e+08
0.0,0.9992877,16.0,106.0,5.379998e+08,3.3202595e+08,2.0597386e+08
0.15900016,0.994302,8.0,42.0,3.5999994e+08,3.858414e+08,2.5841472e+07
0.13000013,0.9928775,16.0,169.0,3.4000022e+08,3.9241418e+08,5.241395e+07
0.27000028,0.991453,23.0,577.0,3.089999e+09,2.193295e+09,8.96704e+08
0.004000004,0.982906,16.0,12.0,7.5000056e+07,9.136594e+07,1.636588e+07
0.01000001,0.9821937,23.0,106.0,1.499999e+08,1.2951212e+08,2.0487784e+07
0.0,0.9992877,16.0,321.0,3.2949994e+08,3.2678736e+08,2.712576e+06
0.08000008,0.994302,16.0,475.0,5.600003e+08,5.338222e+08,2.6178112e+07
0.33500034,0.988604,26.0,1.0,2.850002e+08,2.7155568e+08,1.3444512e+07
0.022000022,0.99786323,16.0,0.0,3.719997e+08,3.7463712e+08,2.637408e+06
0.00014000013,0.9985755,16.0,86.0,7.55e+08,7.4616557e+08,8.834432e+06
0.06000006,0.99572647,16.0,58.0,2.8900003e+08,2.6597691e+08,2.302312e+07
0.1000001,0.99501425,16.0,185.0,6.8999955e+08,5.893993e+08,1.0060026e+08
0.03000003,0.9985755,16.0,23.0,1.6899985e+09,1.6380276e+09,5.1970816e+07
0.23000023,0.98789173,16.0,47.0,7.499995e+08,7.520465e+08,2.04704e+06
0.32000032,0.98646724,16.0,97.0,1.12999976e+08,1.32512376e+08,1.95124e+07
0.14400014,0.99643874,16.0,28.0,6.4000045e+08,5.812895e+08,5.8710976e+07
0.0,0.9992877,23.0,332.0,1.1099994e+09,1.0405386e+09,6.946074e+07
0.13500014,0.994302,8.0,34.0,3.789997e+08,3.2501642e+08,5.3983296e+07
0.015000015,0.9985755,16.0,0.0,4.1200026e+08,3.8515392e+08,2.6846336e+07
0.17000017,0.994302,16.0,45.0,2.7000006e+08,2.3303714e+08,3.696293e+07
0.0,0.9992877,16.0,134.0,1.8700014e+09,8.4355437e+08,1.02644704e+09
0.053200055,0.98504275,23.0,226.0,1.2000003e+08,1.2057015e+08,570120.0
0.12000012,0.99572647,16.0,129.0,5.3000048e+08,5.540486e+08,2.4048096e+07
0.1000001,0.99643874,16.0,28.0,7.499995e+08,6.0337536e+08,1.4662413e+08
0.28000027,0.99216527,15.0,57.0,3.0999974e+08,2.952537e+08,1.4746048e+07
0.24000023,0.9928775,16.0,258.0,8.500002e+08,7.244261e+08,1.2557408e+08
0.37000036,0.994302,10.0,57.0,2.9199984e+08,2.820341e+08,9.965728e+06
0.11300011,0.99216527,16.0,531.0,2.5000008e+09,1.4964506e+09,1.0035502e+09
0.17700018,0.97649574,13.0,106.0,1.72e+08,1.1748189e+08,5.451811e+07
0.13500014,0.9907407,16.0,374.0,2.7200005e+09,2.2959944e+09,4.2400614e+08
0.012345012,0.98504275,30.0,377.0,9.800003e+07,8.985016e+07,8.149872e+06
0.21000022,0.9907407,25.0,34.0,2.8e+08,2.3854616e+08,4.145384e+07
0.25000024,0.9900285,16.0,5.0,2.1000011e+08,3.3167846e+08,1.2167835e+08
0.12700012,0.99501425,23.0,18.0,6.799995e+08,6.179715e+08,6.202797e+07
0.11110011,0.9821937,23.0,4.0,2.0800018e+08,1.3344423e+08,7.4555944e+07
0.27411428,0.991453,16.0,116.0,2.2999995e+08,2.0646694e+08,2.3533008e+07
0.0043000043,0.9985755,16.0,0.0,3.6500016e+08,3.9081424e+08,2.581408e+07
0.3900004,0.9900285,8.0,5.0,3.0999974e+08,3.0348413e+08,6.515616e+06
0.0,0.9992877,16.0,102.0,4.9000016e+08,4.7772086e+08,1.2279296e+07
0.37000036,0.9907407,16.0,57.0,2.470002e+08,2.9045174e+08,4.345155e+07
7.000007e-05,0.9992877,16.0,3.0,7.200002e+08,6.279941e+08,9.200608e+07
0.08100008,0.99358976,16.0,309.0,1.9999987e+09,2.0036832e+09,3.68448e+06
0.16000016,0.99501425,8.0,180.0,5.6999955e+08,5.491511e+08,2.0848448e+07
0.0,0.9992877,23.0,249.0,1.2000009e+09,1.0324056e+09,1.6759526e+08
0.15000015,0.99216527,23.0,46.0,1.9699983e+09,1.2194702e+09,7.505281e+08
0.0,0.9992877,16.0,312.0,1.4899996e+09,1.4310013e+09,5.899827e+07
0.0,0.9992877,16.0,55.0,4.299998e+08,3.9752253e+08,3.247728e+07
0.06000006,0.99786323,16.0,28.0,5.949994e+08,6.583243e+08,6.3324864e+07
0.056000058,0.997151,16.0,5.0,5.3000048e+08,5.3479242e+08,4.791936e+06
0.22000022,0.9900285,16.0,18.0,3.4999968e+08,4.1033453e+08,6.033485e+07
0.21500021,0.9893162,25.0,106.0,2.350002e+08,2.1272654e+08,2.2273648e+07
0.3930004,0.988604,21.0,7.0,1.3999994e+08,1.3763294e+08,2.366992e+06
0.3000003,0.98717946,8.0,231.0,3.3300013e+08,2.8105408e+08,5.194605e+07
0.42800042,0.98646724,6.0,15.0,1.4499995e+08,1.2930257e+08,1.5697384e+07
0.15500015,0.994302,16.0,18.0,4.5000035e+08,5.749875e+08,1.2498717e+08
0.15600015,0.994302,16.0,32.0,3.999997e+08,3.8131347e+08,1.868624e+07
0.04800005,0.99786323,23.0,3.0,6.600002e+08,5.718999e+08,8.810029e+07
0.0,0.99358976,16.0,193.0,2.4999995e+08,2.4537502e+08,4.624928e+06
0.35000035,0.98575497,23.0,106.0,1.4800005e+08,1.6865554e+08,2.0655488e+07
0.12500012,0.98575497,25.0,122.0,3.4999968e+08,3.2852598e+08,2.1473696e+07
0.2980003,0.98717946,8.0,5.0,2.979999e+08,2.755318e+08,2.2468096e+07
0.2000002,0.9907407,25.0,106.0,1.8999994e+08,2.389241e+08,4.892416e+07
0.21800022,0.98504275,25.0,42.0,2.4000018e+08,2.1741843e+08,2.2581744e+07
0.3000003,0.98575497,8.0,15.0,1.2000003e+08,1.3315388e+08,1.3153848e+07
1.000001e-06,0.99786323,16.0,568.0,8.649995e+08,5.560049e+08,3.0899456e+08
0.19000019,0.98717946,9.0,15.0,1.499999e+08,1.3645565e+08,1.3544256e+07
0.0,0.9992877,16.0,195.0,2.808999e+09,2.596022e+09,2.129769e+08
0.4090004,0.98504275,25.0,42.0,1.8999994e+08,1.7756483e+08,1.2435104e+07
0.17000017,0.99358976,21.0,13.0,8.999994e+08,8.242791e+08,7.572032e+07
0.2000002,0.99216527,16.0,480.0,1.750001e+08,2.0996606e+08,3.496597e+07
0.3000003,0.98717946,26.0,194.0,1.499999e+08,1.6242725e+08,1.2427344e+07
0.26000026,0.9900285,26.0,11.0,2.4999995e+08,2.4452706e+08,5.472896e+06
0.28000027,0.9900285,8.0,53.0,2.7000006e+08,2.4252558e+08,2.747448e+07
0.2000002,0.98504275,30.0,68.0,9.000006e+07,8.619506e+07,3.805008e+06
0.0,0.9992877,25.0,170.0,4.080003e+08,3.7513334e+08,3.2866944e+07
0.14500014,0.99501425,26.0,192.0,6.1000006e+08,5.6443334e+08,4.556672e+07
0.26600027,0.98789173,25.0,7.0,1.8700005e+08,1.4142346e+08,4.557659e+07
0.055000056,0.99786323,16.0,547.0,3.639997e+08,3.71548e+08,7.548288e+06
0.03200003,0.9985755,16.0,37.0,6.4000045e+08,5.979996e+08,4.200083e+07
0.095000096,0.994302,16.0,434.0,5.600003e+08,5.8367814e+08,2.3677824e+07
0.12000012,0.994302,16.0,1.0,4.249999e+08,4.1187846e+08,1.312144e+07
0.025000025,0.99786323,16.0,106.0,3.750003e+08,4.0808278e+08,3.3082496e+07
0.077000074,0.99643874,16.0,10.0,3.2000006e+08,3.1356422e+08,6.43584e+06
0.08500008,0.997151,16.0,5.0,5.800004e+08,5.2950032e+08,5.0500064e+07
0.23927523,0.99358976,16.0,432.0,2.1000011e+08,2.1788421e+08,7.884096e+06
0.25000024,0.98575497,16.0,74.0,1.2800009e+08,1.5167429e+08,2.36742e+07
0.08000008,0.99501425,16.0,5.0,5.0999987e+08,4.773565e+08,3.264336e+07
0.1000001,0.9843305,16.0,12.0,9.000006e+07,1.0275507e+08,1.2755008e+07
0.19000019,0.994302,15.0,11.0,3.999997e+08,3.4139542e+08,5.860429e+07
0.15600015,0.994302,16.0,32.0,3.999997e+08,3.8131347e+08,1.868624e+07
0.19000019,0.98504275,25.0,1.0,2.0000014e+08,2.2486878e+08,2.486864e+07
0.06700007,0.997151,16.0,42.0,5.3000048e+08,4.8118397e+08,4.881651e+07
0.02000002,0.9985755,16.0,21.0,6.8499955e+08,6.752317e+08,9.767872e+06
0.16700016,0.9893162,16.0,74.0,2.1000011e+08,1.8090059e+08,2.909952e+07
0.002000002,0.9992877,16.0,55.0,4.0999968e+08,4.0038672e+08,9.61296e+06
0.07000007,0.997151,16.0,110.0,3.6500016e+08,3.5367312e+08,1.132704e+07
0.17300017,0.991453,23.0,126.0,5.5000044e+09,5.5325686e+09,3.2564224e+07
0.0990001,0.99572647,16.0,139.0,1.2749992e+09,1.1700741e+09,1.0492506e+08
0.5000005,0.98646724,23.0,7.0,1.2000003e+08,1.2177473e+08,1.774696e+06
0.02000002,0.9985755,16.0,37.0,5.800004e+08,6.096395e+08,2.9639104e+07
0.02000002,0.9985755,16.0,0.0,4.199996e+08,3.8285117e+08,3.714845e+07
0.0,0.9992877,16.0,110.0,4.1200026e+08,3.957583e+08,1.6241952e+07
0.33000034,0.98646724,8.0,122.0,4.199996e+08,3.0444365e+08,1.1555597e+08
0.987655,0.98504275,10.0,380.0,6.999994e+07,1.2530379e+08,5.5303856e+07
0.001000001,0.9928775,16.0,130.0,2.850002e+08,2.9403808e+08,9.037888e+06
0.012345012,0.98504275,30.0,377.0,9.800003e+07,8.985016e+07,8.149872e+06
0.1000001,0.99643874,8.0,5.0,5.600003e+08,5.1684394e+08,4.3156384e+07
0.115000114,0.99501425,23.0,84.0,3.8800023e+09,3.3871427e+09,4.9285965e+08
0.0009000009,0.9985755,23.0,345.0,1.2121215e+09,1.1391021e+09,7.301939e+07
0.3100003,0.9893162,16.0,1.0,2.7000006e+08,2.8597872e+08,1.5978656e+07
0.2000002,0.9893162,7.0,374.0,2.1599995e+09,1.8054633e+09,3.545362e+08
0.35000035,0.98575497,6.0,82.0,1.0500001e+08,1.3094933e+08,2.594932e+07
0.015000015,0.99786323,0.0,310.0,7.600005e+08,4.653976e+08,2.946029e+08
0.0,0.9992877,16.0,49.0,5.500002e+08,3.5522602e+08,1.9477418e+08
0.07200007,0.99643874,8.0,28.0,6.199998e+08,6.163835e+08,3.61632e+06
0.25000024,0.982906,16.0,15.0,1.0500001e+08,1.1425416e+08,9.254152e+06
0.20700021,0.98789173,16.0,301.0,3.3700014e+09,2.7642153e+09,6.057861e+08
0.0,0.9992877,23.0,419.0,2.5000008e+09,1.9345943e+09,5.6540646e+08
0.27000028,0.991453,16.0,11.0,3.250003e+08,2.629509e+08,6.204939e+07
0.08500008,0.99572647,23.0,107.0,1.2799991e+09,1.1291537e+09,1.5084544e+08
0.35000035,0.98504275,6.0,11.0,1.1000003e+08,1.9461922e+08,8.461918e+07
0.0,0.9992877,16.0,14.0,2.0799988e+09,1.9501468e+09,1.2985203e+08
0.045000046,0.997151,23.0,24.0,1.3500004e+09,1.2898045e+09,6.019584e+07
0.045000046,0.99643874,16.0,5.0,5.200002e+08,5.164409e+08,3.559296e+06
0.06000006,0.98789173,6.0,66.0,1.4499995e+08,1.4569914e+08,699184.0
0.035000034,0.9985755,23.0,270.0,7.149996e+08,7.02521e+08,1.2478592e+07
0.077000074,0.99572647,16.0,2.0,2.8e+08,2.5976898e+08,2.0231024e+07
0.03000003,0.9985755,16.0,143.0,3.6500016e+08,3.5884685e+08,6.153312e+06
0.018000018,0.9985755,23.0,469.0,6.450004e+08,5.764645e+08,6.853587e+07
0.023000022,0.9985755,16.0,110.0,3.999997e+08,3.8550816e+08,1.4491552e+07
0.06300006,0.997151,16.0,157.0,4.550001e+08,4.3248138e+08,2.251872e+07
0.26000026,0.98717946,26.0,42.0,2.7000006e+08,2.4540592e+08,2.4594144e+07
0.0,0.9992877,16.0,0.0,4.149996e+08,3.9780394e+08,1.719568e+07
0.22000022,0.9928775,16.0,36.0,1.7799989e+08,2.282066e+08,5.0206704e+07
0.16000016,0.99358976,16.0,18.0,5.400004e+08,5.4769504e+08,7.694656e+06
0.33500034,0.988604,26.0,1.0,2.850002e+08,2.7155568e+08,1.3444512e+07
0.17000017,0.994302,16.0,57.0,4.399997e+08,3.5570944e+08,8.429027e+07
0.07000007,0.99572647,16.0,80.0,1.9999987e+09,1.5783886e+09,4.216101e+08
0.0960001,0.99501425,16.0,29.0,3.1499987e+08,2.968121e+08,1.8187776e+07
0.26000026,0.99216527,16.0,35.0,1.8999994e+08,1.904869e+08,486960.0
0.3000003,0.98361826,23.0,392.0,1.2000003e+08,1.7738102e+08,5.738099e+07
0.1990002,0.98361826,16.0,59.0,1.750001e+08,1.5942696e+08,1.5573136e+07
0.5000005,0.982906,0.0,106.0,3.3499984e+08,1.714432e+08,1.6355664e+08
0.13000013,0.99572647,16.0,11.0,4.299998e+08,3.962402e+08,3.3759616e+07
0.18000019,0.9907407,16.0,271.0,3.5899968e+09,2.269661e+09,1.3203359e+09
0.15500015,0.99501425,16.0,42.0,3.999997e+08,4.1258925e+08,1.2589536e+07
0.0,0.9992877,23.0,24.0,1.5849985e+09,1.519396e+09,6.560256e+07
0.16600017,0.994302,16.0,1.0,3.8000006e+08,3.9988758e+08,1.988752e+07
0.0,0.9992877,23.0,107.0,1.6200005e+09,1.5152805e+09,1.0472e+08
0.4000004,0.982906,16.0,106.0,5.9999988e+07,1.2618881e+08,6.618882e+07
0.15000015,0.9893162,16.0,98.0,1.3999994e+08,1.3482962e+08,5.17032e+06
0.24800025,0.9893162,25.0,97.0,1.8700005e+08,1.5684603e+08,3.0154016e+07
0.06600007,0.99643874,16.0,45.0,2.2999995e+08,2.7908986e+08,4.9089904e+07
0.13800013,0.99358976,16.0,45.0,2.4499997e+08,2.3416126e+08,1.0838704e+07
0.07000007,0.99501425,16.0,268.0,3.3999977e+09,3.2439724e+09,1.5602534e+08
0.24600025,0.99216527,16.0,64.0,3.3333312e+08,3.3163357e+08,1.699552e+06
0.07300007,0.997151,16.0,16.0,3.3799968e+08,3.403623e+08,2.362624e+06
0.2000002,0.994302,16.0,129.0,5.200002e+08,4.9080646e+08,2.9193728e+07
0.4000004,0.98789173,25.0,7.0,1.4800005e+08,1.348448e+08,1.3155248e+07
0.08000008,0.99358976,16.0,1.0,4.299998e+08,4.053328e+08,2.4667008e+07
0.011111011,0.9893162,16.0,1.0,2.470002e+08,3.0764365e+08,6.0643456e+07
0.0955551,0.997151,16.0,16.0,3.2999994e+08,3.368573e+08,6.857376e+06
0.07300007,0.997151,16.0,9.0,2.9000003e+08,2.9043235e+08,432320.0
0.25200024,0.9893162,25.0,213.0,2.6300005e+08,3.1006835e+08,4.7068304e+07
0.3000003,0.991453,16.0,2.0,2.2500006e+08,1.7576614e+08,4.923392e+07
0.25000024,0.98575497,30.0,78.0,9.000006e+07,9.118175e+07,1.181688e+06
0.0018500019,0.9893162,8.0,5.0,5.3000048e+08,3.2473446e+08,2.0526602e+08
0.14000013,0.994302,16.0,63.0,4.149996e+08,4.4863e+08,3.36304e+07
0.0,0.9992877,23.0,175.0,2.7970017e+09,2.1950275e+09,6.019743e+08
0.028000029,0.99572647,16.0,45.0,2.6500011e+08,2.7615843e+08,1.115832e+07
0.0,0.9992877,23.0,23.0,1.8299992e+09,1.7243072e+09,1.0569203e+08
0.0,0.9985755,16.0,27.0,6.169999e+08,5.864523e+08,3.0547584e+07
0.4000004,0.9900285,16.0,1.0,2.979999e+08,2.9649974e+08,1.50016e+06
0.3000003,0.982906,13.0,82.0,9.599993e+07,9.862671e+07,2.626784e+06
0.28000027,0.9900285,8.0,53.0,2.7000006e+08,2.4252558e+08,2.747448e+07
0.023000022,0.997151,23.0,107.0,1.2000009e+09,1.3290072e+09,1.2900634e+08
0.15400015,0.99358976,16.0,106.0,5.949994e+08,3.4103616e+08,2.5396326e+08
0.03000003,0.99786323,16.0,28.0,7.3499955e+08,6.7785504e+08,5.714451e+07
0.12700012,0.99358976,16.0,58.0,2.350002e+08,2.2242624e+08,1.2573952e+07
0.23000023,0.9843305,16.0,79.0,6.000002e+08,5.3101536e+08,6.898483e+07
0.17597717,0.9843305,15.0,15.0,1.2499992e+08,1.1631179e+08,8.688128e+06
0.02890003,0.99501425,16.0,217.0,1.8499999e+09,1.8542319e+09,4.232064e+06
0.19000019,0.994302,16.0,58.0,1.9500008e+08,2.1690357e+08,2.1903488e+07
0.09200009,0.994302,16.0,28.0,5.800004e+08,5.590803e+08,2.0920064e+07
0.4000004,0.9893162,25.0,360.0,1.6699995e+08,1.3907429e+08,2.7925664e+07
0.34000033,0.9900285,16.0,369.0,1.8200011e+08,1.7785734e+08,4.142768e+06
0.028000029,0.99786323,16.0,48.0,1.6949989e+09,1.7728404e+09,7.784154e+07
0.14200014,0.9928775,23.0,405.0,8.799998e+08,9.04748e+08,2.4748224e+07
0.06600007,0.99572647,16.0,8.0,1.2999999e+09,1.0173927e+09,2.8260717e+08
0.25000024,0.994302,16.0,58.0,2.0500013e+08,2.1562691e+08,1.0626784e+07
0.0,0.9992877,16.0,118.0,6.9999974e+08,6.6784634e+08,3.2153408e+07
0.35000035,0.9907407,26.0,69.0,1.6900008e+08,1.8242446e+08,1.3424384e+07
0.3000003,0.98717946,8.0,56.0,1.8499989e+08,1.8933502e+08,4.335136e+06
0.18200018,0.9900285,16.0,11.0,3.0999974e+08,2.7554442e+08,3.445533e+07
0.3000003,0.988604,23.0,33.0,1.5699989e+08,1.2453135e+08,3.2468536e+07
0.01000001,0.997151,8.0,34.0,4.5000035e+08,3.950878e+08,5.4912544e+07
0.028478028,0.9793447,16.0,38.0,1.2000003e+08,9.5152616e+07,2.4847416e+07
0.08500008,0.997151,16.0,5.0,5.800004e+08,5.2950032e+08,5.0500064e+07
0.12800013,0.99501425,16.0,10.0,3.0499987e+08,2.8569248e+08,1.9307392e+07
0.04800005,0.99572647,16.0,42.0,4.650001e+08,4.6606826e+08,1.06816e+06
0.08000008,0.99643874,23.0,544.0,7.899997e+08,6.8972186e+08,1.0027782e+08
0.2900003,0.9928775,16.0,328.0,5.949994e+08,4.477213e+08,1.4727811e+08
0.031000031,0.99786323,16.0,37.0,5.600003e+08,5.868775e+08,2.6877184e+07
0.095800094,0.99501425,16.0,129.0,5.4500026e+08,5.4361946e+08,1.3808e+06
0.02000002,0.9985755,16.0,16.0,4.0499974e+08,3.740602e+08,3.0939552e+07
0.018000018,0.98789173,16.0,76.0,1.0110105e+08,4.863523e+09,4.762422e+09
0.26000026,0.991453,16.0,185.0,3.8499968e+08,3.9815312e+08,1.315344e+07
0.0,0.9992877,16.0,49.0,6.000002e+08,3.5522602e+08,2.4477418e+08
0.16000016,0.994302,0.0,1.0,4.699997e+08,3.8685686e+08,8.314285e+07
0.28200027,0.98717946,25.0,56.0,1.8999994e+08,1.765463e+08,1.3453632e+07
0.07100007,0.994302,16.0,118.0,6.1000006e+08,5.609624e+08,4.903763e+07
0.2000002,0.991453,25.0,546.0,3.4999968e+08,2.9661062e+08,5.3389056e+07
0.02000002,0.9893162,16.0,106.0,1.499999e+08,2.37439e+08,8.74391e+07
0.33500034,0.988604,26.0,1.0,2.850002e+08,2.7155568e+08,1.3444512e+07
0.10800011,0.99501425,16.0,89.0,5.200002e+08,3.7964003e+08,1.4036016e+08
0.03000003,0.99786323,16.0,16.0,3.719997e+08,3.588215e+08,1.3178208e+07
0.26000026,0.994302,16.0,58.0,2.0000014e+08,2.1387872e+08,1.3878576e+07
0.0,0.9992877,1.0,578.0,1.3500004e+09,1.2004518e+09,1.4954854e+08
0.2000002,0.9900285,16.0,208.0,2.850002e+08,3.6955984e+08,8.455965e+07
0.0,0.9992877,16.0,219.0,6.999994e+07,3.1290762e+08,2.4290768e+08
0.07000007,0.997151,16.0,5.0,5.2199958e+08,5.330022e+08,1.1002624e+07
0.3000003,0.9843305,16.0,82.0,9.000006e+07,1.1773717e+08,2.7737104e+07
0.005000005,0.9985755,16.0,141.0,8.500002e+08,8.3957357e+08,1.0426624e+07
3.5000034e-05,0.9992877,16.0,159.0,1.4000001e+09,1.2645245e+09,1.3547558e+08
0.2000002,0.988604,25.0,281.0,4.8499958e+08,5.241126e+08,3.9113024e+07
0.03000003,0.99786323,16.0,16.0,3.750003e+08,3.588215e+08,1.6178784e+07
0.035000034,0.99786323,16.0,9.0,2.9000003e+08,3.0448662e+08,1.4486592e+07
0.24000023,0.9893162,8.0,7.0,1.499999e+08,1.611872e+08,1.1187296e+07
0.045000046,0.997151,23.0,71.0,7.999998e+08,7.960044e+08,3.995392e+06
0.3000003,0.98789173,16.0,38.0,1.3499997e+08,1.4558357e+08,1.05836e+07
0.3000003,0.98789173,6.0,460.0,1.4500003e+09,9.984208e+08,4.5157946e+08
0.01900002,0.9985755,16.0,118.0,6.630006e+08,6.7593395e+08,1.2933376e+07
0.1980002,0.99358976,23.0,57.0,3.2999994e+08,3.308678e+08,867872.0
0.03000003,0.9985755,16.0,330.0,6.050002e+08,5.5629024e+08,4.870995e+07
0.1990002,0.98361826,16.0,59.0,1.750001e+08,1.5942696e+08,1.5573136e+07
0.2830003,0.98789173,16.0,114.0,1.469999e+08,1.2722753e+08,1.9772376e+07
0.012000012,0.9985755,16.0,118.0,6.749999e+08,6.835013e+08,8.50144e+06
0.1000001,0.99501425,16.0,152.0,3.240001e+08,2.841686e+08,3.983149e+07
1.000001e-06,0.9985755,16.0,106.0,5.285004e+08,3.8337584e+08,1.4512458e+08
0.04000004,0.99786323,16.0,22.0,5.6999955e+08,4.8505046e+08,8.494909e+07
0.07500008,0.994302,16.0,29.0,2.7499997e+08,2.9208173e+08,1.708176e+07
0.48000047,0.98504275,23.0,97.0,1.1499992e+08,1.1513973e+08,139808.0
0.054000054,0.994302,16.0,45.0,2.850002e+08,2.5668725e+08,2.8312944e+07
0.057000056,0.997151,16.0,29.0,3.6999997e+08,3.3243597e+08,3.7564e+07
0.15000015,0.99572647,16.0,36.0,3.0999974e+08,2.8839875e+08,2.1600992e+07
0.01900002,0.99786323,23.0,106.0,3.789997e+08,4.4145315e+08,6.245344e+07
0.16500017,0.9928775,0.0,63.0,3.999997e+08,4.146238e+08,1.4624096e+07
0.09000009,0.997151,16.0,22.0,4.9000016e+08,4.479041e+08,4.2096064e+07
0.0,0.9992877,16.0,22.0,6.199998e+08,3.0853686e+08,3.1146294e+08
0.24800025,0.9900285,26.0,4.0,2.5999997e+08,2.4141424e+08,1.8585728e+07
0.26800027,0.98575497,25.0,1.0,2.2500006e+08,2.265901e+08,1.590032e+06
0.0,0.9992877,16.0,151.0,1.2999999e+09,7.608345e+08,5.391654e+08
0.31700033,0.9907407,16.0,35.0,1.835e+08,1.7074614e+08,1.2753856e+07
0.19000019,0.994302,16.0,45.0,2.7499997e+08,2.2827798e+08,4.6721984e+07
0.0990001,0.99572647,16.0,139.0,1.2749992e+09,1.1700741e+09,1.0492506e+08
0.4000004,0.97649574,16.0,440.0,4.699997e+08,3.9852387e+08,7.147584e+07
0.25500026,0.9843305,23.0,34.0,1.6100008e+08,1.6035253e+08,647552.0
0.2000002,0.99216527,0.0,250.0,2.2500006e+08,2.29503e+08,4.502944e+06
0.3000003,0.98646724,6.0,33.0,9.800003e+07,1.2324542e+08,2.5245392e+07
0.0990001,0.99572647,16.0,139.0,1.2749992e+09,1.1700741e+09,1.0492506e+08
0.05000005,0.99786323,8.0,28.0,6.7e+08,6.663169e+08,3.683072e+06
0.04000004,0.997151,16.0,123.0,3.6500016e+08,3.424284e+08,2.2571744e+07
0.12345512,0.98717946,0.0,77.0,3.9499965e+08,3.611333e+08,3.3866336e+07
0.1000001,0.99572647,16.0,10.0,3.0999974e+08,2.9974083e+08,1.0258912e+07
0.0,0.9985755,16.0,27.0,6.169999e+08,5.864523e+08,3.0547584e+07
0.33500034,0.991453,25.0,2.0,1.7999987e+08,1.7643555e+08,3.56432e+06
0.24600025,0.9907407,23.0,5.0,3.9499965e+08,3.4428176e+08,5.071789e+07
0.27000028,0.980057,16.0,15.0,1.3999994e+08,1.01168376e+08,3.883156e+07
0.14500014,0.994302,16.0,8.0,1.0400009e+09,9.003085e+08,1.3969242e+08
0.0,0.9985755,16.0,409.0,1.3500004e+09,1.3321847e+09,1.781568e+07
0.047000047,0.99786323,23.0,24.0,1.3799997e+09,1.3332573e+09,4.67424e+07
0.006000006,0.9985755,16.0,24.0,1.5699996e+09,1.5554185e+09,1.458112e+07
0.17000017,0.99358976,21.0,13.0,8.999994e+08,8.242791e+08,7.572032e+07
0.09400009,0.98789173,0.0,77.0,4.199996e+08,3.7698464e+08,4.3014976e+07
0.48000047,0.9900285,16.0,35.0,1.7000003e+08,1.652008e+08,4.799232e+06
0.049000047,0.99786323,16.0,21.0,6.000002e+08,6.3195334e+08,3.1953152e+07
0.1022221,0.99572647,16.0,110.0,4.4300006e+08,3.274225e+08,1.1557757e+08
0.14600015,0.991453,16.0,406.0,9.3000064e+08,8.8064794e+08,4.9352704e+07
0.17500018,0.98789173,23.0,217.0,8.500002e+08,8.6257594e+08,1.2575744e+07
0.02000002,0.9985755,16.0,71.0,8.850007e+08,8.7203155e+08,1.2969152e+07
0.046000045,0.99572647,0.0,187.0,2.9999994e+08,5.160736e+08,2.1607366e+08
0.27000028,0.9900285,8.0,63.0,3.4000022e+08,3.2188304e+08,1.8117184e+07
0.3000003,0.98575497,8.0,34.0,1.5999997e+08,1.7670296e+08,1.6702992e+07
0.0,0.9992877,16.0,14.0,1.9666982e+09,1.9501468e+09,1.6551424e+07
0.45884547,0.98504275,6.0,165.0,2.1000011e+08,2.0712051e+08,2.8796e+06
0.03200003,0.99786323,23.0,37.0,5.8999994e+08,5.4401875e+08,4.5981184e+07
0.35000035,0.98717946,25.0,82.0,1.6199997e+08,1.3741549e+08,2.458448e+07
0.35000035,0.9843305,16.0,7.0,1.1499992e+08,1.2152599e+08,6.526072e+06
0.05000005,0.9985755,16.0,148.0,1.6499997e+09,1.4846465e+09,1.6535322e+08
0.17500018,0.994302,16.0,492.0,5.600003e+08,5.250351e+08,3.4965216e+07
0.4000004,0.98717946,26.0,66.0,1.4499995e+08,1.4689565e+08,1.895696e+06
0.11300011,0.99572647,16.0,1.0,5.3000048e+08,4.3961635e+08,9.038413e+07
0.0,0.9992877,16.0,85.0,7.969995e+08,8.106629e+08,1.3663424e+07
0.1950002,0.99358976,16.0,185.0,6.499996e+08,4.804155e+08,1.6958413e+08
0.2000002,0.98789173,25.0,66.0,1.4499995e+08,1.5549638e+08,1.0496432e+07
0.08500008,0.99501425,16.0,280.0,8.6999974e+08,8.335613e+08,3.6438464e+07
0.4000004,0.98361826,16.0,15.0,9.800003e+07,1.0404507e+08,6.04504e+06
0.049000047,0.99643874,8.0,28.0,6.3000006e+08,6.2801926e+08,1.9808e+06
0.65000063,0.97008544,1.0,521.0,4.0999968e+08,2.5937637e+08,1.5062331e+08
0.107000105,0.99572647,0.0,34.0,3.0999974e+08,3.61258e+08,5.125824e+07
0.16800016,0.9907407,16.0,1.0,3.6599984e+08,3.3599488e+08,3.000496e+07
0.26500025,0.98717946,0.0,33.0,1.27000104e+08,1.3490242e+08,7.902312e+06
0.0,0.9992877,16.0,467.0,6.9999974e+08,6.448663e+08,5.513344e+07
0.11111111,0.98575497,25.0,1.0,2.2700018e+08,2.3755453e+08,1.0554352e+07
0.0017000017,0.9992877,16.0,16.0,4.149996e+08,3.9781302e+08,1.7186592e+07
0.11111111,0.9729345,13.0,521.0,4.5000035e+08,1.9685774e+08,2.5314261e+08
0.04000004,0.9928775,16.0,331.0,2.5499994e+09,2.1479703e+09,4.0202906e+08
0.12000012,0.99501425,23.0,8.0,7.499995e+08,9.291567e+08,1.7915718e+08
0.05900006,0.997151,23.0,274.0,5.749996e+08,4.517866e+08,1.2321302e+08
0.25355026,0.988604,0.0,239.0,3.9799974e+08,3.9653808e+08,1.461664e+06
0.23000023,0.9900285,26.0,58.0,1.8499989e+08,1.7934362e+08,5.656272e+06
0.26000026,0.988604,16.0,122.0,4.9799952e+08,3.7677978e+08,1.2121974e+08
0.09000009,0.99358976,16.0,90.0,3.300001e+09,2.7841318e+09,5.158692e+08
0.053200055,0.98504275,23.0,226.0,1.2000003e+08,1.2057015e+08,570120.0
0.0,0.9992877,25.0,175.0,1.9760006e+09,2.2520584e+09,2.7605773e+08
0.01000001,0.9985755,23.0,51.0,6.9999974e+08,7.0897146e+08,8.971712e+06
0.17597717,0.9843305,15.0,15.0,1.2499992e+08,1.1631179e+08,8.688128e+06
0.5000005,0.98575497,10.0,82.0,1.1499992e+08,1.0005039e+08,1.4949528e+07
0.0018000018,0.9985755,16.0,173.0,6.749999e+08,6.673981e+08,7.601792e+06
0.13000013,0.9907407,25.0,1.0,3.8000006e+08,3.2239302e+08,5.760704e+07
0.01000001,0.9985755,16.0,438.0,4.650001e+08,5.7360845e+08,1.0860835e+08
0.1000001,0.994302,25.0,268.0,2.750001e+09,2.919983e+09,1.699822e+08
0.42000043,0.98646724,25.0,127.0,1.5799994e+08,1.7931557e+08,2.1315632e+07
0.27000028,0.9893162,16.0,1.0,3.0599978e+08,2.906618e+08,1.5337984e+07
0.09200009,0.99572647,16.0,2.0,2.5299995e+08,2.568474e+08,3.84744e+06
0.0,0.9992877,23.0,71.0,9.8199917e+08,8.879343e+08,9.40649e+07
0.21000022,0.99501425,16.0,45.0,2.470002e+08,2.3293403e+08,1.406616e+07
0.3000003,0.9900285,0.0,116.0,1.9500008e+08,2.1170328e+08,1.67032e+07
0.025000025,0.9985755,16.0,572.0,6.7e+08,4.950665e+08,1.749335e+08
0.2000002,0.98646724,25.0,34.0,2.149998e+08,1.8863429e+08,2.636552e+07
0.0,0.9992877,16.0,453.0,6.7900026e+08,6.364641e+08,4.253613e+07
0.08700009,0.99216527,16.0,252.0,1.1000009e+09,1.2794205e+09,1.7941965e+08
0.2890003,0.98504275,6.0,56.0,2.149998e+08,1.6323506e+08,5.176475e+07
0.0,0.99786323,16.0,16.0,3.9000035e+08,3.7265802e+08,1.7342336e+07
0.0,0.99786323,0.0,310.0,6.799995e+08,4.7144342e+08,2.0855606e+08
0.06300006,0.99572647,16.0,138.0,3.2999994e+08,2.690942e+08,6.090573e+07
0.014000014,0.99786323,23.0,85.0,8.799998e+08,8.0016314e+08,7.983667e+07
0.15000015,0.99358976,16.0,106.0,2.4499997e+08,3.4195197e+08,9.6952e+07
0.00013000013,0.994302,23.0,216.0,4.949997e+09,4.5425546e+09,4.0744243e+08
0.4000004,0.98504275,23.0,1.0,1.750001e+08,2.017661e+08,2.6766e+07
0.022000022,0.9985755,16.0,394.0,2.190001e+09,2.2336591e+09,4.365824e+07
0.19000019,0.9900285,16.0,144.0,1.7999996e+09,1.6777938e+09,1.2220582e+08
0.0,0.9992877,16.0,219.0,6.999994e+07,3.1290762e+08,2.4290768e+08
0.03800004,0.997151,16.0,108.0,6.8999955e+08,6.865718e+08,3.427776e+06
0.052000053,0.9985755,16.0,31.0,1.7999996e+09,1.7161047e+09,8.389491e+07
0.3900004,0.988604,16.0,1.0,2.4900013e+08,2.7397014e+08,2.4970016e+07
0.15000015,0.99216527,16.0,38.0,2.2000018e+08,2.1056122e+08,9.43896e+06
0.09000009,0.99501425,16.0,162.0,5.500002e+08,5.2646208e+08,2.3538112e+07
0.2000002,0.99216527,16.0,1.0,3.750003e+08,3.5815347e+08,1.6846816e+07
0.08000008,0.99572647,16.0,155.0,3.2900003e+08,3.170662e+08,1.1933824e+07
0.17200017,0.99358976,21.0,13.0,9.2000064e+08,8.230286e+08,9.697203e+07
0.3000003,0.9907407,25.0,127.0,2.5999997e+08,2.3756858e+08,2.2431392e+07
0.04800005,0.99572647,16.0,46.0,1.8499999e+09,1.6553838e+09,1.9461606e+08
0.0,0.9992877,16.0,105.0,4.3499965e+08,4.1087254e+08,2.4127104e+07
0.06000006,0.99216527,16.0,5.0,4.180001e+08,4.0216698e+08,1.583312e+07
0.06700007,0.99643874,16.0,155.0,3.4999968e+08,3.2930266e+08,2.0697024e+07
0.111224115,0.98504275,30.0,78.0,8.900007e+07,8.769582e+07,1.304248e+06
0.0,0.9992877,16.0,49.0,6.000002e+08,3.5522602e+08,2.4477418e+08
0.06000006,0.997151,16.0,503.0,5.0999987e+08,4.171248e+08,9.287507e+07
0.0,0.9992877,16.0,9.0,3.2699997e+08,3.2507715e+08,1.922816e+06
0.13100013,0.99501425,25.0,34.0,3.8000006e+08,3.2911114e+08,5.088893e+07
0.31500033,0.988604,26.0,243.0,3.9799974e+08,1.1778957e+09,7.7989594e+08
0.11111111,0.9900285,16.0,35.0,7.9999944e+07,1.5543234e+08,7.543239e+07
0.27500027,0.982906,12.0,42.0,1.8499989e+08,1.15819e+08,6.918089e+07
0.11111111,0.9928775,16.0,2.0,1.8499989e+08,2.1275331e+08,2.7753424e+07
0.055000056,0.99786323,16.0,16.0,3.549998e+08,3.524146e+08,2.585216e+06
0.017000018,0.99786323,25.0,103.0,7.9499994e+08,7.9547776e+08,477824.0
0.16000016,0.99216527,26.0,93.0,4.380002e+08,3.7642134e+08,6.157885e+07
0.07500008,0.994302,16.0,29.0,2.7499997e+08,2.9208173e+08,1.708176e+07
0.35000035,0.988604,16.0,38.0,1.1111109e+08,1.4078453e+08,2.967344e+07
0.35000035,0.98717946,25.0,63.0,2.7499997e+08,2.6248488e+08,1.2515088e+07
0.043500043,0.997151,16.0,273.0,5.1499984e+08,5.6419334e+08,4.9193504e+07
0.17000017,0.994302,7.0,402.0,4.3e+09,3.3639135e+09,9.360868e+08
0.0,0.9992877,16.0,173.0,7.0500026e+08,6.6681786e+08,3.81824e+07
0.26000026,0.98789173,1.0,374.0,1.0799992e+09,1.2460602e+09,1.6606093e+08
0.06000006,0.994302,23.0,248.0,1.4200005e+09,1.3178e+09,1.0220058e+08
0.26500025,0.9900285,16.0,57.0,3.3799968e+08,2.8218048e+08,5.58192e+07
0.11000011,0.994302,16.0,36.0,3.1499987e+08,2.7651315e+08,3.848672e+07
0.025000025,0.9985755,16.0,51.0,6.3000006e+08,7.260141e+08,9.601402e+07
0.026800027,0.9985755,25.0,108.0,7.0500026e+08,7.162431e+08,1.1242816e+07
0.03770004,0.99501425,16.0,257.0,3.58e+09,3.1670072e+09,4.1299277e+08
0.0,0.9985755,16.0,104.0,2.630002e+09,2.63797e+09,7.968e+06
0.18000019,0.994302,8.0,64.0,3.750003e+08,3.6517843e+08,9.821856e+06
0.3000003,0.98717946,16.0,128.0,2.569998e+08,2.1123058e+08,4.576923e+07
0.0,0.9992877,16.0,23.0,1.8199986e+09,1.7481403e+09,7.18583e+07
0.25000024,0.991453,15.0,98.0,1.750001e+08,1.4499829e+08,3.0001808e+07
0.17000017,0.99358976,16.0,2.0,2.2500006e+08,2.1392522e+08,1.1074848e+07
0.15800016,0.9928775,26.0,1.0,3.999997e+08,3.6722493e+08,3.2774784e+07
0.02000002,0.9985755,16.0,247.0,4.0499974e+08,3.789795e+08,2.6020256e+07
0.14000013,0.98504275,23.0,15.0,1.1000003e+08,1.1418619e+08,4.18616e+06
0.065000065,0.99501425,16.0,189.0,2.1400001e+09,1.9180387e+09,2.2196147e+08
0.37000036,0.99501425,16.0,58.0,2.4499997e+08,2.3393762e+08,1.1062352e+07
0.3000003,0.9900285,16.0,63.0,3.8000006e+08,3.339555e+08,4.6044576e+07
0.0,0.9992877,16.0,0.0,4.5000035e+08,3.9780394e+08,5.2196416e+07
0.15000015,0.99501425,16.0,192.0,6.650003e+08,5.623454e+08,1.0265491e+08
0.01000001,0.997151,8.0,34.0,4.5000035e+08,3.950878e+08,5.4912544e+07
0.02000002,0.9985755,23.0,88.0,1.5499988e+09,1.3497018e+09,2.0029709e+08
0.015000015,0.9985755,16.0,191.0,8.850007e+08,8.8216774e+08,2.83296e+06
0.16000016,0.9928775,23.0,185.0,5.200002e+08,4.6322874e+08,5.6771456e+07
0.21500021,0.99358976,16.0,138.0,2.2799994e+08,2.2197066e+08,6.02928e+06
0.1000001,0.994302,16.0,28.0,5.500002e+08,5.54956e+08,4.95584e+06
0.4000004,0.9893162,16.0,57.0,2.5999997e+08,2.7047325e+08,1.047328e+07
0.16000016,0.9928775,16.0,98.0,4.28e+08,1.7517376e+08,2.5282624e+08
0.3000003,0.9907407,8.0,1.0,3.1499987e+08,2.9629622e+08,1.8703648e+07
0.002000002,0.9985755,25.0,36.0,4.199996e+08,3.7631366e+08,4.368595e+07
0.5000005,0.98504275,25.0,220.0,1.3999994e+08,1.4043347e+08,433536.0
0.077000074,0.994302,16.0,290.0,9.400004e+09,6.9343677e+09,2.4656358e+09
0.3900004,0.98646724,23.0,5.0,2.2999995e+08,2.5427032e+08,2.4270368e+07
0.21800022,0.9928775,16.0,1.0,3.9499965e+08,3.6507046e+08,2.9929184e+07
0.056000058,0.997151,16.0,29.0,3.6500016e+08,3.326903e+08,3.2309856e+07
0.32000032,0.988604,25.0,114.0,7.9999944e+07,1.391661e+08,5.916615e+07
0.0,0.9992877,19.0,191.0,8.5799955e+08,9.262512e+08,6.825165e+07
0.5000005,0.98504275,16.0,82.0,1.5999997e+08,1.1760654e+08,4.2393424e+07
0.16700016,0.9893162,16.0,132.0,1.6899985e+09,1.3191831e+09,3.7081536e+08
0.001000001,0.9985755,16.0,3.0,6.9999974e+08,6.486336e+08,5.1366144e+07
0.0,0.9992877,23.0,195.0,2.808999e+09,2.5894597e+09,2.195392e+08
0.0,0.9992877,16.0,0.0,4.180001e+08,3.9780394e+08,2.019616e+07
0.0,0.9992877,16.0,181.0,8.550002e+08,8.3957997e+08,1.5420224e+07
0.12000012,0.994302,16.0,1.0,4.249999e+08,4.1187846e+08,1.312144e+07
0.107000105,0.99643874,8.0,137.0,6.000002e+08,5.445794e+08,5.54208e+07
0.052000053,0.99786323,16.0,155.0,3.8499968e+08,3.496554e+08,3.534429e+07
0.09200009,0.99572647,23.0,42.0,5.0999987e+08,4.3669635e+08,7.330352e+07
0.03000003,0.99643874,16.0,51.0,6.799995e+08,6.617662e+08,1.823328e+07
0.33000034,0.9900285,25.0,89.0,2.420002e+08,2.3948208e+08,2.518112e+06
0.03000003,0.99786323,16.0,28.0,7.3499955e+08,6.7785504e+08,5.714451e+07
0.18500018,0.991453,16.0,42.0,3.8499968e+08,3.3412368e+08,5.0876e+07
0.0,0.9992877,16.0,16.0,4.149996e+08,3.9852768e+08,1.6471936e+07
0.11800012,0.99216527,23.0,90.0,2.3000005e+09,2.6318484e+09,3.3184794e+08
0.33000034,0.988604,8.0,5.0,3.169997e+08,2.972245e+08,1.97752e+07
0.2000002,0.9900285,25.0,35.0,1.8700005e+08,1.6353797e+08,2.346208e+07
0.0,0.9992877,2.0,106.0,7.9999944e+07,6.839274e+07,1.1607208e+07
0.0011110011,0.9900285,0.0,77.0,3.8000006e+08,4.080135e+08,2.801344e+07
0.03800004,0.997151,23.0,107.0,1.4599992e+09,1.2919933e+09,1.6800589e+08
0.15900016,0.99572647,8.0,5.0,5.800004e+08,4.7326874e+08,1.0673165e+08
0.062000062,0.997151,23.0,5.0,7.0500026e+08,5.270056e+08,1.7799466e+08
0.23000023,0.9843305,16.0,7.0,9.499993e+07,1.2132959e+08,2.6329664e+07
0.0,0.9992877,16.0,191.0,8.588002e+08,8.5266157e+08,6.138624e+06
0.083000086,0.99216527,16.0,126.0,6.5e+09,5.868957e+09,6.3104256e+08
0.025000025,0.997151,16.0,99.0,6.3000006e+08,5.3392506e+08,9.607501e+07
0.0,0.9992877,23.0,86.0,8.0500045e+08,7.2809005e+08,7.69104e+07
0.25000024,0.98717946,16.0,5.0,2.87e+08,2.8577805e+08,1.221952e+06
0.15000015,0.9928775,25.0,58.0,2.180002e+08,2.0869003e+08,9.31016e+06
5.000005e-05,0.9992877,23.0,103.0,8.779997e+08,8.6353894e+08,1.4460736e+07
0.2900003,0.99216527,16.0,74.0,2.0000014e+08,2.0827251e+08,8.272368e+06
0.0055000056,0.9893162,25.0,82.0,2.0500013e+08,1.5336445e+08,5.163568e+07
0.03000003,0.99786323,16.0,23.0,1.6499997e+09,1.5903494e+09,5.9650304e+07
0.25000024,0.98646724,8.0,11.0,2.4000018e+08,2.1577832e+08,2.4221856e+07
0.16800016,0.994302,16.0,1.0,3.750003e+08,3.9922458e+08,2.4224288e+07
0.0,0.9992877,16.0,36.0,4.699997e+08,4.0440538e+08,6.5594336e+07
0.0045000045,0.9992877,16.0,105.0,4.199996e+08,4.1353782e+08,6.461792e+06
0.015000015,0.99786323,16.0,3.0,6.199998e+08,6.301022e+08,1.01024e+07
0.05900006,0.997151,16.0,5.0,4.7999965e+08,5.3452726e+08,5.4527616e+07
0.26800027,0.9907407,16.0,5.0,3.4800003e+08,3.400891e+08,7.910944e+06
0.31500033,0.9900285,16.0,5.0,3.4999968e+08,3.18952e+08,3.104768e+07
0.5000005,0.988604,16.0,128.0,2.2999995e+08,2.3133832e+08,1.338368e+06
0.27000028,0.994302,16.0,1.0,3.8499968e+08,3.7990224e+08,5.09744e+06
0.3000003,0.982906,6.0,1.0,1.8999994e+08,1.8733205e+08,2.667888e+06
0.115000114,0.99216527,25.0,106.0,5.0000013e+08,2.8514157e+08,2.1485856e+08
0.2890003,0.991453,16.0,169.0,3.250003e+08,3.436808e+08,1.8680512e+07
0.0,0.9992877,16.0,22.0,5.800004e+08,3.0853686e+08,2.7146352e+08
0.14200014,0.991453,23.0,115.0,2.250002e+09,2.374115e+09,1.2411315e+08
0.16400017,0.9928775,16.0,245.0,4.340002e+08,3.5956624e+08,7.443395e+07
0.2900003,0.98717946,16.0,15.0,1.7999987e+08,1.3585523e+08,4.414464e+07
0.33500034,0.988604,26.0,1.0,2.850002e+08,2.7155568e+08,1.3444512e+07
0.14000013,0.9907407,16.0,5.0,2.4999995e+08,3.7343645e+08,1.234365e+08
0.01000001,0.9900285,0.0,77.0,4.5000035e+08,4.1006147e+08,3.993888e+07
9.000009e-06,0.9992877,16.0,0.0,4.249999e+08,3.9780394e+08,2.7195968e+07
0.0018000018,0.9985755,16.0,469.0,6.499996e+08,6.019959e+08,4.800371e+07
0.42000043,0.98717946,16.0,114.0,6.999994e+07,1.213819e+08,5.138197e+07
0.07600008,0.99643874,23.0,5.0,4.9000016e+08,5.0742762e+08,1.7427456e+07
0.4000004,0.98646724,25.0,34.0,1.7999987e+08,1.6554398e+08,1.4455888e+07
0.39400038,0.98504275,25.0,1.0,2.0000014e+08,2.0738299e+08,7.382848e+06
0.2000002,0.99216527,23.0,246.0,3.4999968e+08,8.165848e+08,4.6658515e+08
0.29500028,0.98789173,16.0,109.0,3.2999994e+08,2.8995248e+08,4.0047456e+07
0.12500012,0.99572647,16.0,1.0,3.6999997e+08,4.3681382e+08,6.6813856e+07
0.18000019,0.994302,8.0,64.0,3.750003e+08,3.6517843e+08,9.821856e+06
0.001000001,0.99643874,23.0,16.0,3.3499984e+08,3.449463e+08,9.946464e+06
0.01900002,0.99643874,16.0,16.0,3.4999968e+08,3.4117994e+08,8.819744e+06
0.046000045,0.997151,16.0,0.0,3.4999968e+08,3.5897965e+08,8.979968e+06
0.05000005,0.99786323,25.0,22.0,5.0999987e+08,4.8685418e+08,2.3145696e+07
0.062000062,0.99572647,16.0,58.0,2.850002e+08,2.6527622e+08,1.9723968e+07
0.058000058,0.997151,25.0,22.0,5.050003e+08,4.69472e+08,3.552829e+07
0.0047800047,0.9992877,16.0,0.0,4.0999968e+08,3.9735578e+08,1.2643904e+07
0.46000046,0.98646724,25.0,34.0,1.9700011e+08,1.6779338e+08,2.9206736e+07
0.06600007,0.99643874,16.0,51.0,5.949994e+08,6.36503e+08,4.150355e+07
0.0,0.9992877,16.0,502.0,1.9666982e+09,1.495064e+09,4.7163418e+08
0.0990001,0.99572647,16.0,139.0,1.2749992e+09,1.1700741e+09,1.0492506e+08
0.044000044,0.99643874,23.0,192.0,7.149996e+08,6.706904e+08,4.4309184e+07
0.0,0.99358976,16.0,193.0,2.4999995e+08,2.4537502e+08,4.624928e+06
0.05000005,0.98646724,25.0,82.0,1.2000003e+08,1.2922342e+08,9.223392e+06
0.33000034,0.98717946,23.0,15.0,1.550001e+08,1.280289e+08,2.69712e+07
0.12000012,0.994302,16.0,43.0,5.8999994e+08,6.0002534e+08,1.0025408e+07
0.26800027,0.99216527,16.0,57.0,3.2000006e+08,3.1282288e+08,7.177184e+06
0.0,0.9992877,16.0,0.0,4.399997e+08,3.9780394e+08,4.2195776e+07
0.1950002,0.9900285,8.0,18.0,4.199996e+08,4.0837165e+08,1.1627968e+07
0.1950002,0.9907407,16.0,115.0,2.0900005e+09,1.9220891e+09,1.6791142e+08
0.021500021,0.9985755,16.0,488.0,3.9000035e+08,3.5912208e+08,3.0878272e+07
0.074000075,0.99572647,16.0,58.0,2.6500011e+08,2.6090858e+08,4.091536e+06
0.02000002,0.99501425,16.0,189.0,2.4599982e+09,2.1224193e+09,3.3757888e+08
0.28000027,0.9893162,25.0,1.0,2.850002e+08,2.773546e+08,7.6456e+06
0.5000005,0.98717946,26.0,5.0,2.4999995e+08,2.6758384e+08,1.7583888e+07
0.014000014,0.99786323,16.0,352.0,3.6999997e+08,3.7512477e+08,5.1248e+06
0.016500017,0.9985755,16.0,143.0,3.8000006e+08,3.594613e+08,2.0538752e+07
0.42800042,0.98646724,6.0,15.0,1.4499995e+08,1.2930257e+08,1.5697384e+07
0.12500012,0.994302,16.0,160.0,4.699997e+08,5.712251e+08,1.0122538e+08
0.053200055,0.98504275,23.0,226.0,1.2000003e+08,1.2057015e+08,570120.0
0.03770004,0.99501425,16.0,257.0,3.58e+09,3.1670072e+09,4.1299277e+08
0.0,0.9992877,16.0,191.0,8.5799955e+08,8.5266157e+08,5.337984e+06
0.124000125,0.99501425,16.0,29.0,2.8e+08,2.8977222e+08,9.772224e+06
0.12000012,0.99572647,16.0,58.0,2.9000003e+08,2.4783736e+08,4.216267e+07
0.017000018,0.9985755,16.0,16.0,3.8000006e+08,3.7578576e+08,4.214304e+06
0.0,0.9992877,16.0,22.0,9.000006e+07,3.0853686e+08,2.185368e+08
0.06525806,0.9843305,1.0,34.0,1.069999e+08,1.3064173e+08,2.3641824e+07
0.27500027,0.99216527,16.0,289.0,5.500002e+08,6.4377376e+08,9.377357e+07
0.003000003,0.9985755,0.0,187.0,6.150001e+08,5.900742e+08,2.4925952e+07
0.3000003,0.9928775,16.0,36.0,2.2500006e+08,2.177629e+08,7.237168e+06
0.065000065,0.988604,7.0,126.0,6.200001e+09,4.4457047e+09,1.7542963e+09
0.0011060011,0.9985755,23.0,14.0,2.1299988e+09,1.9016609e+09,2.2833792e+08
0.08500008,0.99501425,16.0,280.0,8.6999974e+08,8.335613e+08,3.6438464e+07
0.2000002,0.98717946,25.0,167.0,1.1000009e+09,8.183685e+08,2.816324e+08
0.13200013,0.99572647,16.0,35.0,2.7000006e+08,2.5355357e+08,1.6446496e+07
0.022000022,0.9985755,16.0,286.0,5.949994e+08,5.887566e+08,6.242816e+06
0.12000012,0.994302,16.0,1.0,4.249999e+08,4.1187846e+08,1.312144e+07
0.2040002,0.991453,25.0,35.0,1.7999987e+08,1.7865874e+08,1.341136e+06
0.48000047,0.9900285,16.0,35.0,1.7000003e+08,1.652008e+08,4.799232e+06
0.0,0.9992877,16.0,484.0,2.4999995e+08,2.3142482e+08,1.8575136e+07
0.18000019,0.9900285,16.0,93.0,3.9000035e+08,3.3798614e+08,5.201421e+07
0.15100016,0.9907407,1.0,69.0,1.7999987e+08,1.8541638e+08,5.416512e+06
0.053200055,0.98504275,23.0,226.0,1.2000003e+08,1.2057015e+08,570120.0
0.14000013,0.99501425,16.0,180.0,5.500002e+08,5.534909e+08,3.490688e+06
0.4780005,0.98717946,25.0,114.0,9.900008e+07,1.296394e+08,3.063932e+07
0.2000002,0.98361826,0.0,17.0,3.0999974e+08,2.794084e+08,3.059136e+07
0.9300009,0.99501425,23.0,296.0,4.7499965e+08,4.4324858e+08,3.1751072e+07
0.23000023,0.988604,8.0,1.0,2.87e+08,2.7727843e+08,9.721568e+06
0.11111111,0.98361826,23.0,34.0,1.8200011e+08,1.3822672e+08,4.377339e+07
0.12200012,0.99501425,16.0,1.0,4.249999e+08,4.2438752e+08,612384.0
0.16000016,0.9893162,16.0,374.0,1.0101007e+08,1.8786458e+09,1.7776357e+09
0.17845318,0.98504275,16.0,145.0,1.00000024e+08,1.0622657e+08,6.226544e+06
0.05000005,0.99786323,23.0,16.0,3.6799974e+08,3.5854374e+08,9.456e+06
0.13800013,0.99572647,16.0,11.0,4.149996e+08,3.934597e+08,2.1539904e+07
0.3000003,0.98361826,16.0,145.0,1.0800008e+08,1.0249259e+08,5.507488e+06
0.20600021,0.99216527,16.0,5.0,1.1111109e+08,3.787208e+08,2.6760971e+08
0.08000008,0.9729345,19.0,106.0,3.8000006e+08,1.18274424e+08,2.6172563e+08
0.083000086,0.994302,16.0,155.0,3.3600003e+08,2.9446294e+08,4.153709e+07
0.27000028,0.9893162,16.0,15.0,1.750001e+08,1.5323258e+08,2.176752e+07
0.22500022,0.9900285,25.0,34.0,2.850002e+08,2.2904472e+08,5.595547e+07
0.12500012,0.99216527,16.0,106.0,4.8499958e+08,3.1680022e+08,1.6819936e+08
0.19513519,0.9907407,16.0,18.0,3.5999994e+08,4.3990992e+08,7.990998e+07
0.16500017,0.99358976,25.0,267.0,9.8999936e+08,8.54397e+08,1.3560237e+08
0.08500008,0.99501425,16.0,10.0,3.2000006e+08,2.9305885e+08,2.6941216e+07
0.0,0.9992877,16.0,0.0,4.3499965e+08,3.9780394e+08,3.719571e+07
0.0970001,0.994302,16.0,18.0,6.150001e+08,6.1068685e+08,4.31328e+06
0.05000005,0.9985755,16.0,148.0,1.6499997e+09,1.4846465e+09,1.6535322e+08
0.26000026,0.991453,16.0,185.0,3.8499968e+08,3.9815312e+08,1.315344e+07
0.17000017,0.99501425,16.0,349.0,6.749999e+08,6.162119e+08,5.878797e+07
0.19000019,0.99358976,16.0,63.0,4.650001e+08,4.1547245e+08,4.952765e+07
0.36000037,0.9821937,0.0,187.0,2.5999997e+08,2.7443302e+08,1.4433056e+07
0.043000042,0.9985755,23.0,14.0,1.8299992e+09,1.75944e+09,7.055923e+07
0.112000115,0.99572647,16.0,29.0,2.9900026e+08,3.0168867e+08,2.688416e+06
0.035000034,0.99572647,16.0,42.0,6.000002e+08,4.7053968e+08,1.2946051e+08
0.03000003,0.99786323,16.0,29.0,3.579998e+08,3.4582707e+08,1.2172736e+07
0.0,0.99358976,16.0,193.0,2.4999995e+08,2.4537502e+08,4.624928e+06
0.18400018,0.99358976,25.0,53.0,3.6999997e+08,3.0369434e+08,6.630563e+07
0.0,0.9992877,16.0,321.0,3.4000022e+08,3.2678736e+08,1.3212864e+07
0.17600018,0.99358976,0.0,509.0,6.199998e+08,6.7750995e+08,5.7510144e+07
0.24200024,0.9907407,26.0,495.0,4.5000035e+08,4.818829e+08,3.188256e+07
0.04200004,0.99501425,16.0,43.0,6.9999974e+08,6.714866e+08,2.8513152e+07
0.3000003,0.98361826,16.0,145.0,9.499993e+07,1.0249259e+08,7.492664e+06
0.13000013,0.99501425,16.0,163.0,1.9999987e+09,2.1510533e+09,1.510546e+08
0.18000019,0.991453,16.0,112.0,1.9300011e+08,1.7196294e+08,2.1037168e+07
0.26500025,0.98575497,16.0,106.0,3.0300003e+08,1.6342446e+08,1.3957557e+08
0.37600037,0.99501425,10.0,566.0,3.4000022e+08,2.3087416e+08,1.0912606e+08
0.053200055,0.98504275,23.0,226.0,1.2000003e+08,1.2057015e+08,570120.0
0.32000032,0.98504275,16.0,38.0,1.5999997e+08,1.2868257e+08,3.13174e+07
0.2850003,0.99216527,23.0,18.0,4.5000035e+08,4.491643e+08,836064.0
0.19700019,0.9928775,16.0,1.0,3.9000035e+08,3.7062506e+08,1.9375296e+07
0.3980004,0.98789173,23.0,66.0,1.4899989e+08,1.424522e+08,6.547696e+06
0.095000096,0.997151,16.0,28.0,6.799995e+08,6.220573e+08,5.794221e+07
0.05000005,0.99643874,16.0,325.0,8.099999e+08,8.5048346e+08,4.0483584e+07
0.15000015,0.991453,16.0,334.0,3.4999968e+08,7.842527e+08,4.34253e+08
0.11300011,0.99572647,16.0,8.0,1.2499997e+09,9.683267e+08,2.8167302e+08
0.06600007,0.98646724,16.0,82.0,1.369999e+08,1.2434527e+08,1.2654632e+07
0.16000016,0.9893162,23.0,46.0,9.8999936e+08,1.0406061e+09,5.060672e+07
0.3000003,0.98717946,16.0,5.0,2.7000006e+08,2.777315e+08,7.731424e+06
0.017000018,0.9985755,23.0,103.0,8.299996e+08,8.325238e+08,2.52416e+06
0.124000125,0.991453,16.0,2.0,2.350002e+08,1.9251627e+08,4.248392e+07
0.15500015,0.99358976,16.0,172.0,7.3000064e+08,7.053244e+08,2.4676224e+07
0.06450006,0.997151,23.0,192.0,6.600002e+08,6.8286803e+08,2.286784e+07
0.4000004,0.98789173,26.0,7.0,1.4800005e+08,1.3441083e+08,1.3589216e+07
0.0,0.9992877,16.0,509.0,1.6200005e+09,1.5230721e+09,9.692838e+07
0.22000022,0.98646724,16.0,98.0,1.2499992e+08,1.2043431e+08,4.565608e+06
0.023000022,0.99786323,23.0,71.0,8.6999974e+08,8.373922e+08,3.2607552e+07
0.16700016,0.99501425,16.0,62.0,2.949998e+08,2.944978e+08,502016.0
0.006900007,0.9985755,16.0,0.0,4.0999968e+08,3.893864e+08,2.061328e+07
0.15500015,0.99216527,23.0,93.0,3.8000006e+08,3.6215555e+08,1.7844512e+07
0.38000038,0.98361826,23.0,1.0,1.8499989e+08,1.8760309e+08,2.6032e+06
0.107000105,0.99501425,16.0,8.0,8.099999e+08,9.562206e+08,1.4622074e+08
0.07200007,0.99643874,16.0,168.0,3.4999968e+08,3.3056627e+08,1.9433408e+07
0.02970003,0.99786323,16.0,0.0,3.689999e+08,3.7204938e+08,3.049472e+06
0.0,0.9992877,7.0,470.0,1.474999e+09,1.4143809e+09,6.061811e+07
0.03000003,0.99786323,16.0,16.0,3.750003e+08,3.588215e+08,1.6178784e+07
0.0,0.9992877,16.0,142.0,1.6139987e+09,1.805491e+09,1.9149222e+08
0.11111111,0.9992877,16.0,0.0,3.999997e+08,3.6345373e+08,3.6545984e+07
0.006000006,0.99786323,16.0,118.0,6.3000006e+08,6.8094694e+08,5.094688e+07
0.0,0.9985755,16.0,106.0,3.5030022e+08,3.833722e+08,3.3071968e+07
0.23000023,0.98789173,25.0,127.0,2.2000018e+08,2.1800893e+08,1.991248e+06
0.0,0.9992877,16.0,253.0,5.500002e+08,4.5438954e+08,9.561066e+07
0.25600025,0.98717946,23.0,87.0,1.8200011e+08,1.3960024e+08,4.239987e+07
0.22500022,0.98575497,0.0,5.0,2.549998e+08,2.7328176e+08,1.8281952e+07
0.0,0.9985755,16.0,170.0,4.0499974e+08,3.911267e+08,1.3873056e+07
0.4100004,0.98504275,26.0,15.0,1.1000003e+08,1.1434616e+08,4.346128e+06
0.3000003,0.98575497,30.0,308.0,1.069999e+08,1.1331379e+08,6.313888e+06
0.32000032,0.9893162,16.0,45.0,1.8499989e+08,1.744542e+08,1.054568e+07
0.3000003,0.9900285,26.0,1.0,3.3499984e+08,2.9183504e+08,4.31648e+07
0.115000114,0.99501425,23.0,84.0,3.8800023e+09,3.3871427e+09,4.9285965e+08
0.3000003,0.98789173,25.0,15.0,1.4100005e+08,1.4478274e+08,3.782688e+06
0.22000022,0.99358976,16.0,63.0,4.399997e+08,4.093769e+08,3.0622816e+07
0.39400038,0.98504275,25.0,1.0,2.0000014e+08,2.0738299e+08,7.382848e+06
0.3000003,0.988604,26.0,15.0,1.5799994e+08,1.511014e+08,6.898528e+06
0.2000002,0.98789173,23.0,66.0,1.6699995e+08,1.4965982e+08,1.7340128e+07
0.018000018,0.99786323,16.0,157.0,4.600001e+08,4.6264333e+08,2.643232e+06
0.48000047,0.98575497,25.0,106.0,1.550001e+08,1.5600557e+08,1.005472e+06
8.400009e-05,0.9992877,16.0,86.0,7.849994e+08,7.437486e+08,4.1250816e+07
0.28000027,0.99216527,16.0,183.0,4.0999968e+08,3.7509686e+08,3.4902816e+07
0.4000004,0.98646724,25.0,7.0,1.3200004e+08,1.2411969e+08,7.880352e+06
0.11000011,0.994302,16.0,46.0,1.5800001e+09,1.3923786e+09,1.876215e+08
0.10900011,0.99501425,16.0,58.0,2.7000006e+08,2.4062813e+08,2.9371936e+07
0.1920002,0.9900285,16.0,35.0,1.7999987e+08,1.6494074e+08,1.5059136e+07
0.5000005,0.98504275,25.0,220.0,1.3999994e+08,1.4043347e+08,433536.0
0.05100005,0.9807692,30.0,80.0,9.499993e+07,1.0057234e+08,5.572408e+06
0.055555057,0.9793447,16.0,87.0,1.2499992e+08,9.140429e+07,3.359563e+07
0.086000085,0.994302,26.0,107.0,1.1800004e+09,1.04657555e+09,1.3342483e+08
5.000005e-05,0.9992877,16.0,105.0,4.1599974e+08,4.1091408e+08,5.085664e+06
0.42000043,0.9900285,16.0,1.0,2.2999995e+08,2.9114618e+08,6.1146224e+07
0.03000003,0.99786323,16.0,29.0,3.579998e+08,3.4582707e+08,1.2172736e+07
0.14000013,0.99358976,16.0,5.0,4.28e+08,4.308257e+08,2.825696e+06
0.03200003,0.99786323,23.0,37.0,5.8999994e+08,5.4401875e+08,4.5981184e+07
0.35000035,0.9643875,17.0,106.0,3.6500016e+08,1.2754022e+08,2.3745994e+08
0.0065000067,0.997151,23.0,123.0,3.6500016e+08,3.7034096e+08,5.3408e+06
0.0034000033,0.9985755,16.0,157.0,5.559996e+08,4.7917456e+08,7.682506e+07
0.015000015,0.9985755,16.0,234.0,5.7900006e+08,5.8762125e+08,8.621184e+06
0.25000024,0.98504275,23.0,1.0,1.1111109e+08,2.1632186e+08,1.0521077e+08
0.26000026,0.988604,12.0,264.0,3.999997e+08,3.251088e+08,7.489091e+07
0.06000006,0.99358976,16.0,45.0,2.9999994e+08,2.4893126e+08,5.106867e+07
0.11111111,0.9893162,0.0,114.0,1.3599989e+08,1.8003318e+08,4.4033296e+07
0.07200007,0.99643874,16.0,168.0,3.4999968e+08,3.3056627e+08,1.9433408e+07
0.28000027,0.98504275,25.0,106.0,1.7999987e+08,1.5782042e+08,2.2179456e+07
0.16000016,0.994302,16.0,179.0,4.650001e+08,4.8736704e+08,2.2366944e+07
0.23500024,0.9907407,16.0,106.0,2.5999997e+08,2.5957086e+08,429104.0
0.18000019,0.98575497,6.0,111.0,1.3999994e+08,1.7420749e+08,3.420755e+07
0.0,0.9985755,23.0,544.0,9.4999974e+08,8.1523866e+08,1.3476109e+08
0.12700012,0.99358976,16.0,425.0,9.599998e+08,8.8778016e+08,7.221965e+07
0.2000002,0.9900285,13.0,96.0,6.9999974e+08,7.2136794e+08,2.1368192e+07
0.16800016,0.99216527,16.0,44.0,2.0999982e+09,1.9068948e+09,1.9310336e+08
0.082000084,0.99216527,26.0,34.0,3.2999994e+08,2.9124448e+08,3.8755456e+07
0.3000003,0.98717946,16.0,35.0,1.4800005e+08,1.404632e+08,7.536848e+06
0.19000019,0.99358976,8.0,129.0,5.0999987e+08,4.3894605e+08,7.105382e+07
0.18000019,0.99501425,16.0,120.0,4.950004e+08,4.2119414e+08,7.380624e+07
0.12500012,0.99216527,16.0,57.0,3.4000022e+08,3.2931082e+08,1.0689408e+07
0.06000006,0.99786323,16.0,28.0,6.650003e+08,6.583243e+08,6.676032e+06
0.0,0.99358976,16.0,193.0,2.4999995e+08,2.4537502e+08,4.624928e+06
0.27000028,0.98504275,16.0,15.0,1.4899989e+08,1.2048693e+08,2.851296e+07
0.18000019,0.99216527,16.0,115.0,2.250002e+09,2.1768243e+09,7.31776e+07
0.32800034,0.98789173,25.0,56.0,2.4999995e+08,1.8613427e+08,6.386568e+07
0.2000002,0.98717946,25.0,82.0,1.4299992e+08,1.4156757e+08,1.432352e+06
0.11000011,0.991453,8.0,11.0,2.850002e+08,3.0864573e+08,2.3645536e+07
0.07000007,0.99643874,16.0,42.0,4.9399968e+08,4.6952483e+08,2.4474848e+07
0.4900005,0.98646724,25.0,487.0,2.4999995e+08,2.2221466e+08,2.7785296e+07
0.13300014,0.99358976,16.0,11.0,3.8000006e+08,3.5423347e+08,2.5766592e+07
0.0,0.9992877,2.0,106.0,7.9999944e+07,6.839274e+07,1.1607208e+07
0.14300014,0.9907407,16.0,5.0,5.200002e+08,3.7305485e+08,1.4694534e+08
0.03000003,0.9985755,16.0,37.0,6.050002e+08,5.9983085e+08,5.169344e+06
0.34000033,0.9893162,26.0,7.0,1.7999987e+08,1.5280733e+08,2.7192544e+07
0.24000023,0.9900285,16.0,1.0,2.7000006e+08,3.071318e+08,3.7131744e+07
0.01900002,0.9985755,16.0,16.0,3.8499968e+08,3.7462496e+08,1.037472e+07
0.056522056,0.99501425,23.0,43.0,7.149996e+08,6.421268e+08,7.287283e+07
0.001000001,0.98575497,23.0,15.0,1.00000024e+08,1.0236892e+08,2.368896e+06
0.022000022,0.9985755,16.0,9.0,3.250003e+08,3.140646e+08,1.093568e+07
0.14300014,0.9900285,16.0,498.0,1.7299989e+08,1.7780918e+08,4.809296e+06
0.0,0.9992877,16.0,324.0,2.2000018e+08,2.0812398e+08,1.1876192e+07
0.25000024,0.98717946,25.0,127.0,2.1000011e+08,2.1076776e+08,767648.0
0.035000034,0.99786323,23.0,5.0,6.8999955e+08,5.4356134e+08,1.464382e+08
0.23000023,0.9893162,21.0,563.0,7.999998e+08,5.913699e+08,2.0862989e+08
0.3000003,0.98717946,23.0,80.0,3.0999974e+08,2.1736328e+08,9.263646e+07
0.0,0.9992877,16.0,22.0,1.1111102e+07,3.0853686e+08,2.9742576e+08
0.18000019,0.99358976,16.0,5.0,4.199996e+08,4.1127555e+08,8.724064e+06
0.0,0.9985755,23.0,312.0,1.4500003e+09,1.3979508e+09,5.204941e+07
0.15000015,0.991453,16.0,1.0,4.0999968e+08,3.537811e+08,5.621859e+07
0.103000104,0.99572647,16.0,89.0,5.3000048e+08,3.9573792e+08,1.3426256e+08
0.0,0.9985755,16.0,352.0,3.9499965e+08,3.9606035e+08,1.060704e+06
0.33000034,0.98575497,0.0,1.0,2.4000018e+08,2.3533974e+08,4.660432e+06
0.0,0.9992877,16.0,364.0,1.1450008e+09,1.0616282e+09,8.337261e+07
0.069000065,0.99643874,16.0,5.0,5.6499994e+08,5.151698e+08,4.9830144e+07
0.1060001,0.99501425,16.0,43.0,6.249996e+08,6.252917e+08,292096.0
0.02100002,0.994302,16.0,61.0,7.0500026e+08,6.9479475e+08,1.0205504e+07
0.16000016,0.9928775,23.0,359.0,5.680005e+08,1.7107254e+09,1.1427249e+09
0.3965424,0.98504275,6.0,1.0,1.9300011e+08,2.1122493e+08,1.8224816e+07
0.2000002,0.98504275,16.0,145.0,1.00000024e+08,1.0731384e+08,7.313816e+06
0.022000022,0.9985755,16.0,286.0,5.949994e+08,5.887566e+08,6.242816e+06
0.16500017,0.994302,16.0,493.0,4.5000035e+08,4.7460298e+08,2.4602624e+07
0.14000013,0.9900285,0.0,98.0,1.3599989e+08,1.6308848e+08,2.7088592e+07
0.0,0.9992877,23.0,23.0,1.8499999e+09,1.7243072e+09,1.2569267e+08
0.17000017,0.99358976,16.0,42.0,4.399997e+08,3.7897875e+08,6.102096e+07
0.2000002,0.98504275,6.0,1.0,2.1000011e+08,2.1507651e+08,5.0764e+06
0.0019000019,0.9985755,16.0,37.0,6.150001e+08,6.19221e+08,4.220864e+06
0.04800005,0.9985755,23.0,22.0,5.620002e+08,5.477076e+08,1.4292608e+07
0.3000003,0.9821937,16.0,12.0,1.00000024e+08,1.0200639e+08,2.006368e+06
0.0,0.9992877,16.0,540.0,7.0999994e+08,7.0771635e+08,2.283584e+06
0.05000005,0.98361826,16.0,82.0,9.300002e+07,1.0415547e+08,1.1155456e+07
0.06600007,0.99643874,16.0,22.0,4.9799952e+08,4.463596e+08,5.1639904e+07
0.029000029,0.99786323,16.0,16.0,3.5999994e+08,3.5913306e+08,866880.0
0.3000003,0.9893162,16.0,238.0,1.3499997e+08,1.3574048e+08,740512.0
0.0970001,0.99501425,16.0,196.0,9.699996e+08,9.4954323e+08,2.0456384e+07
0.15000015,0.99358976,16.0,202.0,2.9000003e+08,2.7898662e+08,1.1013408e+07
0.34567836,0.9843305,26.0,15.0,1.1000003e+08,1.19912856e+08,9.912824e+06
0.17000017,0.9900285,25.0,18.0,3.2000006e+08,4.108028e+08,9.080275e+07
0.2020002,0.98789173,21.0,1.0,2.5999997e+08,2.784449e+08,1.8444928e+07
0.08800009,0.99501425,16.0,307.0,6.2699955e+08,6.128619e+08,1.4137664e+07
0.4000004,0.98361826,15.0,82.0,8.4999976e+07,9.896326e+07,1.3963288e+07
0.28000027,0.9900285,16.0,69.0,1.6499989e+08,1.704676e+08,5.467712e+06
0.17597717,0.9843305,15.0,15.0,1.2499992e+08,1.1631179e+08,8.688128e+06
0.011400011,0.99786323,16.0,37.0,5.8999994e+08,6.05559e+08,1.555904e+07
0.18000019,0.99358976,16.0,45.0,2.4499997e+08,2.2309203e+08,2.1907936e+07
0.077000074,0.994302,16.0,189.0,1.8700014e+09,1.8510093e+09,1.8992128e+07
0.15400015,0.99358976,16.0,58.0,2.620002e+08,2.171652e+08,4.483499e+07
0.0003000003,0.997151,16.0,28.0,6.9999974e+08,6.8598803e+08,1.4011712e+07
0.25000024,0.9928775,16.0,1.0,3.7799984e+08,3.5365693e+08,2.4342912e+07
0.2000002,0.98504275,30.0,68.0,9.000006e+07,8.619506e+07,3.805008e+06
0.011111011,0.9893162,16.0,1.0,2.470002e+08,3.0764365e+08,6.0643456e+07
0.0,0.9992877,23.0,71.0,9.8199917e+08,8.879343e+08,9.40649e+07
0.12500012,0.994302,23.0,251.0,8.6999974e+08,8.098964e+08,6.010336e+07
0.5000005,0.98575497,23.0,15.0,1.27000104e+08,1.155767e+08,1.14234e+07
0.23000023,0.988604,25.0,34.0,2.2000018e+08,2.1199907e+08,8.001104e+06
0.15000015,0.99501425,16.0,63.0,4.479998e+08,4.5729088e+08,9.291072e+06
0.25000024,0.98575497,6.0,299.0,1.7999987e+08,1.7827306e+08,1.726816e+06
0.0,0.9992877,16.0,22.0,1.3999994e+08,3.0853686e+08,1.6853693e+08
0.13500014,0.98717946,8.0,33.0,1.3599989e+08,1.2351323e+08,1.2486656e+07
0.2000002,0.9900285,16.0,99.0,2.9999994e+08,3.3593146e+08,3.593152e+07
0.4000004,0.9900285,16.0,57.0,2.2999995e+08,2.8356275e+08,5.35628e+07
0.06000006,0.997151,15.0,3.0,5.400004e+08,5.506237e+08,1.0623296e+07
0.28000027,0.98575497,25.0,67.0,7.9999944e+07,9.449987e+07,1.4499928e+07
0.0,0.9992877,23.0,24.0,1.6499997e+09,1.519396e+09,1.3060378e+08
0.0,0.9992877,16.0,191.0,9.399999e+08,8.5266157e+08,8.73383e+07
0.24500024,0.98646724,25.0,109.0,2.6500011e+08,2.7508966e+08,1.0089552e+07
0.24600025,0.9907407,23.0,5.0,3.9499965e+08,3.4428176e+08,5.071789e+07
0.023000022,0.9985755,23.0,71.0,8.490005e+08,8.6323923e+08,1.423872e+07
0.06000006,0.997151,15.0,3.0,5.400004e+08,5.506237e+08,1.0623296e+07
0.0,0.9992877,23.0,92.0,3.9739994e+09,3.7265324e+09,2.47467e+08
0.029000029,0.99786323,16.0,182.0,1.4000001e+09,1.3025364e+09,9.746368e+07
0.3000003,0.98789173,16.0,7.0,1.8499989e+08,1.392941e+08,4.570579e+07
0.04200004,0.988604,6.0,290.0,2.9499996e+09,3.7929715e+09,8.429719e+08
0.0017000017,0.9985755,23.0,325.0,9.2000064e+08,9.1691046e+08,3.090176e+06
0.12300012,0.99216527,26.0,10.0,2.670001e+08,2.4888e+08,1.8120096e+07
0.06000006,0.997151,16.0,28.0,6.7400026e+08,6.437111e+08,3.0289152e+07
0.2000002,0.988604,26.0,33.0,1.2000003e+08,1.3315159e+08,1.315156e+07
0.0,0.9992877,16.0,181.0,8.799998e+08,8.3957997e+08,4.041984e+07
0.18000019,0.994302,8.0,64.0,3.750003e+08,3.6517843e+08,9.821856e+06
0.06700007,0.997151,16.0,273.0,5.3000048e+08,5.471208e+08,1.7120288e+07
0.13000013,0.994302,16.0,106.0,4.249999e+08,3.586101e+08,6.638979e+07
0.0,0.9985755,16.0,21.0,6.000002e+08,6.775048e+08,7.750458e+07
0.14000013,0.99358976,23.0,43.0,5.5500045e+08,5.615555e+08,6.555072e+06
0.044000044,0.98717946,0.0,77.0,3.0999974e+08,3.5183498e+08,4.183523e+07
0.09400009,0.99572647,16.0,106.0,5.2500006e+08,3.8150045e+08,1.4349962e+08
0.07000007,0.997151,16.0,10.0,3.3799968e+08,3.2398835e+08,1.4011328e+07
0.011111011,0.988604,16.0,1.0,2.979999e+08,2.9008634e+08,7.913568e+06
0.0,0.9992877,23.0,190.0,3.0999974e+08,2.8553123e+08,2.4468512e+07
0.4000004,0.9893162,25.0,53.0,2.4000018e+08,1.9492608e+08,4.5074096e+07
0.0,0.9992877,16.0,195.0,2.808999e+09,2.596022e+09,2.129769e+08
0.082000084,0.99572647,26.0,45.0,2.7499997e+08,2.6318371e+08,1.1816256e+07
0.0990001,0.99572647,16.0,1.0,4.3499965e+08,4.429139e+08,7.91424e+06
0.14856614,0.988604,0.0,77.0,3.4999968e+08,3.7586317e+08,2.5863488e+07
0.01000001,0.997151,8.0,34.0,4.5000035e+08,3.950878e+08,5.4912544e+07
0.027000027,0.9985755,8.0,429.0,1.7000013e+09,1.6173638e+09,8.263744e+07
0.4000004,0.98789173,6.0,82.0,1.499999e+08,1.3702133e+08,1.2978576e+07
0.0008000008,0.9992877,16.0,102.0,5.4500026e+08,4.791819e+08,6.581837e+07
0.5000005,0.98646724,25.0,15.0,1.2800009e+08,1.2981756e+08,1.817472e+06
0.36000037,0.9900285,16.0,5.0,3.2999994e+08,3.1849302e+08,1.1506912e+07
0.5000005,0.98789173,25.0,82.0,1.00000024e+08,1.3999006e+08,3.999004e+07
0.09000009,0.99643874,16.0,1.0,4.5000035e+08,4.5887142e+08,8.871072e+06
0.1000001,0.988604,25.0,11.0,1.9500008e+08,2.5576994e+08,6.0769856e+07
0.2000002,0.9843305,26.0,122.0,4.8499958e+08,2.9894096e+08,1.8605862e+08
0.34000033,0.9900285,26.0,112.0,1.7000003e+08,1.5880358e+08,1.1196448e+07
0.025000025,0.9985755,16.0,51.0,6.950002e+08,7.260141e+08,3.1013888e+07
0.065000065,0.997151,16.0,16.0,3.4500026e+08,3.4148723e+08,3.513024e+06
0.06700007,0.99786323,0.0,304.0,5.2799965e+08,5.5479834e+08,2.6798688e+07
0.32000032,0.9907407,25.0,106.0,2.5999997e+08,2.1447637e+08,4.55236e+07
0.2000002,0.99358976,16.0,276.0,2.4000018e+08,2.2699627e+08,1.3003904e+07
0.14400014,0.991453,16.0,18.0,4.699997e+08,4.8937718e+08,1.9377472e+07
0.22000022,0.991453,16.0,5.0,3.6500016e+08,3.5322413e+08,1.1776032e+07
0.5000005,0.98789173,25.0,82.0,1.3999994e+08,1.3999006e+08,9872.0
0.2000002,0.9900285,16.0,69.0,1.6499989e+08,1.7918086e+08,1.4180976e+07
0.1920002,0.9893162,25.0,122.0,5.500002e+08,3.9723453e+08,1.5276566e+08
0.06600007,0.99786323,23.0,16.0,3.6799974e+08,3.5507766e+08,1.292208e+07
0.0,0.9992877,16.0,153.0,7.999998e+08,7.559871e+08,4.4012736e+07
0.053385053,0.99501425,23.0,276.0,2.840001e+08,2.68564e+08,1.5436096e+07
0.18500018,0.994302,16.0,58.0,2.4999995e+08,2.178277e+08,3.2172256e+07
0.07200007,0.99643874,16.0,168.0,3.4999968e+08,3.3056627e+08,1.9433408e+07
0.2000002,0.994302,16.0,129.0,5.200002e+08,4.9080646e+08,2.9193728e+07
0.16700016,0.99216527,0.0,98.0,3.2999994e+08,1.8568075e+08,1.4431918e+08
0.05300005,0.99358976,25.0,252.0,1.2999999e+09,1.338537e+09,3.853709e+07
0.3000003,0.988604,19.0,149.0,1.5999997e+08,1.8236462e+08,2.2364656e+07
0.16000016,0.9907407,16.0,56.0,2.780002e+08,2.702474e+08,7.7528e+06
0.25000024,0.98646724,8.0,11.0,2.4000018e+08,2.1577832e+08,2.4221856e+07
0.4000004,0.98717946,12.0,106.0,2.4999995e+08,1.1739901e+08,1.3260094e+08
0.003000003,0.9985755,16.0,219.0,6.4000045e+08,5.0703098e+08,1.3296947e+08
0.5000005,0.98575497,25.0,15.0,1.1000003e+08,1.2421963e+08,1.42196e+07
0.11400011,0.99501425,16.0,322.0,4.600001e+08,4.141867e+08,4.581341e+07
0.3000003,0.9900285,1.0,144.0,1.7999996e+09,1.3728797e+09,4.2711987e+08
0.0,0.9992877,16.0,86.0,7.750005e+08,7.4371315e+08,3.128736e+07
0.32000032,0.9893162,16.0,45.0,1.8499989e+08,1.744542e+08,1.054568e+07
0.3000003,0.9907407,16.0,152.0,2.350002e+08,2.0999971e+08,2.500048e+07
0.04800005,0.99786323,16.0,60.0,6.799995e+08,6.919065e+08,1.1907008e+07
0.115000114,0.99501425,23.0,84.0,3.8800023e+09,3.3871427e+09,4.9285965e+08
0.1010001,0.994302,25.0,4.0,2.6400021e+08,3.2971997e+08,6.571976e+07
0.3000003,0.9900285,6.0,522.0,1.5999997e+08,1.6388174e+08,3.881776e+06
0.07500008,0.99572647,16.0,63.0,2.8e+08,5.111724e+08,2.3117242e+08
0.054000054,0.99786323,16.0,16.0,3.549998e+08,3.5264925e+08,2.35056e+06
0.058000058,0.99786323,23.0,71.0,7.899997e+08,8.095797e+08,1.9580032e+07
0.15600015,0.994302,16.0,32.0,3.999997e+08,3.8131347e+08,1.868624e+07
0.28000027,0.994302,16.0,160.0,4.5000035e+08,5.063506e+08,5.635024e+07
0.04000004,0.991453,16.0,98.0,1.499999e+08,1.9198018e+08,4.198027e+07
0.4024004,0.9907407,16.0,66.0,1.8499989e+08,1.7387354e+08,1.1126352e+07
0.0,0.9992877,26.0,353.0,1.9660006e+09,1.9156987e+09,5.030195e+07
0.0,0.9992877,16.0,121.0,9.399999e+08,9.620381e+08,2.2038208e+07
0.055000056,0.997151,16.0,10.0,3.4999968e+08,3.2644598e+08,2.3553696e+07
0.03200003,0.9985755,16.0,0.0,4.249999e+08,3.7833814e+08,4.666176e+07
0.06000006,0.9843305,3.0,510.0,1.5999997e+08,1.2697492e+08,3.3025048e+07
0.2000002,0.9893162,16.0,1.0,3.250003e+08,3.0774634e+08,1.7253952e+07
0.01900002,0.9985755,16.0,0.0,3.8800003e+08,3.8329104e+08,4.708992e+06
0.38069737,0.9814815,0.0,187.0,2.4499997e+08,2.6516443e+08,2.0164464e+07
0.0003000003,0.997151,16.0,28.0,6.9999974e+08,6.8598803e+08,1.4011712e+07
0.016000016,0.99501425,8.0,8.0,1.1499997e+09,9.256896e+08,2.2431014e+08
0.047000047,0.99501425,16.0,58.0,2.5999997e+08,2.5730586e+08,2.694112e+06
0.17000017,0.99501425,16.0,1.0,3.8300016e+08,4.112277e+08,2.8227552e+07
0.0,0.9992877,16.0,16.0,4.1599974e+08,3.9852768e+08,1.7472064e+07
0.17000017,0.991453,16.0,5.0,3.3300013e+08,3.777865e+08,4.478637e+07
0.17000017,0.9928775,16.0,63.0,3.4500026e+08,4.107425e+08,6.574224e+07
0.15200016,0.9893162,16.0,284.0,1.4000001e+09,9.677303e+08,4.3226982e+08
0.21900022,0.99501425,16.0,516.0,4.199996e+08,3.5056493e+08,6.943469e+07
0.2900003,0.988604,16.0,111.0,2.8e+08,1.9174451e+08,8.825549e+07
0.0,0.9992877,23.0,175.0,1.1912008e+09,2.1950275e+09,1.0038267e+09
0.15000015,0.9900285,25.0,112.0,2.0000014e+08,1.6364342e+08,3.635672e+07
0.4000004,0.98504275,30.0,15.0,9.000006e+07,8.871128e+07,1.288784e+06
0.20800021,0.98717946,15.0,109.0,2.4499997e+08,2.5647192e+08,1.1471952e+07
0.08500008,0.994302,1.0,309.0,2.0999982e+09,1.8164266e+09,2.835716e+08
0.28000027,0.98646724,25.0,5.0,2.5799976e+08,2.6026195e+08,2.262192e+06
0.041000042,0.99786323,23.0,538.0,1.1000009e+09,1.112789e+09,1.2788096e+07
0.02000002,0.98789173,25.0,15.0,1.2800009e+08,1.2347625e+08,4.52384e+06
0.046000045,0.997151,16.0,349.0,8.099999e+08,7.331514e+08,7.684845e+07
0.14100014,0.994302,16.0,118.0,5.4699974e+08,5.0147766e+08,4.552208e+07
0.1020001,0.9928775,16.0,115.0,2.3000005e+09,2.5219164e+09,2.219159e+08
0.22000022,0.9893162,25.0,4.0,2.2999995e+08,2.411786e+08,1.117864e+07
0.04800005,0.99572647,16.0,46.0,1.8499999e+09,1.6553838e+09,1.9461606e+08
0.12900013,0.994302,16.0,255.0,2.7000006e+08,2.8054797e+08,1.0547904e+07
0.0065000067,0.9985755,16.0,37.0,6.249996e+08,6.198591e+08,5.140544e+06
0.05900006,0.99572647,16.0,1.0,4.600001e+08,4.537729e+08,6.2272e+06
0.004000004,0.98717946,25.0,82.0,1.499999e+08,1.292567e+08,2.07432e+07
0.28000027,0.99216527,16.0,183.0,4.0999968e+08,3.7509686e+08,3.4902816e+07
0.08000008,0.99501425,23.0,113.0,8.6000006e+08,1.0646821e+09,2.0468205e+08
0.2000002,0.9893162,16.0,116.0,2.139999e+08,1.7800973e+08,3.5990176e+07
0.0,0.9992877,16.0,472.0,4.3499965e+08,4.654624e+08,3.0462752e+07
0.45000044,0.98646724,8.0,5.0,2.2999995e+08,2.4584538e+08,1.5845424e+07
0.11000011,0.99572647,16.0,58.0,2.5999997e+08,2.4949882e+08,1.0501152e+07
1.000001e-06,0.9992877,16.0,365.0,1.2659991e+09,9.708918e+08,2.9510733e+08
0.057000056,0.99643874,16.0,493.0,5.2799965e+08,5.8169875e+08,5.3699104e+07
0.09000009,0.99358976,16.0,106.0,4.5000035e+08,3.481129e+08,1.0188746e+08
0.06000006,0.99216527,16.0,38.0,2.4499997e+08,2.1958806e+08,2.5411904e+07
0.18000019,0.994302,16.0,120.0,3.2599984e+08,4.113807e+08,8.538086e+07
0.18000019,0.9814815,16.0,7.0,1.3499997e+08,1.06997864e+08,2.8002104e+07
0.13800013,0.991453,16.0,374.0,3.0800018e+09,2.4256456e+09,6.543562e+08
0.013901014,0.9985755,16.0,86.0,7.1399936e+08,7.271311e+08,1.3131712e+07
0.24000023,0.9893162,1.0,1.0,2.7000006e+08,2.9038915e+08,2.0389088e+07
0.0,0.9992877,16.0,51.0,7.999998e+08,7.002548e+08,9.974502e+07
0.14000013,0.99358976,23.0,43.0,5.5500045e+08,5.615555e+08,6.555072e+06
0.0087000085,0.988604,16.0,144.0,2.9800008e+09,2.5460142e+09,4.3398656e+08
0.034500033,0.99786323,25.0,351.0,8.249995e+08,7.6657216e+08,5.842733e+07
0.34258035,0.9821937,1.0,34.0,8.4999976e+07,1.0130644e+08,1.6306464e+07
0.086000085,0.99572647,16.0,155.0,3.0499987e+08,3.158795e+08,1.0879616e+07
0.2906563,0.98789173,1.0,18.0,2.9999994e+08,2.9071222e+08,9.287712e+06
0.15600015,0.994302,16.0,32.0,3.999997e+08,3.8131347e+08,1.868624e+07
0.1000001,0.99572647,25.0,53.0,3.4000022e+08,3.4462013e+08,4.619904e+06
0.069000065,0.997151,16.0,1.0,4.600001e+08,4.793446e+08,1.9344512e+07
0.031000031,0.99786323,16.0,5.0,7.0500026e+08,5.5519526e+08,1.49805e+08
0.38000038,0.9893162,16.0,11.0,2.3799989e+08,2.373471e+08,652784.0
0.0013000013,0.9992877,0.0,187.0,6.7e+08,5.880832e+08,8.19168e+07
0.17000017,0.99358976,21.0,13.0,8.999994e+08,8.242791e+08,7.572032e+07
0.4000004,0.98361826,30.0,34.0,1.379999e+08,1.08560184e+08,2.943972e+07
0.3000003,0.98789173,16.0,7.0,1.7000003e+08,1.392941e+08,3.0705936e+07
0.001000001,0.99786323,0.0,310.0,3.5999994e+08,4.710021e+08,1.1100218e+08
0.19000019,0.99501425,16.0,58.0,2.7099997e+08,2.2567054e+08,4.5329424e+07
0.0,0.9992877,23.0,134.0,1.00000024e+08,9.03777e+08,8.03777e+08
0.018808018,0.98646724,18.0,68.0,1.1499992e+08,1.1178813e+08,3.211792e+06
0.12000012,0.99572647,16.0,62.0,2.9999994e+08,3.1475786e+08,1.475792e+07
0.053200055,0.98504275,23.0,226.0,1.2000003e+08,1.2057015e+08,570120.0
0.01900002,0.99786323,16.0,21.0,6.350006e+08,6.564623e+08,2.1461696e+07
0.053200055,0.98504275,23.0,226.0,1.2000003e+08,1.2057015e+08,570120.0
0.23999923,0.9893162,25.0,53.0,2.6500011e+08,2.3366426e+08,3.1335856e+07
0.0,0.9992877,16.0,134.0,1.00000024e+08,8.4355437e+08,7.4355437e+08
0.33000034,0.988604,22.0,66.0,1.499999e+08,1.5137371e+08,1.373808e+06
0.44000044,0.9893162,8.0,127.0,1.9850014e+08,2.1626451e+08,1.7764368e+07
0.3000003,0.98717946,23.0,494.0,1.2999999e+09,1.0601207e+09,2.3987917e+08
0.14800015,0.99501425,16.0,45.0,2.5999997e+08,2.4642563e+08,1.3574336e+07
0.013000013,0.9985755,16.0,355.0,4.0499974e+08,3.555941e+08,4.940563e+07
0.2000002,0.9928775,16.0,11.0,3.4000022e+08,3.2318477e+08,1.6815456e+07
0.15487915,0.9821937,16.0,87.0,9.000006e+07,1.0994969e+08,1.9949624e+07
0.025000025,0.9985755,16.0,215.0,1.7699988e+09,1.8471932e+09,7.719437e+07
0.26000026,0.991453,16.0,185.0,3.8499968e+08,3.9815312e+08,1.315344e+07
0.13172214,0.9928775,26.0,29.0,2.6600024e+08,2.5311096e+08,1.288928e+07
0.056000058,0.997151,16.0,22.0,4.550001e+08,4.6319427e+08,8.194176e+06
0.28000027,0.9900285,16.0,109.0,3.8300016e+08,3.1973894e+08,6.3261216e+07
0.35000035,0.9807692,16.0,82.0,8.799994e+07,1.0228051e+08,1.4280576e+07
0.06000006,0.9928775,16.0,28.0,5.2500006e+08,5.392161e+08,1.4216064e+07
0.0,0.9985755,26.0,312.0,1.4950013e+09,1.4056055e+09,8.939584e+07
0.014000014,0.997151,8.0,71.0,7.6999974e+08,8.1186675e+08,4.186701e+07
0.02970003,0.99786323,16.0,0.0,3.719997e+08,3.7204938e+08,49664.0
0.1000001,0.98504275,16.0,15.0,1.3499997e+08,1.122034e+08,2.2796568e+07
0.41600043,0.98717946,8.0,1.0,2.350002e+08,2.3309538e+08,1.904816e+06
0.0,0.9985755,0.0,442.0,1.2121215e+09,1.4756379e+09,2.6351642e+08
0.03200003,0.99786323,16.0,48.0,1.9899987e+09,1.7577964e+09,2.3220237e+08
0.024000024,0.997151,16.0,106.0,1.1499997e+09,4.0179283e+08,7.482069e+08
0.2000002,0.9900285,16.0,130.0,1.7000003e+08,2.5387877e+08,8.387874e+07
0.0,0.9992877,23.0,92.0,3.9739994e+09,3.7265324e+09,2.47467e+08
0.17500018,0.99643874,16.0,177.0,5.500002e+08,4.8290883e+08,6.709136e+07
0.04200004,0.99786323,16.0,106.0,7.200002e+08,4.0886656e+08,3.1113363e+08
0.14700015,0.994302,16.0,63.0,4.5699965e+08,4.4545386e+08,1.1545792e+07
0.18200018,0.994302,16.0,155.0,2.979999e+08,2.790739e+08,1.8926016e+07
0.07000007,0.997151,16.0,62.0,3.549998e+08,3.417381e+08,1.3261696e+07
0.044455044,0.9900285,16.0,112.0,1.6499989e+08,1.6244304e+08,2.556848e+06
0.14200014,0.994302,16.0,8.0,1.06999955e+09,9.029189e+08,1.6708064e+08
0.02000002,0.99786323,16.0,62.0,3.570002e+08,3.5387286e+08,3.127328e+06
0.5000005,0.98717946,26.0,5.0,2.4999995e+08,2.6758384e+08,1.7583888e+07
0.010200011,0.991453,16.0,106.0,3.4999968e+08,2.8977446e+08,6.0225216e+07
0.19700019,0.9928775,16.0,1.0,3.9000035e+08,3.7062506e+08,1.9375296e+07
0.37600037,0.98361826,16.0,15.0,8.4999976e+07,1.0517639e+08,2.0176416e+07
0.0,0.9992877,23.0,92.0,3.9739994e+09,3.7265324e+09,2.47467e+08
0.27000028,0.991453,16.0,56.0,3.2000006e+08,2.692857e+08,5.071437e+07
0.0,0.9992877,23.0,190.0,3.0999974e+08,2.8553123e+08,2.4468512e+07
0.009000009,0.99786323,0.0,187.0,6.000002e+08,5.7377914e+08,2.6221056e+07
0.0,0.9992877,23.0,92.0,3.9739994e+09,3.7265324e+09,2.47467e+08
0.18000019,0.9900285,16.0,390.0,4.479998e+08,4.2528048e+08,2.2719328e+07
0.25000024,0.9843305,15.0,132.0,9.2000064e+08,8.2689466e+08,9.310598e+07
0.23000023,0.9907407,16.0,5.0,3.3499984e+08,3.4348877e+08,8.488928e+06
0.013000013,0.9985755,23.0,86.0,7.3499955e+08,6.987458e+08,3.625376e+07
0.074000075,0.99643874,16.0,63.0,5.4500026e+08,5.2565734e+08,1.9342912e+07
0.02000002,0.99786323,0.0,17.0,6.8999955e+08,5.648383e+08,1.2516128e+08
0.36000037,0.97507125,0.0,370.0,5.979996e+08,2.0976914e+08,3.8823046e+08
0.12800013,0.99572647,16.0,16.0,3.3499984e+08,3.118203e+08,2.3179552e+07
0.0,0.9992877,16.0,352.0,3.4999968e+08,4.0637786e+08,5.6378176e+07
0.05000005,0.99572647,23.0,2.0,9.499993e+07,2.7362445e+08,1.7862451e+08
0.0,0.9992877,16.0,71.0,9.699996e+08,8.5398483e+08,1.1601478e+08
0.0,0.9992877,16.0,249.0,1.1899995e+09,9.66865e+08,2.2313446e+08
0.1000001,0.99501425,16.0,217.0,1.6299992e+09,1.4838426e+09,1.4615667e+08
0.5000005,0.98504275,25.0,122.0,2.9999994e+08,2.593457e+08,4.065424e+07
0.25000024,0.98646724,8.0,11.0,2.4000018e+08,2.1577832e+08,2.4221856e+07
0.19600019,0.99358976,16.0,2.0,2.5999997e+08,2.1097851e+08,4.9021456e+07
0.47200048,0.98646724,15.0,15.0,1.4499995e+08,1.2397347e+08,2.102648e+07
0.18300018,0.99501425,16.0,11.0,4.0999968e+08,3.6232413e+08,4.767555e+07
0.07734308,0.99501425,16.0,45.0,2.7499997e+08,2.605068e+08,1.4493168e+07
0.33000034,0.99501425,0.0,187.0,4.299998e+08,4.223252e+08,7.674624e+06
0.35000035,0.98646724,25.0,376.0,2.4000018e+08,1.7522053e+08,6.477965e+07
0.2900003,0.98646724,23.0,5.0,2.4999995e+08,2.6630128e+08,1.6301328e+07
0.023700023,0.9985755,23.0,233.0,7.999998e+08,7.340203e+08,6.597952e+07
0.25000024,0.98504275,16.0,15.0,1.17999976e+08,1.2524788e+08,7.247904e+06
0.10500011,0.9907407,8.0,483.0,8.999994e+08,7.1648083e+08,1.835186e+08
0.025000025,0.9985755,16.0,3.0,6.569997e+08,6.3481165e+08,2.2188032e+07
0.06000006,0.997151,15.0,3.0,5.400004e+08,5.506237e+08,1.0623296e+07
0.19700019,0.9928775,16.0,1.0,3.9000035e+08,3.7062506e+08,1.9375296e+07
0.018000018,0.99786323,16.0,71.0,7.999998e+08,8.5761344e+08,5.761363e+07
0.3000003,0.98717946,26.0,194.0,1.499999e+08,1.6242725e+08,1.2427344e+07
0.0,0.9992877,16.0,118.0,6.9999974e+08,6.6784634e+08,3.2153408e+07
0.01000001,0.99786323,16.0,421.0,1.6000004e+09,1.5609851e+09,3.9015296e+07
0.2000002,0.98717946,6.0,124.0,2.0000014e+08,1.5520245e+08,4.4797696e+07
0.0,0.9992877,16.0,107.0,1.8250008e+09,1.5170012e+09,3.079996e+08
0.3000003,0.9907407,19.0,244.0,3.2999994e+08,3.180905e+08,1.190944e+07
0.082000084,0.99643874,16.0,1.0,4.699997e+08,4.6110342e+08,8.896288e+06
0.18300018,0.99358976,16.0,106.0,4.0999968e+08,3.3290358e+08,7.70961e+07
0.23500024,0.99358976,16.0,35.0,2.4999995e+08,2.0867968e+08,4.132027e+07
0.0,0.9992877,23.0,136.0,1.06999955e+09,1.04791584e+09,2.2083712e+07
0.09200009,0.99643874,16.0,184.0,2.9000003e+08,2.7173184e+08,1.8268192e+07
0.25000024,0.9900285,26.0,35.0,1.7999987e+08,1.6696906e+08,1.3030816e+07
0.14800015,0.994302,16.0,29.0,2.9000003e+08,2.7449792e+08,1.5502112e+07
0.4000004,0.9907407,16.0,11.0,2.7499997e+08,2.5118435e+08,2.3815616e+07
0.12556513,0.98575497,19.0,15.0,1.00000024e+08,1.247653e+08,2.4765272e+07
0.0,0.9992877,23.0,353.0,1.9666982e+09,1.8978236e+09,6.887462e+07
0.0,0.9985755,16.0,107.0,1.7999996e+09,1.5412608e+09,2.5873882e+08
0.22222222,0.9900285,16.0,435.0,1.499999e+08,1.4158107e+08,8.418832e+06
0.4000004,0.98789173,8.0,33.0,1.17999976e+08,1.3014357e+08,1.2143592e+07
0.021500021,0.9985755,16.0,488.0,3.9000035e+08,3.5912208e+08,3.0878272e+07
0.15000015,0.99216527,16.0,38.0,2.2000018e+08,2.1056122e+08,9.43896e+06
0.25000024,0.9893162,8.0,42.0,2.350002e+08,2.8802877e+08,5.3028576e+07
0.045000046,0.99786323,16.0,28.0,6.7e+08,6.677508e+08,2.249216e+06
0.14000013,0.9928775,21.0,382.0,1.7999996e+09,1.5770195e+09,2.229801e+08
0.05300005,0.99643874,16.0,63.0,5.8999994e+08,5.3907834e+08,5.09216e+07
0.25000024,0.98717946,26.0,63.0,3.4000022e+08,2.9670058e+08,4.329965e+07
0.03800004,0.99786323,16.0,538.0,1.0799992e+09,1.0994345e+09,1.9435264e+07
0.03000003,0.99786323,16.0,16.0,3.750003e+08,3.588215e+08,1.6178784e+07
0.00011100011,0.99786323,0.0,24.0,1.5900006e+09,1.5221893e+09,6.781133e+07
0.13000013,0.99572647,16.0,159.0,8.6000006e+08,8.391686e+08,2.0831488e+07
3.000003e-05,0.9992877,23.0,191.0,9.1000064e+08,8.9584794e+08,1.4152704e+07
0.1000001,0.98504275,30.0,78.0,7.9999944e+07,8.755727e+07,7.557328e+06
0.27000028,0.994302,16.0,1.0,3.8499968e+08,3.7990224e+08,5.09744e+06
0.44900045,0.9900285,25.0,53.0,2.0000014e+08,2.1706539e+08,1.7065248e+07
0.0,0.9992877,16.0,51.0,7.6999974e+08,7.002548e+08,6.974496e+07
0.33500034,0.988604,26.0,1.0,2.850002e+08,2.7155568e+08,1.3444512e+07
0.04200004,0.99786323,8.0,28.0,6.950002e+08,6.6973805e+08,2.5262144e+07
0.07000007,0.99643874,16.0,63.0,5.680005e+08,5.2817187e+08,3.982864e+07
0.0,0.9992877,16.0,51.0,7.200002e+08,7.002548e+08,1.9745408e+07
0.07500008,0.99358976,16.0,172.0,8.1999974e+08,7.6426554e+08,5.573421e+07
0.17000017,0.9928775,16.0,5.0,4.149996e+08,4.0303315e+08,1.1966464e+07
0.16000016,0.99216527,23.0,371.0,6.000002e+08,5.2013114e+08,7.986906e+07
0.024000024,0.9893162,16.0,74.0,1.5999997e+08,1.7507989e+08,1.507992e+07
0.45000044,0.98504275,6.0,127.0,1.5999997e+08,1.701606e+08,1.016064e+07
0.06000006,0.99572647,0.0,17.0,3.5999994e+08,5.131545e+08,1.5315456e+08
0.3000003,0.98575497,30.0,82.0,1.4600013e+08,1.0154962e+08,4.445051e+07
0.18000019,0.99358976,23.0,300.0,4.299998e+08,5.971801e+08,1.6718029e+08
0.05000005,0.9985755,16.0,148.0,1.6499997e+09,1.4846465e+09,1.6535322e+08
0.025000025,0.994302,23.0,402.0,3.8000026e+09,4.573443e+09,7.734405e+08
0.38000038,0.98646724,26.0,360.0,1.2999993e+08,1.0767346e+08,2.2326472e+07
0.17000017,0.99358976,21.0,13.0,8.999994e+08,8.242791e+08,7.572032e+07
0.003000003,0.9985755,16.0,86.0,7.3000064e+08,7.4338694e+08,1.3386304e+07
0.07100007,0.99572647,16.0,11.0,4.380002e+08,4.1270102e+08,2.5299168e+07
0.0,0.9992877,16.0,0.0,4.299998e+08,3.9780394e+08,3.2195872e+07
0.16000016,0.99216527,16.0,56.0,3.2000006e+08,3.0440416e+08,1.5595904e+07
0.25000024,0.982906,16.0,15.0,1.0500001e+08,1.1425416e+08,9.254152e+06
0.0,0.9992877,26.0,191.0,8.5799955e+08,8.792214e+08,2.1221824e+07
0.1000001,0.98575497,1.0,67.0,8.4999976e+07,8.596044e+07,960464.0
0.0,0.9992877,16.0,105.0,4.199996e+08,4.1087254e+08,9.127072e+06
0.2870003,0.9893162,7.0,358.0,2.450001e+09,2.491632e+09,4.163123e+07
0.18600018,0.99216527,16.0,63.0,4.199996e+08,3.932804e+08,2.6719232e+07
0.22000022,0.9928775,16.0,248.0,1.1800004e+09,1.0629006e+09,1.1709978e+08
0.0,0.9992877,16.0,27.0,6.199998e+08,5.548544e+08,6.514541e+07
0.3000003,0.96581197,16.0,76.0,1.9999987e+09,3.5828262e+08,1.6417161e+09
0.27000028,0.988604,16.0,87.0,1.9500008e+08,1.4937094e+08,4.5629136e+07
0.0017000017,0.9985755,23.0,51.0,9.2000064e+08,7.0693254e+08,2.130681e+08
0.016000016,0.99572647,16.0,192.0,6.9999974e+08,6.57841e+08,4.215872e+07
0.0,0.9992877,16.0,106.0,6.000002e+08,3.3202595e+08,2.6797424e+08
0.21500021,0.9907407,23.0,93.0,2.850002e+08,3.2455427e+08,3.955408e+07
0.3000003,0.99501425,16.0,36.0,3.0999974e+08,2.5180171e+08,5.819803e+07
0.06970007,0.99501425,16.0,204.0,2.9000018e+09,2.172606e+09,7.2739584e+08
0.23000023,0.9900285,23.0,42.0,3.169997e+08,2.9719277e+08,1.9806944e+07
0.45000044,0.9843305,26.0,4.0,1.369999e+08,1.6176685e+08,2.4766944e+07
0.16000016,0.991453,16.0,126.0,5.250003e+09,4.888578e+09,3.614249e+08
0.43800044,0.98504275,26.0,1.0,2.569998e+08,2.0748902e+08,4.9510784e+07
0.024000024,0.99786323,16.0,234.0,5.6499994e+08,5.663983e+08,1.398336e+06
0.1020001,0.99643874,16.0,152.0,3.4699987e+08,3.029093e+08,4.409056e+07
0.0,0.9992877,16.0,219.0,6.999994e+07,3.1290762e+08,2.4290768e+08
0.035000034,0.99786323,16.0,123.0,3.6500016e+08,3.5249056e+08,1.25096e+07
0.12500012,0.994302,16.0,160.0,5.050003e+08,5.712251e+08,6.62248e+07
0.18100019,0.99216527,16.0,52.0,5.0999987e+08,4.8019197e+08,2.9807904e+07
0.43000042,0.9893162,25.0,97.0,1.6900008e+08,1.5265178e+08,1.6348304e+07
0.05000005,0.99501425,16.0,58.0,2.9000003e+08,2.5647682e+08,3.3523216e+07
0.008000008,0.9992877,16.0,16.0,4.0499974e+08,3.9468035e+08,1.0319392e+07
0.0,0.9992877,8.0,255.0,4.249999e+08,4.068882e+08,1.8111712e+07
0.35000035,0.9900285,16.0,112.0,2.350002e+08,1.6159662e+08,7.340357e+07
0.07000007,0.997151,16.0,5.0,5.3000048e+08,5.330022e+08,3.001728e+06
0.09000009,0.9928775,9.0,34.0,3.5999994e+08,3.12119e+08,4.788093e+07
0.0,0.9992877,16.0,134.0,1.9999987e+09,8.4355437e+08,1.1564444e+09
0.3000003,0.98717946,26.0,194.0,1.499999e+08,1.6242725e+08,1.2427344e+07
0.058000058,0.99786323,23.0,86.0,6.3000006e+08,6.3208954e+08,2.089472e+06
0.28000027,0.98646724,25.0,5.0,2.5799976e+08,2.6026195e+08,2.262192e+06
0.17000017,0.99358976,21.0,13.0,8.999994e+08,8.242791e+08,7.572032e+07
0.21000022,0.994302,25.0,80.0,3.1499987e+08,4.7143622e+08,1.5643635e+08
0.05000005,0.98789173,16.0,74.0,1.499999e+08,1.5847558e+08,8.47568e+06
0.00033000033,0.9992877,16.0,203.0,7.9499994e+08,7.9736134e+08,2.361408e+06
0.08000008,0.99643874,16.0,5.0,5.0999987e+08,5.1336986e+08,3.369984e+06
0.011111011,0.98361826,15.0,15.0,8.4999976e+07,9.5589736e+07,1.058976e+07
0.007000007,0.9985755,16.0,0.0,4.199996e+08,3.8933142e+08,3.0668192e+07
4.000004e-05,0.9985755,23.0,544.0,9.249995e+08,8.151982e+08,1.0980128e+08
0.058000058,0.99572647,16.0,1.0,5.3000048e+08,4.540785e+08,7.592198e+07
0.08000008,0.99501425,16.0,58.0,2.7299994e+08,2.4700397e+08,2.5995968e+07
0.2000002,0.98646724,9.0,15.0,1.12000056e+08,1.31179064e+08,1.9179008e+07
0.055000056,0.98717946,25.0,89.0,1.9900016e+08,1.9222163e+08,6.778528e+06
0.25000024,0.98504275,16.0,15.0,1.17999976e+08,1.2524788e+08,7.247904e+06
0.07000007,0.99786323,16.0,393.0,3.4999968e+08,3.2649267e+08,2.3507008e+07
0.25000024,0.9900285,25.0,99.0,2.7399994e+08,3.0273315e+08,2.8733216e+07
0.11000011,0.99572647,16.0,99.0,5.400004e+08,4.7574858e+08,6.425181e+07
0.3000003,0.98575497,25.0,11.0,2.4900013e+08,2.092241e+08,3.977603e+07
0.35000035,0.98717946,26.0,360.0,1.2900006e+08,1.21492616e+08,7.507448e+06
0.011111011,0.9893162,16.0,66.0,1.8950013e+08,1.5460622e+08,3.4893904e+07
0.035000034,0.99786323,23.0,71.0,8.0500045e+08,8.26242e+08,2.1241536e+07
0.17000017,0.99572647,16.0,45.0,2.6800011e+08,2.4944458e+08,1.8555536e+07
0.23000023,0.994302,16.0,45.0,2.4499997e+08,2.2255186e+08,2.2448112e+07
0.0,0.9992877,16.0,472.0,3.4500026e+08,4.654624e+08,1.2046214e+08
0.24700025,0.991453,16.0,44.0,1.9500018e+09,1.628781e+09,3.2122074e+08
0.0,0.9992877,16.0,170.0,4.149996e+08,3.881436e+08,2.6856e+07
0.2900003,0.9900285,16.0,271.0,2.3000005e+09,2.0924974e+09,2.075031e+08
0.0013000013,0.9992877,16.0,85.0,9.8000083e+08,8.145346e+08,1.6546624e+08
0.4000004,0.98789173,25.0,15.0,1.499999e+08,1.3612368e+08,1.3876224e+07
0.17000017,0.994302,16.0,1.0,4.399997e+08,3.9854515e+08,4.145456e+07
0.01900002,0.9985755,16.0,333.0,7.7999955e+08,7.4765146e+08,3.2348096e+07
0.28000027,0.9893162,25.0,15.0,1.2900006e+08,1.555569e+08,2.6556832e+07
0.1980002,0.99358976,23.0,57.0,3.2999994e+08,3.308678e+08,867872.0
0.16000016,0.9893162,16.0,63.0,3.6999997e+08,3.5929133e+08,1.070864e+07
0.17600018,0.9907407,16.0,74.0,1.7000003e+08,1.9962094e+08,2.9620912e+07
0.016000016,0.99786323,16.0,16.0,3.5999994e+08,3.640393e+08,4.03936e+06
0.07000007,0.99358976,23.0,290.0,8.2900014e+09,6.937013e+09,1.3529882e+09
8.000008e-06,0.9992877,16.0,86.0,7.849994e+08,7.4371744e+08,4.1281984e+07
0.035000034,0.99358976,16.0,185.0,6.8999955e+08,6.1883136e+08,7.116819e+07
0.22000022,0.9928775,16.0,537.0,5.200002e+08,4.8065197e+08,3.9348224e+07
0.011111011,0.988604,16.0,1.0,2.979999e+08,2.9008634e+08,7.913568e+06
0.005000005,0.98646724,26.0,15.0,1.2999993e+08,1.1519684e+08,1.4803088e+07
0.011111011,0.9893162,16.0,1.0,2.470002e+08,3.0764365e+08,6.0643456e+07
0.0,0.9992877,23.0,356.0,5.749996e+08,3.6299094e+08,2.1200867e+08
0.33500034,0.988604,25.0,53.0,2.4499997e+08,2.0450376e+08,4.049621e+07
0.077000074,0.99643874,16.0,10.0,3.2000006e+08,3.1356422e+08,6.43584e+06
0.02000002,0.994302,16.0,70.0,1.499999e+08,1.2027959e+08,2.9720312e+07
0.12700012,0.99501425,16.0,46.0,1.5499988e+09,1.4032055e+09,1.4679334e+08
0.19700019,0.98646724,6.0,67.0,1.00000024e+08,1.0275155e+08,2.751528e+06
0.22200023,0.99358976,10.0,127.0,2.7000006e+08,2.4544243e+08,2.4557632e+07
0.16000016,0.994302,16.0,63.0,3.9000035e+08,4.3959706e+08,4.9596704e+07
0.009300009,0.9985755,16.0,203.0,7.600005e+08,7.981952e+08,3.819469e+07
0.33700034,0.9893162,23.0,483.0,7.670007e+08,5.568646e+08,2.1013613e+08
0.34000033,0.98717946,26.0,33.0,1.1000003e+08,1.2665539e+08,1.665536e+07
0.0,0.9992877,16.0,453.0,7.1799936e+08,6.364641e+08,8.153523e+07
0.3000003,0.98789173,25.0,489.0,8.6999974e+08,7.9355014e+08,7.64496e+07
0.3000003,0.98504275,25.0,1.0,1.8400013e+08,2.136512e+08,2.9651072e+07
0.2000002,0.9893162,0.0,17.0,4.199996e+08,3.5734422e+08,6.265539e+07
0.0,0.9992877,16.0,14.0,2.0999982e+09,1.9501468e+09,1.498514e+08
0.0,0.9992877,23.0,190.0,3.0999974e+08,2.8553123e+08,2.4468512e+07
0.12000012,0.99643874,16.0,16.0,3.1199997e+08,3.2316502e+08,1.1165056e+07
0.3000003,0.9928775,16.0,36.0,2.2500006e+08,2.177629e+08,7.237168e+06
0.02000002,0.9985755,16.0,28.0,7.449994e+08,7.01185e+08,4.38144e+07
0.18000019,0.99572647,0.0,199.0,3.6999997e+08,4.1260106e+08,4.260109e+07
0.011100011,0.9992877,7.0,85.0,9.650006e+08,8.25127e+08,1.398736e+08
0.13200013,0.99501425,8.0,107.0,1.210001e+09,1.02683424e+09,1.8316678e+08
0.0,0.9992877,23.0,24.0,1.4699999e+09,1.519396e+09,4.9396096e+07
0.06000006,0.99643874,16.0,106.0,2.0000014e+08,3.9067562e+08,1.9067547e+08
0.0,0.9992877,16.0,54.0,2.8000015e+09,2.7492877e+09,5.0713856e+07
0.28000027,0.9900285,16.0,35.0,2.2000018e+08,1.6125824e+08,5.8741936e+07
0.11111111,0.9729345,28.0,335.0,7.9999944e+07,7.924789e+07,752056.0
0.0,0.9992877,16.0,191.0,9.399999e+08,8.5266157e+08,8.73383e+07
0.26000026,0.98361826,30.0,462.0,1.1000003e+08,1.10516744e+08,516712.0
0.02000002,0.9985755,16.0,287.0,8.319999e+08,1.0120278e+09,1.800279e+08
0.33000034,0.988604,22.0,66.0,1.499999e+08,1.5137371e+08,1.373808e+06
0.10800011,0.99643874,23.0,86.0,6.199998e+08,5.4516346e+08,7.483635e+07
0.0,0.9992877,16.0,0.0,3.750003e+08,3.9780394e+08,2.2803648e+07
0.0,0.9985755,0.0,442.0,1.2121215e+09,1.4756379e+09,2.6351642e+08
0.05900006,0.99501425,16.0,370.0,2.0499985e+09,1.7783913e+09,2.7160717e+08
0.0012000012,0.99786323,23.0,107.0,1.3350004e+09,1.4377644e+09,1.027639e+08
0.08500008,0.99216527,26.0,42.0,3.999997e+08,3.779292e+08,2.2070496e+07
0.0,0.9992877,16.0,85.0,9.9500077e+08,8.106629e+08,1.8433786e+08
0.0063590063,0.98504275,23.0,34.0,1.4499995e+08,1.5462952e+08,9.629568e+06
0.0,0.99572647,0.0,347.0,6.419994e+08,3.9511267e+08,2.4688675e+08
0.11000011,0.9928775,16.0,5.0,4.299998e+08,4.2310243e+08,6.897376e+06
0.0,0.9992877,23.0,292.0,1.8899994e+09,1.8437085e+09,4.6290816e+07
0.0,0.9992877,23.0,408.0,2.0000014e+08,2.692328e+08,6.923266e+07
0.1000001,0.988604,25.0,7.0,2.0000014e+08,1.482976e+08,5.1702544e+07
0.10800011,0.99358976,0.0,242.0,4.199996e+08,4.4310234e+08,2.310272e+07
0.07000007,0.99643874,16.0,1.0,4.7999965e+08,4.647722e+08,1.5227456e+07
0.08000008,0.99643874,16.0,1.0,4.7799974e+08,4.61686e+08,1.6313728e+07
0.11111111,0.98717946,26.0,33.0,1.2499992e+08,1.18364024e+08,6.635896e+06
0.28000027,0.9893162,25.0,34.0,1.9900016e+08,2.0900632e+08,1.000616e+07
0.054000054,0.997151,16.0,86.0,6.249996e+08,6.3643014e+08,1.1430528e+07
0.16000016,0.99358976,0.0,29.0,2.8e+08,2.7752234e+08,2.477664e+06
0.05000005,0.98789173,16.0,74.0,1.499999e+08,1.5847558e+08,8.47568e+06
0.037000038,0.9985755,23.0,88.0,1.4699999e+09,1.3081134e+09,1.6188646e+08
0.0,0.9992877,16.0,151.0,1.1111114e+09,7.608345e+08,3.5027693e+08
0.18000019,0.99216527,16.0,57.0,3.5999994e+08,3.2216496e+08,3.7834976e+07
0.14200014,0.991453,16.0,208.0,4.2299994e+08,4.1324925e+08,9.750688e+06
0.16666616,0.98575497,8.0,7.0,9.000006e+07,1.3636926e+08,4.63692e+07
0.16000016,0.9907407,23.0,144.0,1.8100009e+09,2.0388617e+09,2.288608e+08
0.0005000005,0.9992877,16.0,157.0,5.3499952e+08,4.7444368e+08,6.055584e+07
0.09400009,0.994302,25.0,1.0,4.7999965e+08,4.0040506e+08,7.959459e+07
0.11900012,0.99501425,16.0,85.0,6.650003e+08,6.18868e+08,4.613235e+07
0.0028000027,0.9985755,16.0,306.0,7.7999955e+08,7.8478534e+08,4.785792e+06
0.0,0.9992877,16.0,195.0,2.8098028e+09,2.596022e+09,2.1378074e+08
0.046000045,0.997151,16.0,28.0,6.6800045e+08,6.528686e+08,1.513184e+07
0.2900003,0.98646724,6.0,1.0,2.4800003e+08,2.3146013e+08,1.6539904e+07
0.0003000003,0.9992877,16.0,22.0,6.150001e+08,3.1503232e+08,2.999678e+08
0.25000024,0.99216527,16.0,35.0,1.7000003e+08,1.9251848e+08,2.2518448e+07
0.029000029,0.99786323,16.0,37.0,6.249996e+08,5.8856346e+08,3.643616e+07
0.2000002,0.997151,23.0,106.0,6.999994e+07,4.079279e+08,3.3792797e+08
0.2000002,0.98504275,30.0,68.0,9.000006e+07,8.619506e+07,3.805008e+06
0.45000044,0.98361826,0.0,264.0,2.2000018e+08,2.7670518e+08,5.670501e+07
0.28000027,0.9900285,8.0,53.0,2.7000006e+08,2.4252558e+08,2.747448e+07
0.0,0.9992877,16.0,247.0,4.149996e+08,3.8218067e+08,3.2818944e+07
0.0,0.9985755,16.0,51.0,9.149992e+08,7.310861e+08,1.8391309e+08
0.3120003,0.9843305,6.0,5.0,2.1000011e+08,2.016976e+08,8.302512e+06
0.036000036,0.99786323,16.0,28.0,6.9999974e+08,6.7363654e+08,2.63632e+07
0.0,0.99358976,16.0,193.0,2.4999995e+08,2.4537502e+08,4.624928e+06
0.42800042,0.98646724,6.0,15.0,1.4499995e+08,1.2930257e+08,1.5697384e+07
0.4000004,0.98646724,25.0,1.0,2.4000018e+08,2.2461802e+08,1.538216e+07
0.116000116,0.994302,16.0,1.0,4.0499974e+08,4.1272778e+08,7.728032e+06
0.3000003,0.9900285,23.0,1.0,3.2000006e+08,2.8834538e+08,3.1654688e+07
0.034000035,0.997151,16.0,5.0,5.4500026e+08,5.355202e+08,9.480064e+06
0.21500021,0.994302,8.0,53.0,3.4000022e+08,3.210161e+08,1.8984128e+07
0.15000015,0.9928775,16.0,106.0,2.8e+08,3.273975e+08,4.7397504e+07
0.45884547,0.98504275,6.0,165.0,2.1000011e+08,2.0712051e+08,2.8796e+06
0.001000001,0.988604,23.0,7.0,1.3499997e+08,1.2899466e+08,6.005312e+06
0.011111011,0.98361826,15.0,15.0,8.4999976e+07,9.5589736e+07,1.058976e+07
0.07000007,0.99786323,23.0,133.0,1.3799997e+09,1.0987406e+09,2.8125914e+08
0.4000004,0.9807692,16.0,74.0,1.00000024e+08,1.2582805e+08,2.5828024e+07
0.09250009,0.99501425,25.0,265.0,5.600003e+08,5.3937146e+08,2.0628864e+07
0.0,0.9992877,16.0,102.0,5.5500045e+08,4.7772086e+08,7.727958e+07
0.015000015,0.9985755,23.0,51.0,7.499995e+08,7.0725216e+08,4.274733e+07
0.34900033,0.98361826,13.0,15.0,9.599993e+07,1.0142786e+08,5.427928e+06
0.36500037,0.98646724,25.0,1.0,2.3799989e+08,2.2675568e+08,1.1244208e+07
0.1000001,0.994302,16.0,169.0,3.4999968e+08,4.233769e+08,7.337722e+07
0.2900003,0.98575497,15.0,122.0,1.5999997e+08,2.9364576e+08,1.3364579e+08
0.2000002,0.9900285,0.0,77.0,3.4999968e+08,3.7888336e+08,2.888368e+07
0.1931212,0.98504275,25.0,106.0,7.899993e+07,1.6662611e+08,8.7626184e+07
0.0005000005,0.9985755,16.0,170.0,4.0999968e+08,3.9083958e+08,1.9160096e+07
0.019500019,0.99786323,16.0,148.0,1.5499988e+09,1.6360575e+09,8.605862e+07
0.1950002,0.9907407,25.0,298.0,2.0999982e+09,1.5903889e+09,5.0960934e+08
0.4000004,0.98789173,23.0,66.0,1.1499992e+08,1.4258322e+08,2.7583296e+07
0.2020002,0.9893162,16.0,446.0,3.6999997e+08,3.848998e+08,1.489984e+07
0.0,0.9992877,16.0,214.0,3.3300013e+08,3.148479e+08,1.8152224e+07
0.25000024,0.982906,16.0,15.0,1.0500001e+08,1.1425416e+08,9.254152e+06
0.2000002,0.99216527,16.0,112.0,2.0300018e+08,1.7854904e+08,2.4451136e+07
0.0,0.9992877,16.0,321.0,3.2900003e+08,3.2678736e+08,2.212672e+06
0.3000003,0.98717946,25.0,56.0,1.6499989e+08,1.7910125e+08,1.410136e+07
0.17000017,0.99358976,16.0,2.0,2.2500006e+08,2.1392522e+08,1.1074848e+07
0.0,0.99358976,23.0,106.0,1.00000024e+08,3.6294458e+08,2.6294454e+08
0.06700007,0.98717946,23.0,76.0,7.4999987e+09,4.1496896e+09,3.350309e+09
0.11100011,0.98504275,25.0,140.0,7.9999944e+07,1.2190068e+08,4.1900736e+07
0.2000002,0.9907407,16.0,38.0,1.8499989e+08,1.8157538e+08,3.424512e+06
0.2000002,0.9900285,25.0,33.0,1.499999e+08,1.4396928e+08,6.030624e+06
0.0019000019,0.9992877,16.0,21.0,7.149996e+08,6.590027e+08,5.599693e+07
0.33500034,0.988604,26.0,1.0,2.850002e+08,2.7155568e+08,1.3444512e+07
0.35000035,0.98575497,25.0,1.0,2.4999995e+08,2.2586432e+08,2.4135632e+07
0.27000028,0.98717946,13.0,106.0,5.2799965e+08,1.722666e+08,3.5573306e+08
0.12000012,0.99358976,19.0,210.0,6.8999955e+08,6.9162285e+08,1.623296e+06
0.4100004,0.98646724,6.0,11.0,1.7000003e+08,1.9995208e+08,2.9952048e+07
0.18300018,0.9893162,25.0,53.0,2.7000006e+08,2.3807435e+08,3.1925712e+07
0.006000006,0.9985755,16.0,71.0,8.950008e+08,8.8603437e+08,8.966464e+06
0.16000016,0.994302,0.0,1.0,4.699997e+08,3.8685686e+08,8.314285e+07
0.115000114,0.99501425,16.0,58.0,2.4499997e+08,2.3959037e+08,5.4096e+06
0.21000022,0.991453,23.0,158.0,5.749996e+08,5.7422035e+08,779264.0
0.23000023,0.9907407,16.0,138.0,2.2500006e+08,1.9456949e+08,3.0430576e+07
0.08500008,0.997151,16.0,5.0,5.800004e+08,5.2950032e+08,5.0500064e+07
0.24800025,0.988604,18.0,290.0,1.6800001e+09,2.862288e+09,1.1822877e+09
0.029000029,0.99643874,16.0,1.0,4.950004e+08,4.7986784e+08,1.5132544e+07
0.15000015,0.994302,26.0,273.0,3.8000006e+08,4.405632e+08,6.0563136e+07
0.5000005,0.9900285,10.0,82.0,1.2999993e+08,1.346012e+08,4.601272e+06
0.1000001,0.9907407,26.0,34.0,2.5999997e+08,2.6270576e+08,2.705792e+06
0.04000004,0.99358976,16.0,58.0,2.2999995e+08,2.3577331e+08,5.77336e+06
0.28600028,0.98789173,8.0,56.0,2.6600024e+08,2.0025704e+08,6.57432e+07
0.0,0.9992877,23.0,121.0,9.399999e+08,9.198077e+08,2.0192192e+07
0.02100002,0.99786323,16.0,287.0,8.799998e+08,9.9045645e+08,1.1045664e+08
0.001000001,0.99786323,16.0,16.0,3.8000006e+08,3.7205434e+08,7.945728e+06
0.18000019,0.994302,23.0,370.0,2.3000005e+09,1.5691045e+09,7.30896e+08
0.09055009,0.9928775,16.0,90.0,3.2900022e+09,2.6621862e+09,6.2781594e+08
0.3000003,0.988604,16.0,106.0,3.6999997e+08,1.9916685e+08,1.7083312e+08
0.0,0.9992877,23.0,24.0,1.4500003e+09,1.519396e+09,6.939571e+07
0.32000032,0.982906,16.0,87.0,9.300002e+07,1.12901736e+08,1.990172e+07
0.29050028,0.988604,8.0,308.0,1.4199998e+08,1.7099448e+08,2.8994496e+07
0.02000002,0.997151,16.0,10.0,3.570002e+08,3.3076938e+08,2.6230816e+07
0.078400075,0.99358976,8.0,252.0,1.6000004e+09,1.292156e+09,3.0784435e+08
0.044000044,0.98789173,13.0,106.0,3.9799974e+08,2.0835237e+08,1.8964738e+08
0.0014000013,0.9992877,16.0,51.0,8.899995e+08,7.066818e+08,1.833177e+08
0.018808018,0.98646724,18.0,68.0,1.1499992e+08,1.1178813e+08,3.211792e+06
0.07450008,0.99501425,23.0,8.0,1.1599991e+09,9.436051e+08,2.1639398e+08
0.25000024,0.98575497,16.0,106.0,9.499993e+07,1.671899e+08,7.2189976e+07
0.27600026,0.99216527,16.0,18.0,6.050002e+08,4.375618e+08,1.674384e+08
0.26000026,0.98575497,26.0,212.0,1.7799989e+08,1.9105891e+08,1.3059024e+07
0.04000004,0.99786323,16.0,0.0,3.6999997e+08,3.6885917e+08,1.1408e+06
0.111123115,0.9900285,16.0,74.0,1.5999997e+08,1.9423502e+08,3.4235056e+07
0.3000003,0.9900285,16.0,69.0,1.8499989e+08,1.7277005e+08,1.222984e+07
0.35000035,0.98575497,25.0,1.0,2.2300014e+08,2.2586432e+08,2.864176e+06
0.04030004,0.997151,16.0,10.0,3.4699987e+08,3.285736e+08,1.8426272e+07
0.2000002,0.98789173,22.0,106.0,1.7000003e+08,1.916012e+08,2.1601168e+07
0.002000002,0.9992877,23.0,133.0,1.5499988e+09,1.2736865e+09,2.7631232e+08
0.0,0.9992877,12.0,302.0,2.4999995e+08,2.4786998e+08,2.129968e+06
0.123444125,0.98504275,25.0,56.0,1.7999987e+08,1.6262254e+08,1.7377328e+07
0.3000003,0.98361826,16.0,12.0,8.399992e+07,1.083744e+08,2.437448e+07
0.32600033,0.98717946,25.0,82.0,1.4499995e+08,1.3583088e+08,9.169072e+06
0.3080003,0.988604,25.0,63.0,3.0499987e+08,2.917599e+08,1.3239968e+07
0.33500034,0.988604,26.0,1.0,2.850002e+08,2.7155568e+08,1.3444512e+07
0.0,0.9992877,16.0,344.0,7.5000056e+07,1.2092305e+09,1.1342304e+09
0.2900003,0.991453,16.0,42.0,4.0999968e+08,3.0762838e+08,1.023713e+08
0.21500021,0.9907407,16.0,69.0,1.7999987e+08,1.8643522e+08,6.435344e+06
0.16700016,0.98717946,25.0,545.0,2.8900003e+08,2.2895822e+08,6.004181e+07
0.26500025,0.98717946,23.0,18.0,2.979999e+08,3.218499e+08,2.3849984e+07
0.045000046,0.9985755,16.0,0.0,3.8499968e+08,3.7444352e+08,1.055616e+07
0.062000062,0.988604,16.0,76.0,8.600005e+09,4.4628577e+09,4.137147e+09
0.34850034,0.991453,16.0,35.0,2.149998e+08,1.7709267e+08,3.7907136e+07
0.3000003,0.9900285,6.0,522.0,1.5999997e+08,1.6388174e+08,3.881776e+06
0.09000009,0.997151,16.0,273.0,6.7e+08,5.3250125e+08,1.3749875e+08
0.35884935,0.98575497,25.0,5.0,2.2000018e+08,2.3238288e+08,1.2382704e+07
0.33000034,0.98789173,16.0,15.0,1.4600013e+08,1.3970971e+08,6.290416e+06
0.2000002,0.982906,16.0,106.0,6.5000056e+07,1.3940094e+08,7.440089e+07
0.23100023,0.98717946,25.0,106.0,1.8799997e+08,1.8445094e+08,3.549024e+06
0.2000002,0.99501425,16.0,10.0,2.5999997e+08,2.7755885e+08,1.755888e+07
0.13000013,0.994302,16.0,18.0,5.500002e+08,5.89758e+08,3.9757824e+07
0.2000002,0.9928775,16.0,45.0,2.2799994e+08,2.1207915e+08,1.5920784e+07
0.27000028,0.988604,8.0,106.0,3.1499987e+08,2.1330754e+08,1.0169234e+08
0.095000096,0.99572647,16.0,11.0,4.5000035e+08,4.0723213e+08,4.2768224e+07
0.0,0.9992877,23.0,24.0,1.1111114e+09,1.519396e+09,4.0828454e+08
0.25900027,0.98717946,16.0,443.0,2.9999976e+07,7.485718e+08,7.185718e+08
0.25000024,0.99216527,16.0,112.0,1.8499989e+08,1.7989451e+08,5.105376e+06
0.0,0.9992877,23.0,191.0,8.5799955e+08,8.957933e+08,3.779373e+07
0.2940003,0.98361826,23.0,313.0,1.8499989e+08,1.4888227e+08,3.6117616e+07
0.047000047,0.997151,16.0,0.0,3.750003e+08,3.5866346e+08,1.6336832e+07
0.0,0.9992877,16.0,0.0,4.3599974e+08,3.9780394e+08,3.819581e+07
0.2000002,0.9907407,1.0,130.0,2.2999995e+08,2.3711814e+08,7.118192e+06
0.26000026,0.988604,16.0,319.0,1.4899989e+08,1.555664e+08,6.566512e+06
0.08000008,0.997151,16.0,1.0,5.1499984e+08,4.7577037e+08,3.922947e+07
0.0,0.9985755,16.0,51.0,6.3000006e+08,7.310861e+08,1.0108602e+08
0.10499211,0.994302,16.0,141.0,6.7e+08,6.410389e+08,2.8961088e+07
0.034000035,0.99643874,16.0,386.0,3.3499984e+08,3.1004352e+08,2.495632e+07
0.0,0.9992877,23.0,48.0,1.9299983e+09,1.828799e+09,1.0119936e+08
0.13300014,0.98646724,15.0,232.0,1.4499995e+08,1.5279976e+08,7.799808e+06
0.1980002,0.99358976,23.0,57.0,3.2999994e+08,3.308678e+08,867872.0
0.11300011,0.99501425,16.0,29.0,3.1199997e+08,2.925361e+08,1.9463872e+07
0.13000013,0.99501425,16.0,163.0,1.9999987e+09,2.1510533e+09,1.510546e+08
0.18900019,0.98575497,25.0,1.0,1.8499989e+08,2.3496434e+08,4.996445e+07
0.2000002,0.98504275,23.0,34.0,2.0000014e+08,1.7058274e+08,2.9417408e+07
0.16500017,0.9907407,16.0,357.0,3.2999994e+08,3.2288963e+08,7.110304e+06
0.06800007,0.99572647,16.0,10.0,3.0999974e+08,3.0571683e+08,4.282912e+06
0.13000013,0.98717946,0.0,77.0,3.6500016e+08,3.597048e+08,5.29536e+06
0.19000019,0.9928775,16.0,35.0,2.549998e+08,1.9611946e+08,5.888035e+07
0.0,0.9992877,23.0,85.0,8.1999974e+08,8.553346e+08,3.533485e+07
0.0,0.9992877,16.0,14.0,1.9666982e+09,1.9501468e+09,1.6551424e+07
0.01000001,0.99358976,23.0,90.0,4.1999985e+09,3.3168369e+09,8.831616e+08
0.005000005,0.9985755,16.0,48.0,1.8299992e+09,1.8836654e+09,5.3666176e+07
0.16000016,0.9893162,25.0,4.0,2.3799989e+08,2.4014304e+08,2.143152e+06
0.2000002,0.98504275,30.0,68.0,9.000006e+07,8.619506e+07,3.805008e+06
0.16000016,0.9893162,16.0,66.0,1.8499989e+08,1.657446e+08,1.925528e+07
0.11111111,0.98789173,0.0,187.0,3.9499965e+08,3.7496595e+08,2.0033696e+07
0.14000013,0.994302,16.0,141.0,6.499996e+08,6.2164576e+08,2.8353856e+07
0.38000038,0.98504275,25.0,1.0,1.7999987e+08,2.1125998e+08,3.1260112e+07
0.0,0.9985755,16.0,24.0,1.5550002e+09,1.5686317e+09,1.3631488e+07
0.07000007,0.99643874,16.0,42.0,4.8399968e+08,4.6952483e+08,1.4474848e+07
0.10500011,0.994302,16.0,57.0,3.9499965e+08,3.647385e+08,3.0261152e+07
0.06000006,0.99643874,16.0,36.0,3.5999994e+08,3.3332294e+08,2.6676992e+07
0.0,0.9992877,16.0,3.0,6.4000045e+08,6.2770675e+08,1.2293696e+07
0.08000008,0.99643874,16.0,1.0,4.7799974e+08,4.61686e+08,1.6313728e+07
0.5000005,0.98646724,25.0,15.0,1.4499995e+08,1.2981756e+08,1.5182392e+07
0.095000096,0.988604,16.0,174.0,2.2550016e+08,2.3233856e+08,6.8384e+06
0.0,0.99358976,16.0,193.0,2.4999995e+08,2.4537502e+08,4.624928e+06
0.28000027,0.98361826,13.0,82.0,1.1499992e+08,1.0080779e+08,1.4192128e+07
0.18000019,0.99358976,16.0,1.0,3.999997e+08,3.8404477e+08,1.5954944e+07
0.33800033,0.98717946,16.0,5.0,2.949998e+08,2.7762822e+08,1.7371584e+07
0.43800044,0.98504275,26.0,1.0,2.569998e+08,2.0748902e+08,4.9510784e+07
0.005000005,0.9985755,16.0,0.0,4.1200026e+08,3.904298e+08,2.1570464e+07
0.026000027,0.99501425,16.0,290.0,6.0000046e+09,8.3809884e+09,2.3809838e+09
0.082000084,0.99572647,26.0,45.0,2.7499997e+08,2.6318371e+08,1.1816256e+07
0.0,0.9992877,23.0,175.0,1.3958007e+09,2.1950275e+09,7.9922675e+08
0.02000002,0.994302,0.0,17.0,5.400004e+08,5.0652736e+08,3.3473024e+07
0.4000004,0.9843305,30.0,299.0,1.8999994e+08,1.3136835e+08,5.8631584e+07
0.26000026,0.98717946,25.0,374.0,1.4500003e+09,1.2465308e+09,2.0346944e+08
0.18000019,0.9907407,16.0,112.0,1.750001e+08,1.6685254e+08,8.147552e+06
0.23456624,0.988604,25.0,7.0,1.2000003e+08,1.5021549e+08,3.0215456e+07
0.18300018,0.98789173,25.0,127.0,2.2999995e+08,2.1364957e+08,1.6350384e+07
0.00950001,0.98504275,16.0,106.0,1.1111114e+09,1.5434782e+08,9.567636e+08
0.103000104,0.994302,8.0,34.0,3.250003e+08,3.3220966e+08,7.209376e+06
0.017000018,0.9985755,8.0,14.0,1.8599986e+09,1.8800831e+09,2.008448e+07
0.1000001,0.97863245,16.0,87.0,9.000006e+07,8.9877416e+07,122648.0
0.0,0.9992877,16.0,195.0,2.8098028e+09,2.596022e+09,2.1378074e+08
0.16000016,0.9907407,16.0,76.0,4.3999995e+09,4.095505e+09,3.044946e+08
4.5000044e-05,0.99786323,16.0,370.0,6.499996e+08,1.8561391e+09,1.2061395e+09
0.2000002,0.9893162,16.0,1.0,3.250003e+08,3.0774634e+08,1.7253952e+07
0.08500008,0.99216527,16.0,115.0,2.750001e+09,2.4610353e+09,2.8896563e+08
0.2000002,0.98504275,30.0,68.0,9.000006e+07,8.619506e+07,3.805008e+06
0.022000022,0.997151,8.0,23.0,1.7000013e+09,1.5498392e+09,1.5016205e+08
0.24600025,0.9907407,23.0,5.0,3.9499965e+08,3.4428176e+08,5.071789e+07
0.1010001,0.99643874,16.0,118.0,6.350006e+08,5.7023334e+08,6.476723e+07
0.024000024,0.99786323,16.0,51.0,7.149996e+08,7.0623846e+08,8.761152e+06
0.03000003,0.99501425,16.0,305.0,3.300001e+09,2.6697884e+09,6.302126e+08
0.0,0.9992877,23.0,302.0,2.450001e+09,1.3678117e+09,1.0821892e+09
0.0,0.9992877,16.0,318.0,3.300001e+09,2.9338504e+09,3.6615066e+08
0.25000024,0.98361826,8.0,373.0,2.0000014e+08,1.9346264e+08,6.537504e+06
0.4000004,0.9843305,25.0,1.0,1.6499989e+08,1.9677816e+08,3.1778272e+07
0.0,0.9992877,16.0,328.0,8.299996e+08,7.058493e+08,1.2415034e+08
0.052000053,0.99501425,16.0,113.0,8.500002e+08,1.0441192e+09,1.9411898e+08
0.26000026,0.99216527,16.0,11.0,3.2000006e+08,2.721764e+08,4.782368e+07
0.08000008,0.997151,16.0,5.0,5.1199987e+08,5.3083917e+08,1.8839296e+07
0.06080006,0.99572647,25.0,99.0,4.9000016e+08,4.4971034e+08,4.0289824e+07
0.38970038,0.98575497,25.0,114.0,7.450005e+07,1.1313304e+08,3.863299e+07
0.03000003,0.99786323,16.0,28.0,7.3499955e+08,6.7785504e+08,5.714451e+07
0.3000003,0.9928775,16.0,5.0,4.5000035e+08,3.6710307e+08,8.289728e+07
0.056000058,0.997151,16.0,28.0,6.190002e+08,6.463402e+08,2.7340032e+07
0.3000003,0.988604,16.0,38.0,1.2399996e+08,1.5325683e+08,2.9256872e+07
0.001000001,0.99572647,26.0,62.0,3.8000006e+08,3.1882912e+08,6.1170944e+07
0.05900006,0.98575497,25.0,1.0,2.4000018e+08,2.1695157e+08,2.3048608e+07
0.1000001,0.98646724,0.0,67.0,1.00000024e+08,1.0456612e+08,4.566096e+06
0.0,0.9992877,23.0,305.0,4.509999e+09,3.4867525e+09,1.0232466e+09
0.0,0.9992877,16.0,404.0,1.9500018e+09,1.8990584e+09,5.094336e+07
0.22000022,0.9900285,23.0,93.0,2.6800011e+08,3.1318826e+08,4.5188144e+07
0.0045500044,0.9992877,16.0,0.0,4.149996e+08,3.9741184e+08,1.7587776e+07
0.18000019,0.99216527,16.0,106.0,3.6799974e+08,3.0303875e+08,6.496099e+07
0.25400025,0.9907407,16.0,20.0,1.8999994e+08,1.7148376e+08,1.8516176e+07
0.003000003,0.9985755,16.0,219.0,6.4000045e+08,5.0703098e+08,1.3296947e+08
0.12800013,0.99572647,16.0,16.0,3.3499984e+08,3.118203e+08,2.3179552e+07
0.25000024,0.9893162,25.0,360.0,1.6799992e+08,1.4279333e+08,2.5206592e+07
0.11000011,0.9928775,23.0,243.0,3.2000023e+09,2.1412945e+09,1.05870784e+09
0.2030002,0.991453,16.0,66.0,1.8499989e+08,1.8185403e+08,3.145856e+06
0.115086116,0.99358976,26.0,29.0,2.4800003e+08,2.6628096e+08,1.8280928e+07
0.06300006,0.99643874,16.0,1.0,4.7999965e+08,4.6710506e+08,1.2894592e+07
0.26000026,0.9893162,16.0,275.0,4.9000044e+09,3.7647752e+09,1.1352292e+09
0.26600027,0.98789173,23.0,91.0,1.6700004e+09,1.3464543e+09,3.235461e+08
0.065000065,0.997151,16.0,10.0,3.2999994e+08,3.248286e+08,5.171328e+06
0.08800009,0.99501425,16.0,307.0,6.2699955e+08,6.128619e+08,1.4137664e+07
0.16000016,0.9893162,25.0,4.0,2.3799989e+08,2.4014304e+08,2.143152e+06
0.14400014,0.994302,16.0,57.0,4.249999e+08,3.5980496e+08,6.5194944e+07
0.25400025,0.9907407,16.0,20.0,1.8999994e+08,1.7148376e+08,1.8516176e+07
0.0,0.9992877,23.0,457.0,2.250002e+09,4.3105667e+08,1.8189453e+09
0.18300018,0.9928775,16.0,18.0,5.6999955e+08,5.1044656e+08,5.955299e+07
0.24000023,0.988604,23.0,91.0,1.2499997e+09,1.5129818e+09,2.6298202e+08
0.14000013,0.9928775,23.0,387.0,2.0939987e+09,1.884251e+09,2.0974771e+08
0.08400008,0.99643874,8.0,99.0,4.7499965e+08,4.722327e+08,2.766944e+06
0.23500024,0.98789173,23.0,87.0,1.750001e+08,1.4595056e+08,2.9049536e+07
0.2000002,0.994302,16.0,129.0,5.200002e+08,4.9080646e+08,2.9193728e+07
0.1041001,0.9893162,16.0,336.0,3.250003e+08,3.9486707e+08,6.986678e+07
0.26500025,0.98789173,25.0,15.0,1.4800005e+08,1.4564856e+08,2.351488e+06
0.034000035,0.982906,6.0,80.0,2.0000014e+08,1.9060538e+08,9.394768e+06
0.13000013,0.991453,15.0,126.0,4.3999995e+09,4.6618675e+09,2.6186803e+08
0.12700012,0.99358976,16.0,58.0,2.350002e+08,2.2242624e+08,1.2573952e+07
0.0,0.9985755,16.0,37.0,6.3000006e+08,6.179255e+08,1.207456e+07
0.17500018,0.994302,25.0,34.0,3.2000006e+08,3.0318618e+08,1.6813888e+07
0.14500014,0.99501425,16.0,307.0,6.350006e+08,5.9754016e+08,3.7460416e+07
0.13000013,0.991453,8.0,443.0,4.3499986e+09,1.3235886e+09,3.02641e+09
0.09000009,0.99643874,16.0,485.0,5.890003e+08,5.965756e+08,7.575296e+06
0.47700047,0.98504275,16.0,15.0,1.550001e+08,1.16900056e+08,3.810004e+07
0.0,0.9992877,16.0,467.0,6.9999974e+08,6.448663e+08,5.513344e+07
0.17400017,0.99358976,16.0,99.0,4.399997e+08,4.0921373e+08,3.0785984e+07
0.25285524,0.99572647,16.0,116.0,2.2600006e+08,2.714842e+08,4.548413e+07
0.02100002,0.99572647,16.0,58.0,3.0999974e+08,2.7748794e+08,3.2511808e+07
0.09000009,0.994302,16.0,118.0,5.600003e+08,5.4235283e+08,1.7647488e+07
0.095000096,0.997151,16.0,28.0,6.799995e+08,6.220573e+08,5.794221e+07
4.3000044e-05,0.9992877,16.0,106.0,7.7900045e+08,3.3221475e+08,4.467857e+08
0.06600007,0.98646724,16.0,82.0,1.369999e+08,1.2434527e+08,1.2654632e+07
0.21000022,0.99501425,16.0,57.0,3.969997e+08,3.6392266e+08,3.3077056e+07
0.05000005,0.99786323,23.0,86.0,6.450004e+08,6.3871514e+08,6.285248e+06
0.09100009,0.997151,23.0,159.0,1.1399997e+09,9.648441e+08,1.7515565e+08
0.3000003,0.98717946,25.0,56.0,1.8999994e+08,1.7910125e+08,1.0898688e+07
0.15600015,0.994302,16.0,32.0,3.999997e+08,3.8131347e+08,1.868624e+07
0.0,0.9985755,18.0,156.0,2.750001e+09,2.3753108e+09,3.7469005e+08
0.28600028,0.98789173,25.0,135.0,9.2000064e+08,6.849564e+08,2.3504422e+08
0.17500018,0.994302,25.0,34.0,3.2000006e+08,3.0318618e+08,1.6813888e+07
0.14752714,0.99501425,16.0,99.0,4.5000035e+08,4.4704976e+08,2.950592e+06
0.03200003,0.9843305,15.0,140.0,1.1499992e+08,1.0924647e+08,5.753448e+06
0.31100032,0.98646724,25.0,15.0,1.2999993e+08,1.3339079e+08,3.390864e+06
0.05000005,0.98789173,16.0,74.0,1.499999e+08,1.5847558e+08,8.47568e+06
0.11000011,0.99358976,16.0,342.0,4.4500035e+08,4.2567e+08,1.9330336e+07
0.0,0.9992877,16.0,228.0,4.399997e+08,3.9681197e+08,4.3187744e+07
0.041000042,0.99786323,23.0,16.0,3.3499984e+08,3.6038947e+08,2.5389632e+07
0.041000042,0.9893162,25.0,34.0,2.2500006e+08,2.346844e+08,9.684336e+06
0.11300011,0.99572647,16.0,1.0,5.3000048e+08,4.3961635e+08,9.038413e+07
0.116000116,0.994302,16.0,1.0,4.0499974e+08,4.1272778e+08,7.728032e+06
0.0,0.9985755,16.0,318.0,3.2549985e+09,3.026744e+09,2.2825446e+08
0.25000024,0.9900285,16.0,35.0,1.7000003e+08,1.6808936e+08,1.910672e+06
0.2000002,0.98789173,25.0,7.0,1.5999997e+08,1.4481837e+08,1.51816e+07
0.14000013,0.99358976,16.0,5.0,4.180001e+08,4.308257e+08,1.28256e+07
0.3000003,0.98646724,25.0,114.0,1.499999e+08,1.2480433e+08,2.5195576e+07
0.17600018,0.99358976,0.0,509.0,6.199998e+08,6.7750995e+08,5.7510144e+07
0.043756045,0.99358976,16.0,45.0,2.7299994e+08,2.5122843e+08,2.1771504e+07
0.0,0.9992877,16.0,118.0,6.9999974e+08,6.6784634e+08,3.2153408e+07
0.0,0.9985755,25.0,528.0,1.5499988e+09,1.3202075e+09,2.2979136e+08
0.31500033,0.98717946,16.0,74.0,1.2999993e+08,1.5546376e+08,2.5463832e+07
0.45000044,0.98504275,1.0,87.0,1.2499992e+08,1.1336849e+08,1.1631432e+07
0.16800016,0.9928775,16.0,1.0,4.299998e+08,3.7418365e+08,5.581616e+07
0.28000027,0.9900285,16.0,109.0,3.6999997e+08,3.1973894e+08,5.0261024e+07
0.2000002,0.98646724,0.0,17.0,2.9999994e+08,3.1948778e+08,1.948784e+07
0.036000036,0.99786323,16.0,86.0,6.749999e+08,6.747038e+08,296064.0
0.25000024,0.9900285,16.0,11.0,2.6500011e+08,2.4669368e+08,1.8306432e+07
0.24000023,0.988604,16.0,122.0,3.2000006e+08,3.8376285e+08,6.3762784e+07
0.00023000022,0.9992877,25.0,102.0,5.200002e+08,5.034404e+08,1.6559808e+07
0.0011110011,0.9900285,16.0,66.0,1.3999994e+08,1.6210598e+08,2.2106048e+07
0.0,0.9992877,16.0,417.0,1.0599994e+09,1.0786529e+09,1.8653504e+07
0.033000033,0.9985755,16.0,16.0,3.9000035e+08,3.6783834e+08,2.2162016e+07
0.02000002,0.99786323,16.0,5.0,5.6499994e+08,5.574033e+08,7.596608e+06
0.0,0.9992877,23.0,48.0,1.7032988e+09,1.828799e+09,1.2550016e+08
0.32000032,0.98646724,16.0,97.0,1.12999976e+08,1.32512376e+08,1.95124e+07
0.12000012,0.9893162,23.0,106.0,8.1499923e+08,2.4898018e+08,5.660191e+08
0.065000065,0.99643874,8.0,192.0,6.650003e+08,6.3605875e+08,2.8941568e+07
0.18400018,0.99358976,25.0,53.0,3.6999997e+08,3.0369434e+08,6.630563e+07
0.14200014,0.99216527,16.0,93.0,4.0499974e+08,3.802553e+08,2.4744448e+07
0.0,0.99501425,16.0,163.0,2.3999985e+09,2.678306e+09,2.783076e+08
0.26800027,0.9907407,16.0,5.0,3.4800003e+08,3.400891e+08,7.910944e+06
0.2000002,0.98575497,26.0,82.0,1.0500001e+08,1.3041741e+08,2.54174e+07
0.18100019,0.99216527,16.0,52.0,5.0999987e+08,4.8019197e+08,2.9807904e+07
0.19000019,0.994302,16.0,57.0,3.4000022e+08,3.5340205e+08,1.3401824e+07
0.25355026,0.988604,0.0,239.0,3.9799974e+08,3.9653808e+08,1.461664e+06
0.045000046,0.997151,16.0,5.0,5.0000013e+08,5.3532106e+08,3.532093e+07
0.09200009,0.99643874,16.0,16.0,3.4999968e+08,3.283531e+08,2.1646592e+07
0.23200023,0.9900285,16.0,1.0,2.850002e+08,3.11409e+08,2.64088e+07
0.44000044,0.9814815,30.0,15.0,1.1000003e+08,7.498775e+07,3.501228e+07
0.1000001,0.99501425,23.0,81.0,2.0900005e+09,2.075105e+09,1.4895488e+07
0.14500014,0.99216527,21.0,290.0,1.9999987e+09,5.305671e+09,3.3056724e+09
0.045000046,0.99643874,16.0,155.0,3.3400006e+08,3.340727e+08,72640.0
0.0,0.99786323,23.0,23.0,1.7699988e+09,1.630391e+09,1.396078e+08
0.09400009,0.997151,16.0,155.0,3.6500016e+08,3.3156272e+08,3.343744e+07
0.2000002,0.9928775,16.0,1.0,3.6999997e+08,3.706109e+08,610944.0
0.107000105,0.99501425,16.0,223.0,2.789999e+08,2.4725142e+08,3.174848e+07
0.35000035,0.988604,16.0,5.0,2.7000006e+08,3.0393366e+08,3.39336e+07
0.3900004,0.98717946,23.0,15.0,1.3300006e+08,1.1861081e+08,1.4389256e+07
8.400009e-05,0.997151,16.0,5.0,4.3499965e+08,5.411975e+08,1.0619786e+08
0.21500021,0.98789173,16.0,11.0,2.0500013e+08,2.3616848e+08,3.1168352e+07
0.26000026,0.99216527,16.0,106.0,3.8000006e+08,2.8311584e+08,9.688422e+07
0.05100005,0.99216527,16.0,189.0,1.7799997e+09,1.8619437e+09,8.194394e+07
0.0,0.9992877,16.0,356.0,6.1000006e+08,2.9629056e+08,3.137095e+08
0.2000002,0.98717946,6.0,124.0,2.0000014e+08,1.5520245e+08,4.4797696e+07
0.011111011,0.98361826,15.0,15.0,8.4999976e+07,9.5589736e+07,1.058976e+07
0.21500021,0.994302,10.0,57.0,3.0999974e+08,3.0360224e+08,6.397504e+06
0.3000003,0.98717946,16.0,82.0,1.2000003e+08,1.34189e+08,1.4188968e+07
0.11111111,0.97792023,16.0,87.0,1.2000003e+08,8.850222e+07,3.1497808e+07
0.05000005,0.98361826,16.0,82.0,9.699991e+07,1.0415547e+08,7.15556e+06
0.03200003,0.99786323,23.0,37.0,5.8999994e+08,5.4401875e+08,4.5981184e+07
0.0,0.9992877,23.0,85.0,7.999998e+08,8.553346e+08,5.5334784e+07
0.06600007,0.99501425,16.0,284.0,2.170001e+09,1.6640228e+09,5.059781e+08
0.0,0.9985755,23.0,107.0,1.5199988e+09,1.4817723e+09,3.822656e+07
0.0,0.9992877,16.0,118.0,6.499996e+08,6.6784634e+08,1.784672e+07
0.001005001,0.99572647,16.0,2.0,2.949998e+08,2.7048874e+08,2.4511072e+07
0.0,0.9992877,16.0,142.0,1.6141002e+09,1.805491e+09,1.9139072e+08
0.25000024,0.9900285,1.0,106.0,3.1499987e+08,2.0894813e+08,1.0605174e+08
0.3000003,0.9900285,26.0,250.0,1.6199997e+08,1.7407861e+08,1.207864e+07
8.000008e-06,0.9992877,16.0,86.0,7.849994e+08,7.4371744e+08,4.1281984e+07
0.2980003,0.98717946,8.0,5.0,2.979999e+08,2.755318e+08,2.2468096e+07
0.15000015,0.99501425,16.0,192.0,6.550002e+08,5.623454e+08,9.265478e+07
0.06600007,0.99643874,16.0,22.0,4.9799952e+08,4.463596e+08,5.1639904e+07
0.024000024,0.9985755,8.0,24.0,1.5599999e+09,1.4699101e+09,9.008973e+07
0.24400024,0.988604,16.0,1.0,2.9999994e+08,2.8018218e+08,1.981776e+07
0.0,0.9992877,16.0,509.0,1.6200005e+09,1.5230721e+09,9.692838e+07
0.0,0.9992877,16.0,205.0,4.3499965e+08,4.32738e+08,2.261664e+06
0.35000035,0.9900285,25.0,34.0,2.9999994e+08,2.1213538e+08,8.786456e+07
0.12500012,0.99501425,16.0,172.0,9.889991e+08,7.671075e+08,2.2189158e+08
0.029000029,0.997151,16.0,1.0,5.169997e+08,4.949768e+08,2.2022912e+07
0.18000019,0.9900285,16.0,390.0,4.479998e+08,4.2528048e+08,2.2719328e+07
0.3000003,0.98504275,16.0,15.0,1.0400004e+08,1.22249944e+08,1.8249904e+07
0.2000002,0.99501425,16.0,155.0,3.0999974e+08,2.8728042e+08,2.2719328e+07
0.24900025,0.9843305,16.0,161.0,1.2499992e+08,1.126404e+08,1.235952e+07
0.025000025,0.99786323,16.0,143.0,3.6999997e+08,3.534243e+08,1.657568e+07
0.23500024,0.98575497,25.0,1.0,2.2999995e+08,2.3249461e+08,2.494656e+06
0.17000017,0.994302,0.0,119.0,5.2500006e+08,4.529557e+08,7.204435e+07
0.18000019,0.98504275,30.0,264.0,2.6500011e+08,2.373136e+08,2.7686512e+07
0.013500013,0.9992877,16.0,86.0,7.9499994e+08,7.398493e+08,5.5150656e+07
0.011111011,0.99216527,16.0,564.0,2.1000011e+08,2.2588672e+08,1.5886608e+07
0.12600012,0.99572647,16.0,192.0,5.979996e+08,5.8769075e+08,1.0308864e+07
0.4090004,0.98504275,25.0,42.0,1.8999994e+08,1.7756483e+08,1.2435104e+07
0.27500027,0.988604,26.0,213.0,2.2000018e+08,2.94686e+08,7.468584e+07
0.00999901,0.98575497,0.0,77.0,3.1900006e+08,3.1289328e+08,6.106784e+06
0.01050001,0.9985755,23.0,117.0,9.149992e+08,6.684759e+08,2.4652326e+08
0.18300018,0.98789173,25.0,127.0,2.2999995e+08,2.1364957e+08,1.6350384e+07
0.17000017,0.98575497,16.0,186.0,3.300001e+09,3.4426158e+09,1.4261478e+08
0.03000003,0.99643874,23.0,118.0,6.199998e+08,5.79063e+08,4.093683e+07
0.01000001,0.99786323,16.0,192.0,7.499995e+08,6.994005e+08,5.0598976e+07
0.05300005,0.997151,16.0,22.0,4.9799952e+08,4.6481386e+08,3.3185664e+07
0.2000002,0.9928775,26.0,2.0,2.2500006e+08,2.0286974e+08,2.213032e+07
0.28600028,0.98717946,25.0,5.0,2.350002e+08,2.705135e+08,3.551331e+07
0.11111111,0.98717946,16.0,106.0,3.3499984e+08,2.0145693e+08,1.3354291e+08
0.2000002,0.98717946,25.0,167.0,1.1000009e+09,8.183685e+08,2.816324e+08
0.2900003,0.9900285,16.0,116.0,1.7999987e+08,1.8794547e+08,7.9456e+06
0.13000013,0.994302,25.0,154.0,3.8000026e+09,2.8465536e+09,9.5344896e+08
0.27700028,0.991453,16.0,379.0,1.7999987e+08,1.7934771e+08,652160.0
0.016200015,0.99786323,16.0,71.0,8.349998e+08,8.6059405e+08,2.559424e+07
0.18600018,0.9893162,25.0,96.0,8.500002e+08,6.4356384e+08,2.0643635e+08
0.19000019,0.99501425,16.0,208.0,4.9000016e+08,4.5235222e+08,3.7647936e+07
0.3210003,0.982906,16.0,38.0,1.1000003e+08,1.1765097e+08,7.650936e+06
0.32000032,0.988604,8.0,5.0,2.949998e+08,2.9475066e+08,249152.0
0.11000011,0.994302,23.0,75.0,8.899995e+08,8.389525e+08,5.1046976e+07
0.11800012,0.991453,16.0,303.0,7.299996e+09,5.4779663e+09,1.8220298e+09
0.38000038,0.98717946,16.0,5.0,2.6500011e+08,2.7537315e+08,1.037304e+07
0.2000002,0.98646724,25.0,67.0,9.699991e+07,9.800059e+07,1.00068e+06
0.13800013,0.982906,23.0,5.0,1.7999987e+08,2.1357134e+08,3.357147e+07
0.12000012,0.99501425,16.0,179.0,5.0000013e+08,5.2321267e+08,2.3212544e+07
0.14600015,0.991453,16.0,406.0,9.3000064e+08,8.8064794e+08,4.9352704e+07
0.25500026,0.9907407,25.0,89.0,2.4999995e+08,2.5448866e+08,4.488704e+06
0.43800044,0.98504275,26.0,1.0,2.569998e+08,2.0748902e+08,4.9510784e+07
0.16700016,0.9893162,16.0,74.0,2.1000011e+08,1.8090059e+08,2.909952e+07
0.12345612,0.99501425,16.0,1.0,3.99e+08,4.2405494e+08,2.5054944e+07
0.06700007,0.991453,23.0,374.0,3.9999992e+09,3.0585756e+09,9.414236e+08
0.09400009,0.99501425,16.0,63.0,5.4500026e+08,4.8563738e+08,5.936288e+07
0.15500015,0.99358976,16.0,308.0,2.2999995e+08,2.3129288e+08,1.292928e+06
0.25000024,0.9907407,8.0,171.0,3.0999974e+08,3.0841565e+08,1.584096e+06
0.24500024,0.982906,16.0,145.0,1.1000003e+08,9.89108e+07,1.1089232e+07
0.2900003,0.98789173,6.0,33.0,1.2499992e+08,1.3127693e+08,6.277008e+06
0.18000019,0.9907407,16.0,106.0,4.7900003e+08,2.709121e+08,2.0808794e+08
0.026000027,0.9985755,25.0,192.0,7.0999994e+08,7.4746464e+08,3.7464704e+07
0.06600007,0.99786323,16.0,28.0,6.749999e+08,6.546018e+08,2.039808e+07
0.001000001,0.99643874,16.0,375.0,7.600005e+08,6.510965e+08,1.08904e+08
0.04000004,0.997151,16.0,16.0,3.549998e+08,3.467994e+08,8.200416e+06
0.3000003,0.98646724,23.0,4.0,2.9999994e+08,1.877785e+08,1.1222144e+08
0.0,0.9985755,16.0,156.0,2.8499978e+09,2.5098335e+09,3.4016435e+08
0.35000035,0.9843305,16.0,140.0,9.699991e+07,1.1083698e+08,1.3837064e+07
0.2000002,0.98504275,30.0,68.0,9.000006e+07,8.619506e+07,3.805008e+06
0.28000027,0.991453,25.0,34.0,2.549998e+08,2.3566496e+08,1.9334848e+07
0.058000058,0.99643874,16.0,29.0,3.4000022e+08,3.2446205e+08,1.5538176e+07
0.36200038,0.9907407,25.0,53.0,2.6500011e+08,2.3142526e+08,3.357485e+07
0.098000094,0.99501425,23.0,107.0,1.2300009e+09,1.0803351e+09,1.496658e+08
0.0,0.9985755,16.0,103.0,8.4500045e+08,8.8946323e+08,4.4462784e+07
0.0075000073,0.9736467,16.0,507.0,8.899995e+08,4.752416e+08,4.147579e+08
0.03200003,0.997151,16.0,106.0,3.4999968e+08,4.0181427e+08,5.181459e+07
0.013000013,0.99786323,19.0,42.0,5.800004e+08,4.9889795e+08,8.110243e+07
0.001000001,0.9992877,16.0,9.0,3.3499984e+08,3.254376e+08,9.56224e+06
0.0,0.9985755,16.0,423.0,1.0500006e+09,9.274321e+08,1.2256845e+08
0.0,0.9992877,16.0,36.0,4.3699965e+08,4.0440538e+08,3.2594272e+07
0.28000027,0.988604,25.0,89.0,2.4499997e+08,2.219715e+08,2.3028464e+07
0.0,0.9992877,16.0,253.0,5.500002e+08,4.5438954e+08,9.561066e+07
0.2000002,0.99216527,16.0,38.0,2.4999995e+08,2.0347504e+08,4.652491e+07
0.18000019,0.994302,8.0,64.0,3.750003e+08,3.6517843e+08,9.821856e+06
0.2000002,0.9900285,16.0,379.0,1.6499989e+08,1.6648125e+08,1.48136e+06
0.095450096,0.99358976,23.0,300.0,9.2000064e+08,7.3972506e+08,1.8027558e+08
0.16000016,0.99501425,8.0,180.0,5.6999955e+08,5.491511e+08,2.0848448e+07
0.07900008,0.99501425,8.0,217.0,2.4800015e+09,1.4095951e+09,1.0704064e+09
0.3000003,0.98717946,26.0,194.0,1.499999e+08,1.6242725e+08,1.2427344e+07
0.16000016,0.99216527,16.0,298.0,2.4699986e+09,1.8429948e+09,6.270038e+08
0.35000035,0.98575497,9.0,376.0,1.499999e+08,1.7048515e+08,2.0485248e+07
0.2000002,0.994302,16.0,5.0,4.699997e+08,4.188021e+08,5.11976e+07
0.20900021,0.99358976,16.0,11.0,3.5999994e+08,3.336938e+08,2.6306144e+07
0.07600008,0.994302,16.0,508.0,2.3499986e+09,2.1503355e+09,1.996631e+08
0.2900003,0.9900285,16.0,116.0,1.7999987e+08,1.8794547e+08,7.9456e+06
0.07000007,0.99572647,16.0,192.0,6.199998e+08,6.165787e+08,3.42112e+06
0.17000017,0.99216527,16.0,263.0,2.2999995e+08,2.0681378e+08,2.3186176e+07
0.23000023,0.99358976,8.0,53.0,3.6999997e+08,3.1207494e+08,5.7925024e+07
0.09000009,0.99501425,16.0,1.0,4.3499965e+08,4.315231e+08,3.476544e+06
0.17597717,0.9843305,15.0,15.0,1.2499992e+08,1.1631179e+08,8.688128e+06
0.43800044,0.98504275,26.0,1.0,2.569998e+08,2.0748902e+08,4.9510784e+07
0.0,0.9992877,16.0,49.0,2.9999994e+08,3.5522602e+08,5.522608e+07
0.08500008,0.99643874,23.0,118.0,6.0900026e+08,5.4037856e+08,6.86217e+07
0.082000084,0.9729345,16.0,106.0,3.999997e+08,1.0482651e+08,2.951732e+08
0.26500025,0.98789173,16.0,273.0,2.850002e+08,2.9836618e+08,1.3365984e+07
0.19000019,0.98504275,6.0,1.0,2.149998e+08,2.1368014e+08,1.319664e+06
0.35000035,0.980057,6.0,440.0,5.500002e+08,4.126585e+08,1.373417e+08
0.01000001,0.997151,8.0,34.0,4.5000035e+08,3.950878e+08,5.4912544e+07
0.0001000001,0.9992877,16.0,102.0,5.480001e+08,4.779168e+08,7.008333e+07
0.17900018,0.99216527,0.0,169.0,3.4899978e+08,3.476272e+08,1.372576e+06
0.0,0.9992877,16.0,410.0,2.8499978e+09,2.3364923e+09,5.1350554e+08
0.2000002,0.99216527,9.0,11.0,2.4000018e+08,3.130694e+08,7.306923e+07
0.0025000025,0.9907407,16.0,57.0,3.0999974e+08,3.2175843e+08,1.1758688e+07
0.1000001,0.99501425,16.0,289.0,8.249995e+08,7.950257e+08,2.997376e+07
0.078000076,0.99572647,16.0,28.0,6.3000006e+08,6.002096e+08,2.9790464e+07
0.17000017,0.99358976,21.0,13.0,8.999994e+08,8.242791e+08,7.572032e+07
0.028000029,0.99786323,23.0,71.0,7.869993e+08,8.324332e+08,4.543392e+07
0.2900003,0.991453,16.0,57.0,2.7499997e+08,3.0385542e+08,2.8855456e+07
0.0,0.9992877,16.0,407.0,9.4999974e+08,9.7471034e+08,2.4710592e+07
0.32000032,0.988604,23.0,106.0,2.350002e+08,1.9342022e+08,4.157997e+07
0.17500018,0.994302,23.0,51.0,6.050002e+08,5.036901e+08,1.0131008e+08
0.08000008,0.994302,16.0,189.0,1.9500018e+09,1.8408412e+09,1.0916058e+08
0.0,0.9992877,16.0,321.0,3.3499984e+08,3.2678736e+08,8.21248e+06
0.20700021,0.9900285,23.0,284.0,1.4000001e+09,1.016611e+09,3.8338912e+08
0.16000016,0.99216527,23.0,115.0,2.3499986e+09,2.4547907e+09,1.0479206e+08
0.5000005,0.98575497,13.0,97.0,1.1000003e+08,1.1339811e+08,3.39808e+06
0.004100004,0.9985755,23.0,51.0,9.2000064e+08,7.0838483e+08,2.116158e+08
0.095000096,0.997151,16.0,28.0,6.799995e+08,6.220573e+08,5.794221e+07
0.21300021,0.99358976,0.0,206.0,5.6999955e+08,5.4790086e+08,2.2098688e+07
0.13900013,0.99572647,16.0,2.0,2.8200022e+08,2.4725426e+08,3.474597e+07
0.0,0.9992877,23.0,195.0,2.890002e+09,2.5894597e+09,3.005422e+08
0.4000004,0.98504275,23.0,34.0,1.499999e+08,1.4214523e+08,7.854672e+06
0.02000002,0.997151,23.0,85.0,7.999998e+08,7.661483e+08,3.385152e+07
0.0,0.9992877,16.0,106.0,2.9999994e+08,3.3202595e+08,3.2026016e+07
0.044000044,0.99501425,16.0,80.0,1.8399987e+09,1.747087e+09,9.291174e+07
0.23000023,0.982906,16.0,12.0,8.4999976e+07,1.05073736e+08,2.007376e+07
0.10500011,0.99643874,23.0,118.0,4.950004e+08,5.278587e+08,3.2858304e+07
0.027000027,0.99572647,16.0,192.0,6.3000006e+08,6.48766e+08,1.8765952e+07
0.0960001,0.994302,16.0,46.0,1.2899988e+09,1.4226899e+09,1.3269107e+08
0.018000018,0.9985755,23.0,191.0,8.6999974e+08,8.734481e+08,3.448384e+06
0.3000003,0.98361826,23.0,56.0,9.699991e+07,1.3962526e+08,4.262535e+07
0.0,0.9992877,16.0,23.0,1.8499999e+09,1.7481403e+09,1.0185958e+08
0.01000001,0.98646724,25.0,15.0,1.1000003e+08,1.1711676e+08,7.116728e+06
0.065000065,0.997151,16.0,16.0,3.4500026e+08,3.4148723e+08,3.513024e+06
0.0,0.9992877,16.0,8.0,1.1300004e+09,1.1068408e+09,2.3159552e+07
0.33500034,0.988604,26.0,1.0,2.850002e+08,2.7155568e+08,1.3444512e+07
0.2000002,0.99216527,16.0,164.0,1.2999993e+08,2.0384485e+08,7.384492e+07
0.17500018,0.994302,16.0,5.0,4.9799952e+08,4.2695638e+08,7.104314e+07
0.12000012,0.99572647,16.0,28.0,6.1000006e+08,5.7614355e+08,3.385651e+07
0.029000029,0.99786323,16.0,86.0,6.799995e+08,6.846939e+08,4.6944e+06
0.05000005,0.99786323,8.0,51.0,6.600002e+08,6.7457517e+08,1.4574976e+07
0.0,0.9992877,16.0,51.0,8.1999974e+08,7.002548e+08,1.1974496e+08
0.08500008,0.99643874,0.0,17.0,5.3000048e+08,5.1508627e+08,1.4914208e+07
0.3000003,0.98575497,25.0,1.0,2.6500011e+08,2.2265843e+08,4.234168e+07
0.01000001,0.99786323,16.0,16.0,3.8000006e+08,3.6695606e+08,1.3044e+07
0.12000012,0.99358976,23.0,1.0,3.5999994e+08,3.9252125e+08,3.2521312e+07
0.2050002,0.98361826,13.0,106.0,9.3999944e+07,1.4406267e+08,5.006273e+07
0.15550016,0.99358976,23.0,396.0,1.0500006e+09,9.7498925e+08,7.501133e+07
0.0,0.9992877,23.0,159.0,1.3299987e+09,1.2313012e+09,9.869747e+07
0.12500012,0.997151,16.0,16.0,3.2599984e+08,3.3138822e+08,5.388384e+06
0.17600018,0.99358976,0.0,509.0,6.199998e+08,6.7750995e+08,5.7510144e+07
0.4900005,0.98504275,16.0,145.0,1.1499992e+08,1.0946047e+08,5.539448e+06
0.011111011,0.98361826,15.0,15.0,8.4999976e+07,9.5589736e+07,1.058976e+07
0.013000013,0.9985755,16.0,86.0,7.3499955e+08,7.286652e+08,6.334336e+06
0.05000005,0.9821937,16.0,59.0,1.2499992e+08,1.3629464e+08,1.129472e+07
0.7000007,0.994302,16.0,62.0,3.1199997e+08,3.0727712e+08,4.722848e+06
0.0,0.9992877,16.0,496.0,1.7303e+09,1.8725962e+09,1.422962e+08
0.014000014,0.9985755,16.0,575.0,7.2499974e+08,4.653843e+08,2.5961546e+08
0.3000003,0.98789173,23.0,149.0,1.7000003e+08,1.665848e+08,3.415232e+06
0.11100011,0.99358976,16.0,2.0,2.5299995e+08,2.2219176e+08,3.0808192e+07
0.03753904,0.9900285,16.0,66.0,1.5799994e+08,1.6322011e+08,5.220176e+06
0.016000016,0.9985755,16.0,8.0,1.1499997e+09,1.1159922e+09,3.400755e+07
0.11000011,0.997151,16.0,342.0,4.4500035e+08,4.8694518e+08,4.194483e+07
0.24000023,0.98717946,25.0,82.0,1.8499989e+08,1.423574e+08,4.264248e+07
0.06700007,0.9992877,16.0,215.0,1.8599986e+09,1.7289969e+09,1.3100173e+08
0.35000035,0.98575497,25.0,1.0,2.2500006e+08,2.2586432e+08,864256.0
0.15000015,0.9900285,15.0,106.0,3.2999994e+08,2.3577106e+08,9.422888e+07
0.1950002,0.99358976,16.0,58.0,2.7499997e+08,2.0800573e+08,6.699424e+07
0.2000002,0.98504275,30.0,68.0,9.000006e+07,8.619506e+07,3.805008e+06
0.22222123,0.99572647,25.0,53.0,3.6200016e+08,3.4152698e+08,2.0473184e+07
0.0012000012,0.9985755,16.0,24.0,1.5900006e+09,1.566234e+09,2.3766656e+07
0.23000023,0.98717946,26.0,33.0,1.4499995e+08,1.25305464e+08,1.9694488e+07
0.23900025,0.9900285,16.0,46.0,1.2999999e+09,9.994611e+08,3.0053875e+08
0.034000035,0.99501425,16.0,113.0,1.2499997e+09,1.07317984e+09,1.768199e+08
0.1980002,0.99358976,23.0,57.0,3.2999994e+08,3.308678e+08,867872.0
0.28000027,0.99358976,16.0,58.0,2.1000011e+08,2.0163914e+08,8.360976e+06
0.0,0.9992877,23.0,302.0,1.1899995e+09,1.3678117e+09,1.7781222e+08
0.14600015,0.991453,16.0,406.0,9.3000064e+08,8.8064794e+08,4.9352704e+07
0.10500011,0.99572647,16.0,11.0,3.969997e+08,4.042496e+08,7.249888e+06
0.013000013,0.99643874,16.0,123.0,3.579998e+08,3.434783e+08,1.4521504e+07
0.16300017,0.994302,16.0,125.0,7.0600006e+08,5.017427e+08,2.0425738e+08
0.13000013,0.99572647,16.0,11.0,4.299998e+08,3.962402e+08,3.3759616e+07
0.28000027,0.98789173,16.0,1.0,2.5999997e+08,2.6670894e+08,6.708976e+06
0.23000023,0.9900285,16.0,66.0,1.5699989e+08,1.6912037e+08,1.212048e+07
0.23000023,0.988604,8.0,1.0,2.87e+08,2.7727843e+08,9.721568e+06
1.000001e-06,0.9992877,16.0,496.0,1.9760006e+09,1.8726106e+09,1.0339008e+08
0.3000003,0.98646724,6.0,5.0,2.2999995e+08,2.3910965e+08,9.109696e+06
0.25000024,0.982906,16.0,78.0,9.499993e+07,1.0146946e+08,6.469528e+06
0.078000076,0.99501425,16.0,61.0,7.57e+08,6.7477594e+08,8.222406e+07
0.2000002,0.9928775,16.0,11.0,3.4999968e+08,3.2318477e+08,2.6814912e+07
0.48000047,0.98717946,25.0,82.0,1.17999976e+08,1.3250682e+08,1.450684e+07
0.2000002,0.9893162,16.0,1.0,3.250003e+08,3.0774634e+08,1.7253952e+07
0.0,0.9992877,23.0,312.0,1.2666995e+09,1.428329e+09,1.6162944e+08
0.3980004,0.98789173,23.0,90.0,1.4999997e+09,1.4119604e+09,8.80393e+07
0.02010602,0.99216527,16.0,38.0,2.8e+08,2.2235669e+08,5.764331e+07
0.06800007,0.99501425,16.0,58.0,2.7599994e+08,2.5106317e+08,2.4936768e+07
0.17000017,0.988604,16.0,398.0,1.5499988e+09,1.0537242e+09,4.9627462e+08
0.22400023,0.9928775,16.0,130.0,2.850002e+08,2.8371856e+08,1.281632e+06
0.11100011,0.99501425,16.0,189.0,2.0999982e+09,1.78543e+09,3.145682e+08
0.2000002,0.9893162,16.0,1.0,3.250003e+08,3.0774634e+08,1.7253952e+07
0.0013000013,0.9985755,16.0,9.0,3.2999994e+08,3.1938544e+08,1.0614496e+07
0.2850003,0.988604,16.0,333.0,3.8000006e+08,3.773098e+08,2.690272e+06
0.06300006,0.997151,16.0,1.0,4.950004e+08,4.8146858e+08,1.3531808e+07
0.14600015,0.99501425,23.0,29.0,2.850002e+08,2.8610038e+08,1.100192e+06
0.35000035,0.97649574,18.0,77.0,3.2999994e+08,2.1684608e+08,1.1315386e+08
0.26100028,0.9843305,16.0,131.0,1.2649998e+09,1.8711574e+09,6.061576e+08
0.48000047,0.9900285,0.0,548.0,4.0999968e+08,2.5446779e+08,1.5553189e+08
0.037000038,0.997151,16.0,289.0,1.0799992e+09,8.827198e+08,1.9727942e+08
0.011111011,0.9843305,16.0,7.0,1.2000003e+08,1.04655704e+08,1.5344328e+07
0.1000001,0.99501425,16.0,85.0,6.1000006e+08,6.3404806e+08,2.4048e+07
0.12500012,0.99216527,15.0,370.0,1.7999996e+09,1.5456943e+09,2.5430528e+08
0.0,0.9992877,16.0,142.0,1.6141002e+09,1.805491e+09,1.9139072e+08
0.06800007,0.997151,16.0,1.0,4.099903e+08,4.7969123e+08,6.970093e+07
0.02000002,0.99786323,16.0,24.0,1.4500003e+09,1.4769078e+09,2.690752e+07
0.016000016,0.9985755,16.0,157.0,4.600001e+08,4.7203008e+08,1.2029984e+07
0.13300014,0.98646724,15.0,232.0,1.4499995e+08,1.5279976e+08,7.799808e+06
0.12000012,0.997151,16.0,22.0,4.5000035e+08,4.3734986e+08,1.2650496e+07
0.14600015,0.99358976,16.0,493.0,4.299998e+08,4.7199677e+08,4.199696e+07
0.43900043,0.988604,23.0,66.0,1.4499995e+08,1.5102794e+08,6.027984e+06
0.32500032,0.9900285,26.0,138.0,1.7299989e+08,1.7608256e+08,3.082672e+06
0.3000003,0.9900285,16.0,69.0,1.8499989e+08,1.7277005e+08,1.222984e+07
0.09100009,0.997151,16.0,5.0,5.2500006e+08,5.276976e+08,2.697536e+06
0.0,0.9992877,23.0,23.0,1.8599986e+09,1.7243072e+09,1.356914e+08
0.29500028,0.9907407,9.0,106.0,2.2500006e+08,2.3790277e+08,1.2902704e+07
0.24000023,0.9907407,25.0,4.0,2.9000003e+08,2.5933086e+08,3.0669168e+07
0.14500014,0.9928775,16.0,1.0,3.8499968e+08,3.8069e+08,4.309696e+06
0.0,0.9992877,16.0,0.0,4.149996e+08,3.9780394e+08,1.719568e+07
0.24500024,0.991453,0.0,58.0,1.9500008e+08,2.0009402e+08,5.093936e+06
0.23000023,0.98789173,23.0,362.0,6.5e+09,4.6561183e+09,1.8438815e+09
0.35000035,0.98575497,26.0,106.0,1.4499995e+08,1.6992158e+08,2.4921632e+07
0.2940003,0.9900285,16.0,20.0,1.7999987e+08,1.6513717e+08,1.4862704e+07
0.033333033,0.9807692,16.0,74.0,8.699993e+07,1.19429416e+08,3.2429488e+07
0.058000058,0.997151,16.0,5.0,5.4500026e+08,5.346231e+08,1.0377152e+07
0.21500021,0.99358976,16.0,138.0,2.2799994e+08,2.2197066e+08,6.02928e+06
0.11110011,0.9893162,25.0,53.0,2.0500013e+08,2.4214379e+08,3.7143664e+07
0.3000003,0.991453,16.0,5.0,3.2999994e+08,3.4402576e+08,1.4025824e+07
0.12000012,0.99501425,16.0,333.0,5.979996e+08,6.1195315e+08,1.3953536e+07
0.2980003,0.98717946,8.0,5.0,2.979999e+08,2.755318e+08,2.2468096e+07
0.15300015,0.99216527,16.0,298.0,2.3000005e+09,1.8610952e+09,4.3890534e+08
0.3000003,0.98575497,26.0,15.0,1.00000024e+08,1.29438776e+08,2.9438752e+07
0.15715715,0.99358976,16.0,438.0,5.8999994e+08,5.313193e+08,5.868064e+07
0.03200003,0.99786323,23.0,37.0,5.8999994e+08,5.4401875e+08,4.5981184e+07
0.095000096,0.997151,16.0,28.0,6.799995e+08,6.220573e+08,5.794221e+07
0.07500008,0.994302,16.0,29.0,2.7499997e+08,2.9208173e+08,1.708176e+07
0.09000009,0.9928775,23.0,115.0,2.700002e+09,2.6989158e+09,1.086208e+06
0.0,0.9992877,16.0,106.0,2.0000014e+08,3.3202595e+08,1.3202581e+08
0.16600017,0.9928775,16.0,28.0,5.500002e+08,4.8994502e+08,6.005517e+07
0.011000011,0.9985755,16.0,27.0,6.199998e+08,6.020212e+08,1.7978624e+07
0.07000007,0.997151,16.0,28.0,6.3000006e+08,6.3719046e+08,7.1904e+06
0.011111011,0.98646724,25.0,212.0,2.1000011e+08,1.7795474e+08,3.2045376e+07
0.25000024,0.9843305,23.0,1.0,2.4999995e+08,2.0583035e+08,4.41696e+07
0.12200012,0.99501425,16.0,430.0,1.2699992e+09,1.1655525e+09,1.0444672e+08
0.0,0.9992877,16.0,49.0,2.7999986e+07,3.5522602e+08,3.2722602e+08
0.095000096,0.99501425,16.0,223.0,2.6500011e+08,2.4863707e+08,1.636304e+07
0.24000023,0.9900285,14.0,284.0,1.2200006e+09,9.517045e+08,2.6829613e+08
0.5000005,0.9900285,26.0,235.0,2.8e+08,2.2699454e+08,5.3005456e+07
0.015000015,0.99786323,16.0,42.0,5.890003e+08,5.1099206e+08,7.800826e+07
0.0012000012,0.9992877,16.0,101.0,7.0500026e+08,6.7650534e+08,2.8494912e+07
0.0,0.9992877,2.0,106.0,7.9999944e+07,6.839274e+07,1.1607208e+07
0.36000037,0.988604,25.0,53.0,2.1699998e+08,2.0321053e+08,1.3789456e+07
0.08000008,0.99643874,16.0,0.0,3.2000006e+08,3.385843e+08,1.8584224e+07
0.09000009,0.99643874,9.0,127.0,2.1000011e+08,3.645785e+08,1.5457838e+08
0.1980002,0.99358976,23.0,57.0,3.2999994e+08,3.308678e+08,867872.0
0.11000011,0.99358976,23.0,8.0,9.8999936e+08,8.936669e+08,9.633248e+07
0.01900002,0.9985755,16.0,547.0,3.9499965e+08,3.8983376e+08,5.165888e+06
0.045000046,0.994302,16.0,90.0,4.949997e+09,3.1606226e+09,1.7893745e+09
0.35000035,0.9843305,6.0,1.0,1.7000003e+08,2.0921491e+08,3.921488e+07
0.3108653,0.988604,10.0,82.0,1.2499992e+08,1.2293834e+08,2.061584e+06
0.22200023,0.99216527,23.0,1.0,3.8000006e+08,3.403954e+08,3.960467e+07
0.12700012,0.99358976,16.0,425.0,9.599998e+08,8.8778016e+08,7.221965e+07
0.116000116,0.994302,16.0,1.0,4.0499974e+08,4.1272778e+08,7.728032e+06
0.0,0.9992877,16.0,22.0,6.199998e+08,3.0853686e+08,3.1146294e+08
0.35000035,0.98646724,25.0,114.0,1.550001e+08,1.2745365e+08,2.7546448e+07
0.15000015,0.9928775,25.0,58.0,2.180002e+08,2.0869003e+08,9.31016e+06
0.013500013,0.9992877,16.0,86.0,7.9499994e+08,7.398493e+08,5.5150656e+07
0.02100002,0.99501425,23.0,322.0,5.1499984e+08,4.827854e+08,3.2214432e+07
0.01000001,0.99643874,16.0,457.0,4.9999988e+07,3.8851546e+08,3.3851546e+08
0.011111011,0.98789173,16.0,5.0,2.7000006e+08,3.0349862e+08,3.349856e+07
0.13000013,0.99643874,16.0,321.0,2.949998e+08,2.8610582e+08,8.893984e+06
0.11000011,0.9907407,23.0,106.0,9.4999974e+08,2.881953e+08,6.618044e+08
0.4000004,0.988604,25.0,479.0,2.4000018e+08,1.6849381e+08,7.150637e+07
0.1000001,0.99572647,16.0,80.0,1.7999996e+09,1.3490506e+09,4.50949e+08
0.2000002,0.9928775,23.0,1.0,3.5999994e+08,3.589146e+08,1.085344e+06
0.0,0.9992877,23.0,422.0,3.9739994e+09,4.5463076e+09,5.723082e+08
0.2000002,0.9907407,19.0,466.0,7.900001e+09,4.496608e+09,3.4033925e+09
0.1990002,0.98361826,16.0,59.0,1.750001e+08,1.5942696e+08,1.5573136e+07
0.15100016,0.994302,16.0,179.0,3.999997e+08,4.925799e+08,9.258019e+07
0.06700007,0.9928775,16.0,76.0,8.700001e+09,6.335467e+09,2.3645343e+09
0.078000076,0.994302,16.0,90.0,4.099999e+09,2.9506468e+09,1.1493522e+09
0.05000005,0.997151,26.0,128.0,5.6999955e+08,5.1185437e+08,5.8145184e+07
0.2000002,0.97863245,16.0,151.0,4.0000028e+07,2.0452366e+08,1.6452363e+08
0.3000003,0.988604,25.0,56.0,2.670001e+08,1.9452458e+08,7.247552e+07
0.0,0.9992877,16.0,520.0,3.8100016e+08,3.767345e+08,4.265664e+06
0.11110011,0.98504275,16.0,259.0,1.04499974e+09,7.7028614e+08,2.747136e+08
0.3000003,0.9900285,16.0,69.0,1.8499989e+08,1.7277005e+08,1.222984e+07
0.11111111,0.9900285,0.0,454.0,5.0000013e+08,4.3785232e+08,6.214781e+07
0.07000007,0.99786323,16.0,5.0,4.7999965e+08,5.503958e+08,7.039613e+07
0.04800005,0.99786323,16.0,60.0,6.799995e+08,6.919065e+08,1.1907008e+07
0.7000007,0.994302,16.0,62.0,3.1199997e+08,3.0727712e+08,4.722848e+06
0.3000003,0.9907407,23.0,1.0,3.2999994e+08,2.9991126e+08,3.0088672e+07
0.3000003,0.9900285,23.0,112.0,1.750001e+08,1.526314e+08,2.2368704e+07
0.13000013,0.99216527,8.0,34.0,3.3333312e+08,2.8837894e+08,4.4954176e+07
0.18000019,0.994302,8.0,64.0,3.750003e+08,3.6517843e+08,9.821856e+06
0.26000026,0.98504275,16.0,15.0,1.0500001e+08,1.2391319e+08,1.8913184e+07
0.0011110011,0.9928775,21.0,106.0,1.1700005e+09,3.4067923e+08,8.293213e+08
0.46000046,0.98575497,16.0,15.0,1.2999993e+08,1.1983832e+08,1.0161608e+07
0.058000058,0.99358976,16.0,5.0,4.8499958e+08,4.392509e+08,4.574867e+07
0.42800042,0.98646724,6.0,15.0,1.4499995e+08,1.2930257e+08,1.5697384e+07
0.035644036,0.9907407,16.0,57.0,3.4000022e+08,3.1192022e+08,2.808e+07
0.14000013,0.9928775,8.0,386.0,2.5799976e+08,2.5192421e+08,6.075552e+06
0.15500015,0.9928775,16.0,42.0,4.149996e+08,3.7358675e+08,4.1412864e+07
0.13000013,0.99572647,16.0,11.0,4.299998e+08,3.962402e+08,3.3759616e+07
0.10850011,0.99501425,16.0,339.0,1.02000026e+09,1.0978985e+09,7.789824e+07
0.095000096,0.997151,16.0,28.0,6.799995e+08,6.220573e+08,5.794221e+07
0.28000027,0.98646724,16.0,326.0,9.699996e+08,8.5709997e+08,1.1289965e+08
0.25000024,0.98504275,16.0,15.0,1.17999976e+08,1.2524788e+08,7.247904e+06
0.23111223,0.9843305,30.0,468.0,1.499999e+08,1.4148874e+08,8.511168e+06
0.32000032,0.991453,0.0,77.0,4.550001e+08,3.888372e+08,6.616291e+07
0.0,0.9992877,16.0,0.0,4.199996e+08,3.9780394e+08,2.219568e+07
0.03200003,0.99358976,16.0,58.0,2.0000014e+08,2.3775851e+08,3.775837e+07
0.095000096,0.994302,16.0,72.0,3.7000015e+09,3.2402312e+09,4.5977037e+08
0.01000001,0.99786323,16.0,22.0,5.3000048e+08,5.0449197e+08,2.5508512e+07
0.15000015,0.98504275,25.0,1.0,2.0000014e+08,2.2890147e+08,2.8901328e+07
0.0,0.9992877,16.0,181.0,9.4999974e+08,8.3957997e+08,1.1041978e+08
0.107000105,0.99501425,16.0,185.0,6.799995e+08,5.829605e+08,9.703898e+07
0.05900006,0.99643874,23.0,113.0,1.2950008e+09,1.098705e+09,1.962958e+08
0.18000019,0.98789173,16.0,5.0,3.1900006e+08,3.0930992e+08,9.690144e+06
0.23000023,0.9900285,26.0,506.0,5.0999987e+08,4.5297558e+08,5.702429e+07
0.2014002,0.98646724,16.0,106.0,1.4499995e+08,1.8124597e+08,3.6246016e+07
0.08000008,0.99572647,8.0,430.0,1.2200006e+09,1.1632294e+09,5.67712e+07
0.43000042,0.991453,26.0,245.0,3.1499987e+08,3.2865382e+08,1.3653952e+07
0.3000003,0.988604,16.0,5.0,2.7499997e+08,2.997877e+08,2.4787744e+07
0.006000006,0.9992877,16.0,128.0,6.3000006e+08,6.017583e+08,2.8241792e+07
0.082000084,0.997151,8.0,85.0,6.650003e+08,7.111574e+08,4.6157056e+07
0.15600015,0.994302,16.0,32.0,3.999997e+08,3.8131347e+08,1.868624e+07
0.0,0.9985755,16.0,85.0,7.499995e+08,8.248138e+08,7.481434e+07
0.12000012,0.994302,16.0,192.0,6.179998e+08,5.634545e+08,5.454528e+07
0.07000007,0.99643874,16.0,99.0,5.4500026e+08,5.0460746e+08,4.03928e+07
0.24000023,0.9928775,16.0,1.0,3.9299994e+08,3.575924e+08,3.540755e+07
0.011111011,0.98504275,16.0,82.0,1.1000003e+08,1.1022307e+08,223040.0
0.2000002,0.98504275,6.0,1.0,2.1000011e+08,2.1507651e+08,5.0764e+06
0.17600018,0.98646724,22.0,415.0,3.5999994e+08,3.33958e+08,2.604192e+07
0.07000007,0.994302,16.0,530.0,3.9499986e+09,3.9477842e+09,2.2144e+06
0.25000024,0.982906,16.0,15.0,1.0500001e+08,1.1425416e+08,9.254152e+06
0.0,0.9992877,16.0,451.0,4.5000035e+08,4.6171683e+08,1.171648e+07
0.03800004,0.988604,16.0,82.0,1.3999994e+08,1.4385728e+08,3.857344e+06
0.0,0.9992877,23.0,92.0,3.9739994e+09,3.7265324e+09,2.47467e+08
0.04000004,0.99786323,16.0,118.0,6.4000045e+08,6.414119e+08,1.411456e+06
0.008000008,0.9985755,2.0,51.0,6.499996e+08,5.506373e+08,9.93623e+07
0.22222222,0.9843305,16.0,12.0,1.550001e+08,1.1147216e+08,4.3527936e+07
0.25000024,0.98504275,16.0,145.0,1.1499992e+08,1.1036023e+08,4.639688e+06
0.01000001,0.99786323,23.0,108.0,7.200002e+08,7.0795264e+08,1.2047552e+07
0.12548213,0.982906,13.0,87.0,1.2000003e+08,1.0045041e+08,1.9549624e+07
0.062000062,0.99643874,16.0,118.0,5.3000048e+08,6.011709e+08,7.11704e+07
0.2110002,0.9928775,16.0,45.0,2.4000018e+08,2.1000373e+08,2.9996448e+07
0.18400018,0.99358976,25.0,53.0,3.6999997e+08,3.0369434e+08,6.630563e+07
0.01900002,0.9985755,16.0,16.0,3.8499968e+08,3.7462496e+08,1.037472e+07
0.0,0.99786323,0.0,310.0,7.899997e+08,4.7144342e+08,3.1855626e+08
0.06100006,0.99358976,16.0,328.0,7.3000064e+08,5.8669734e+08,1.433033e+08
0.0,0.9992877,16.0,49.0,2.7999986e+07,3.5522602e+08,3.2722602e+08
0.13100013,0.9928775,25.0,4.0,2.850002e+08,2.9869187e+08,1.369168e+07
0.08500008,0.99786323,23.0,37.0,5.3000048e+08,5.2692218e+08,3.078304e+06
0.23500024,0.988604,8.0,53.0,2.0500013e+08,2.339229e+08,2.8922768e+07
0.03000003,0.99643874,16.0,42.0,4.9799952e+08,4.8284067e+08,1.5158848e+07
0.041700043,0.99501425,23.0,217.0,1.4950013e+09,1.6681572e+09,1.7315584e+08
0.031000031,0.9985755,16.0,14.0,1.9500018e+09,1.8817513e+09,6.82505e+07
0.12600012,0.99572647,16.0,192.0,5.979996e+08,5.8769075e+08,1.0308864e+07
0.0,0.9992877,23.0,88.0,1.4369994e+09,1.3608612e+09,7.613824e+07
0.18000019,0.99216527,9.0,53.0,2.549998e+08,2.8805734e+08,3.3057536e+07
0.4052054,0.98575497,6.0,7.0,1.3999994e+08,1.2486123e+08,1.5138704e+07
0.041000042,0.9985755,23.0,292.0,1.8250008e+09,1.6972603e+09,1.2774054e+08
0.11111111,0.99786323,23.0,51.0,5.949994e+08,6.392453e+08,4.424589e+07
0.12000012,0.99501425,16.0,43.0,6.150001e+08,6.1660454e+08,1.604416e+06
0.1000001,0.9893162,16.0,5.0,2.4999995e+08,3.3504966e+08,8.504971e+07
0.24000023,0.98717946,25.0,18.0,3.4000022e+08,3.2969418e+08,1.0306048e+07
0.3000003,0.98575497,25.0,5.0,1.8999994e+08,2.4441608e+08,5.4416144e+07
0.0028000027,0.9985755,23.0,287.0,1.3699997e+09,1.0722326e+09,2.9776717e+08
0.32000032,0.98717946,26.0,1.0,3.999997e+08,2.4675533e+08,1.5324438e+08
0.0,0.9992877,16.0,576.0,2.1099995e+09,2.0221889e+09,8.781056e+07
0.12000012,0.994302,16.0,63.0,4.950004e+08,4.5805907e+08,3.694131e+07
0.2000002,0.9893162,8.0,1.0,3.0499987e+08,2.9361386e+08,1.1386016e+07
0.16200016,0.9928775,16.0,99.0,3.8000006e+08,4.0286717e+08,2.2867104e+07
0.0,0.9992877,16.0,128.0,7.4000026e+08,5.980236e+08,1.4197664e+08
0.26500025,0.98789173,25.0,15.0,1.4800005e+08,1.4564856e+08,2.351488e+06
0.12000012,0.994302,16.0,1.0,4.249999e+08,4.1187846e+08,1.312144e+07
0.025000025,0.9900285,16.0,38.0,1.7999987e+08,1.8165158e+08,1.651712e+06
0.0960001,0.988604,26.0,33.0,1.2000003e+08,1.2819995e+08,8.19992e+06
0.09100009,0.99643874,16.0,85.0,7.4000026e+08,6.786688e+08,6.1331456e+07
0.06000006,0.9992877,8.0,85.0,7.499995e+08,7.982104e+08,4.8210944e+07
0.1990002,0.98361826,16.0,59.0,1.750001e+08,1.5942696e+08,1.5573136e+07
0.08900009,0.99643874,8.0,296.0,5.0000013e+08,4.9743184e+08,2.568288e+06
0.022000022,0.99786323,16.0,113.0,7.200002e+08,1.0951441e+09,3.7514387e+08
0.4000004,0.9843305,16.0,15.0,1.1499992e+08,1.0743426e+08,7.565664e+06
0.086000085,0.997151,16.0,247.0,3.5999994e+08,3.5103798e+08,8.961952e+06
0.0,0.9992877,16.0,324.0,2.2000018e+08,2.0812398e+08,1.1876192e+07
0.15550016,0.99358976,23.0,396.0,1.0500006e+09,9.7498925e+08,7.501133e+07
0.35000035,0.991453,26.0,112.0,2.2000018e+08,1.7358989e+08,4.641029e+07
0.24000023,0.9893162,16.0,38.0,1.5899998e+08,1.6456867e+08,5.568688e+06
0.095000096,0.99643874,16.0,455.0,5.600003e+08,7.465086e+08,1.8650829e+08
0.0078000077,0.9985755,16.0,106.0,7.999998e+08,4.0150554e+08,3.9849427e+08
0.02000002,0.9992877,7.0,103.0,8.999994e+08,8.391814e+08,6.081805e+07
0.0,0.9992877,16.0,509.0,1.6200005e+09,1.5230721e+09,9.692838e+07
0.08500008,0.99572647,0.0,45.0,3.2000006e+08,2.7563274e+08,4.436733e+07
0.12800013,0.99358976,16.0,414.0,5.0000013e+08,4.8934826e+08,1.0651872e+07
0.1980002,0.99358976,23.0,57.0,3.2999994e+08,3.308678e+08,867872.0
0.2810003,0.99216527,16.0,194.0,3.579998e+08,2.3181624e+08,1.2618357e+08
0.0,0.9992877,16.0,27.0,6.249996e+08,5.548544e+08,7.014522e+07
0.1000551,0.9843305,6.0,34.0,1.5999997e+08,1.3405777e+08,2.59422e+07
0.13800013,0.99358976,16.0,45.0,2.4499997e+08,2.3416126e+08,1.0838704e+07
0.11111111,0.98717946,0.0,187.0,3.0999974e+08,3.6434563e+08,5.434589e+07
0.21500021,0.98575497,25.0,5.0,3.5999994e+08,2.5673133e+08,1.0326861e+08
0.123555124,0.988604,25.0,15.0,1.499999e+08,1.5184218e+08,1.842272e+06
0.06000006,0.99786323,16.0,22.0,5.379998e+08,4.73695e+08,6.43048e+07
0.0,0.9992877,23.0,107.0,1.5900006e+09,1.5152805e+09,7.472013e+07
0.12500012,0.994302,23.0,272.0,3.9999992e+09,4.289556e+09,2.8955674e+08
0.28000027,0.9843305,25.0,122.0,2.1000011e+08,2.6484802e+08,5.4847904e+07
0.06600007,0.997151,16.0,8.0,9.549994e+08,1.03944365e+09,8.444422e+07
0.03000003,0.99786323,16.0,16.0,3.750003e+08,3.588215e+08,1.6178784e+07
0.4000004,0.98717946,26.0,33.0,1.2000003e+08,1.20155544e+08,155512.0
0.06700007,0.997151,23.0,28.0,6.600002e+08,6.27836e+08,3.216416e+07
0.2000002,0.9900285,16.0,18.0,4.600001e+08,4.171598e+08,4.284029e+07
0.0970001,0.99643874,25.0,5.0,5.5555546e+08,5.3283142e+08,2.2724032e+07
0.5000005,0.98717946,26.0,5.0,2.4999995e+08,2.6758384e+08,1.7583888e+07
0.11111111,0.974359,8.0,150.0,2.4999995e+08,2.2683442e+08,2.3165536e+07
0.03200003,0.99786323,16.0,86.0,6.9999974e+08,6.803044e+08,1.969536e+07
0.3000003,0.9900285,6.0,112.0,1.750001e+08,1.553609e+08,1.96392e+07
0.1010001,0.99501425,23.0,61.0,7.3000064e+08,6.5027616e+08,7.972448e+07
0.35000035,0.98575497,25.0,5.0,2.8e+08,2.4589179e+08,3.410821e+07
0.46500045,0.98717946,25.0,11.0,2.4800003e+08,2.2270387e+08,2.529616e+07
0.25000024,0.9907407,16.0,1.0,3.3799968e+08,3.1594096e+08,2.205872e+07
0.055000056,0.9985755,16.0,22.0,5.3000048e+08,4.8948736e+08,4.051312e+07
0.32000032,0.988604,25.0,235.0,2.6899978e+08,2.2235371e+08,4.6646064e+07
0.13000013,0.99572647,23.0,120.0,4.299998e+08,4.106532e+08,1.9346624e+07
0.008400008,0.9985755,16.0,106.0,6.350006e+08,4.0229357e+08,2.32707e+08
0.22500022,0.98717946,25.0,82.0,1.550001e+08,1.415951e+08,1.3404992e+07
0.27000028,0.994302,16.0,10.0,2.7699984e+08,2.5769582e+08,1.9304016e+07
0.02000002,0.99786323,0.0,17.0,6.8999955e+08,5.648383e+08,1.2516128e+08
0.065000065,0.997151,16.0,16.0,3.4500026e+08,3.4148723e+08,3.513024e+06
0.07000007,0.99572647,16.0,58.0,2.979999e+08,2.6238427e+08,3.561563e+07
0.3000003,0.98789173,25.0,15.0,1.499999e+08,1.4478274e+08,5.217168e+06
0.0,0.9992877,16.0,247.0,4.3499965e+08,3.8218067e+08,5.2818976e+07
0.32000032,0.9843305,23.0,34.0,1.5799994e+08,1.478429e+08,1.015704e+07
0.18600018,0.98789173,16.0,374.0,1.4899996e+09,1.5309009e+09,4.090125e+07
0.5000005,0.9907407,21.0,57.0,2.4999995e+08,2.9436413e+08,4.4364176e+07
0.0,0.9992877,23.0,249.0,1.1000009e+09,1.0324056e+09,6.759526e+07
0.16700016,0.9893162,16.0,74.0,2.1000011e+08,1.8090059e+08,2.909952e+07
0.0970001,0.997151,16.0,372.0,5.600003e+08,5.0107226e+08,5.8928064e+07
0.24300024,0.9893162,23.0,144.0,1.4000001e+09,1.5797862e+09,1.7978611e+08
0.23564623,0.98789173,2.0,82.0,1.3999994e+08,1.5098157e+08,1.0981632e+07
0.3000003,0.9928775,16.0,112.0,2.4000018e+08,1.8323838e+08,5.676179e+07
0.08500008,0.9928775,23.0,163.0,3.2000023e+09,2.2479386e+09,9.5206374e+08
0.039000038,0.99786323,8.0,22.0,5.200002e+08,4.9901978e+08,2.0980416e+07
0.34300035,0.98575497,6.0,15.0,1.2999993e+08,1.306502e+08,650272.0
0.3000003,0.97649574,16.0,131.0,2.2999995e+08,5.52881e+08,3.228811e+08
0.25000024,0.98504275,8.0,1.0,2.7699984e+08,2.2175272e+08,5.524712e+07
0.3000003,0.9900285,16.0,69.0,1.8499989e+08,1.7277005e+08,1.222984e+07
0.03000003,0.99786323,16.0,242.0,6.600002e+08,6.470372e+08,1.2963008e+07
0.020500021,0.9985755,16.0,181.0,8.1499923e+08,8.60553e+08,4.555379e+07
0.14600015,0.9928775,16.0,152.0,2.559998e+08,2.4834131e+08,7.658496e+06
0.2900003,0.98717946,11.0,109.0,2.9000003e+08,2.718713e+08,1.8128736e+07
0.03800004,0.99786323,23.0,118.0,6.350006e+08,5.976906e+08,3.730995e+07
0.011111011,0.9907407,16.0,69.0,1.8999994e+08,1.7621528e+08,1.3784656e+07
0.17000017,0.99216527,16.0,45.0,2.180002e+08,2.1310584e+08,4.894352e+06
0.005000005,0.9985755,16.0,0.0,4.1200026e+08,3.904298e+08,2.1570464e+07
0.11000011,0.991453,16.0,354.0,2.2999995e+08,1.9554646e+08,3.445349e+07
0.2050002,0.98504275,23.0,4.0,1.9500008e+08,1.7426698e+08,2.0733104e+07
0.3114103,0.9900285,24.0,35.0,1.4499995e+08,1.5575642e+08,1.0756464e+07
0.26000026,0.9893162,8.0,15.0,1.8499989e+08,1.6663691e+08,1.8362976e+07
0.0,0.9992877,23.0,142.0,1.9500018e+09,1.7835375e+09,1.6646426e+08
0.4000004,0.98717946,8.0,1.0,2.2500006e+08,2.3517102e+08,1.017096e+07
0.0025000025,0.9900285,8.0,127.0,2.4499997e+08,2.3927754e+08,5.722432e+06
1.000001e-06,0.9992877,16.0,408.0,1.499999e+08,2.1245162e+08,6.245171e+07
0.0,0.9985755,16.0,568.0,6.4000045e+08,5.571907e+08,8.280973e+07
0.04800005,0.99786323,16.0,23.0,1.529999e+09,1.5311316e+09,1.132672e+06
0.2900003,0.98789173,23.0,106.0,8.799998e+08,1.872238e+08,6.92776e+08
0.21800022,0.9928775,16.0,1.0,3.9499965e+08,3.6507046e+08,2.9929184e+07
0.06000006,0.99216527,16.0,5.0,4.180001e+08,4.0216698e+08,1.583312e+07
0.018000018,0.99786323,0.0,187.0,6.380004e+08,5.6904365e+08,6.895674e+07
0.15300015,0.99572647,16.0,35.0,2.549998e+08,2.5366338e+08,1.336432e+06
0.2000002,0.9893162,16.0,1.0,3.0800003e+08,3.0774634e+08,253696.0
0.06000006,0.99216527,16.0,5.0,4.180001e+08,4.0216698e+08,1.583312e+07
0.48707747,0.98789173,25.0,66.0,1.6300016e+08,1.5249288e+08,1.050728e+07
0.22000022,0.9893162,25.0,4.0,2.2999995e+08,2.411786e+08,1.117864e+07
0.15200016,0.99216527,16.0,154.0,2.9000018e+09,2.4103708e+09,4.8963098e+08
0.08000008,0.99643874,16.0,28.0,5.919996e+08,6.1513856e+08,2.3138944e+07
0.03800004,0.997151,23.0,448.0,1.4200005e+09,1.4143539e+09,5.646592e+06
0.28000027,0.98789173,25.0,445.0,1.2000009e+09,7.733423e+08,4.2665862e+08
0.18200018,0.98361826,26.0,59.0,2.4800003e+08,1.6321949e+08,8.478054e+07
0.095000096,0.99572647,16.0,5.0,5.0999987e+08,4.9255923e+08,1.744064e+07
0.5000005,0.98646724,16.0,82.0,1.1699999e+08,1.26425624e+08,9.425632e+06
0.23000023,0.9843305,16.0,79.0,6.000002e+08,5.3101536e+08,6.898483e+07
0.17800018,0.994302,16.0,138.0,2.3799989e+08,2.3351856e+08,4.481328e+06
0.058000058,0.99786323,23.0,29.0,3.6500016e+08,3.5047264e+08,1.452752e+07
0.025000025,0.9985755,23.0,215.0,1.8399987e+09,1.7930198e+09,4.6978944e+07
0.1000001,0.9843305,6.0,11.0,1.2499992e+08,1.7594323e+08,5.094331e+07
0.15500015,0.99216527,16.0,74.0,2.4999995e+08,2.2277907e+08,2.722088e+07
0.15000015,0.994302,23.0,349.0,6.179998e+08,5.687105e+08,4.928928e+07
0.2000002,0.9900285,16.0,315.0,4.600001e+08,3.2079818e+08,1.3920192e+08
0.26500025,0.98789173,25.0,15.0,1.4800005e+08,1.4564856e+08,2.351488e+06
0.01050001,0.9992877,16.0,0.0,4.0699997e+08,3.9527475e+08,1.1725216e+07
0.0,0.9992877,2.0,106.0,7.9999944e+07,6.839274e+07,1.1607208e+07
0.107000105,0.99358976,16.0,366.0,5.2500006e+08,4.61797e+08,6.320307e+07
0.0,0.9992877,16.0,329.0,1.0300001e+09,1.05567155e+09,2.5671424e+07
0.26800027,0.9907407,16.0,5.0,3.4800003e+08,3.400891e+08,7.910944e+06
0.4000004,0.98717946,25.0,5.0,2.4999995e+08,2.569503e+08,6.950352e+06
0.01000001,0.9985755,23.0,107.0,1.7299997e+09,1.4615345e+09,2.6846528e+08
0.3000003,0.98646724,26.0,15.0,1.5999997e+08,1.340524e+08,2.5947568e+07
0.0,0.9992877,23.0,23.0,1.8499999e+09,1.7243072e+09,1.2569267e+08
0.023300024,0.99786323,16.0,3.0,6.3000006e+08,6.2096314e+08,9.036928e+06
0.3010003,0.9900285,16.0,42.0,4.0499974e+08,2.8349677e+08,1.2150298e+08
0.1950002,0.99501425,16.0,8.0,8.349998e+08,8.848336e+08,4.983379e+07
0.015000015,0.99786323,23.0,85.0,8.299996e+08,7.9905434e+08,3.094528e+07
0.058000058,0.99643874,16.0,99.0,5.6900026e+08,5.0937574e+08,5.962451e+07
0.00011600012,0.997151,16.0,155.0,3.4800003e+08,3.5654765e+08,8.547616e+06
0.24700025,0.98789173,25.0,389.0,1.0799992e+09,9.3841984e+08,1.415794e+08
0.5000005,0.98646724,26.0,1.0,2.4000018e+08,2.2589534e+08,1.4104832e+07
0.0,0.9992877,23.0,71.0,9.7400045e+08,8.879343e+08,8.606618e+07
0.4000004,0.98575497,23.0,213.0,2.4999995e+08,2.3387872e+08,1.6121232e+07
0.19000019,0.98789173,16.0,15.0,1.750001e+08,1.4228166e+08,3.2718432e+07
0.05000005,0.99786323,16.0,86.0,6.8499955e+08,6.568167e+08,2.8182848e+07
0.24300024,0.9900285,16.0,109.0,3.5299987e+08,3.2347955e+08,2.952032e+07
3.000003e-05,0.9992877,16.0,9.0,3.2999994e+08,3.2509018e+08,4.90976e+06
0.115000114,0.994302,1.0,1.0,3.750003e+08,4.0303008e+08,2.8029792e+07
0.037000038,0.99786323,1.0,24.0,1.4200005e+09,1.2916657e+09,1.2833485e+08
0.3000003,0.98789173,23.0,7.0,1.3499997e+08,1.3430883e+08,691136.0
0.09000009,0.99501425,16.0,162.0,5.500002e+08,5.2646208e+08,2.3538112e+07
0.17597717,0.9843305,15.0,15.0,1.2499992e+08,1.1631179e+08,8.688128e+06
0.15000015,0.99501425,15.0,327.0,6.7e+08,6.8041594e+08,1.0415936e+07
0.095000096,0.99572647,16.0,99.0,4.8499958e+08,4.820346e+08,2.964992e+06
0.2120002,0.9900285,25.0,369.0,1.9500008e+08,1.8853826e+08,6.461824e+06
0.0,0.9992877,16.0,31.0,1.6779986e+09,1.8697161e+09,1.917175e+08
0.16000016,0.994302,0.0,1.0,4.699997e+08,3.8685686e+08,8.314285e+07
1.000001e-06,0.9992877,16.0,49.0,5.0200016e+08,3.5522874e+08,1.4677142e+08
0.18000019,0.9928775,16.0,319.0,1.8799997e+08,1.9075923e+08,2.759264e+06
0.23600024,0.9907407,16.0,35.0,1.750001e+08,1.7557314e+08,573040.0
0.01000001,0.99786323,16.0,134.0,6.999994e+07,9.3875283e+08,8.687529e+08
0.06300006,0.99786323,16.0,16.0,3.789997e+08,3.5053818e+08,2.8461536e+07
0.22000022,0.9900285,16.0,57.0,2.6800011e+08,2.875353e+08,1.9535184e+07
0.0022220023,0.9900285,16.0,112.0,1.9799987e+08,1.6283515e+08,3.516472e+07
0.06100006,0.997151,16.0,16.0,3.750003e+08,3.420994e+08,3.2900896e+07
0.015000015,0.99786323,16.0,3.0,6.199998e+08,6.301022e+08,1.01024e+07
0.07600008,0.9928775,16.0,126.0,8.2000015e+09,6.2468884e+09,1.9531131e+09
0.46000046,0.9907407,16.0,106.0,1.1111109e+08,2.2535182e+08,1.1424074e+08
0.018400019,0.997151,23.0,113.0,1.4200005e+09,1.1516372e+09,2.6836326e+08
0.2000002,0.9893162,8.0,1.0,3.0499987e+08,2.9361386e+08,1.1386016e+07
0.14000013,0.98575497,25.0,114.0,1.2000003e+08,1.2494676e+08,4.946728e+06
0.3000003,0.9843305,9.0,34.0,1.6300016e+08,1.565821e+08,6.418064e+06
0.05300005,0.99786323,16.0,417.0,1.0500006e+09,9.9753e+08,5.247059e+07
0.0,0.9992877,16.0,71.0,9.9500077e+08,8.5398483e+08,1.4101594e+08
0.0,0.9992877,16.0,219.0,6.999994e+07,3.1290762e+08,2.4290768e+08
0.16700016,0.99501425,16.0,255.0,2.880002e+08,2.7655904e+08,1.1441152e+07
0.0,0.9992877,23.0,85.0,9.3500026e+08,8.553346e+08,7.966566e+07
0.2990003,0.988604,25.0,53.0,2.4999995e+08,2.0964954e+08,4.0350416e+07
0.42000043,0.98504275,16.0,106.0,1.3999994e+08,1.4241797e+08,2.418032e+06
0.34000033,0.98789173,25.0,34.0,2.180002e+08,1.8733634e+08,3.0663856e+07
0.01900002,0.99786323,16.0,71.0,7.6999974e+08,8.559694e+08,8.596966e+07
0.16000016,0.982906,30.0,34.0,1.550001e+08,1.226533e+08,3.23468e+07
0.31800032,0.988604,25.0,7.0,1.379999e+08,1.4463755e+08,6.637648e+06
0.5000005,0.988604,16.0,1.0,2.4499997e+08,2.5919586e+08,1.4195888e+07
0.123123124,0.988604,16.0,462.0,2.2700018e+08,1.9152885e+08,3.547133e+07
0.001000001,0.9992877,16.0,0.0,4.149996e+08,3.9784566e+08,1.7153952e+07
0.03000003,0.99786323,16.0,28.0,7.3499955e+08,6.7785504e+08,5.714451e+07
0.07000007,0.99501425,23.0,63.0,5.0999987e+08,4.4270614e+08,6.729373e+07
0.2980003,0.9900285,16.0,106.0,2.7199994e+08,2.2520958e+08,4.679035e+07
0.23000023,0.98575497,16.0,124.0,1.8200011e+08,1.4023138e+08,4.1768736e+07
0.14000013,0.99358976,23.0,43.0,5.5500045e+08,5.615555e+08,6.555072e+06
0.116000116,0.99358976,26.0,434.0,6.3000006e+08,5.5552474e+08,7.447533e+07
0.1000001,0.99501425,16.0,62.0,3.0999974e+08,3.096381e+08,361632.0
0.36000037,0.9843305,6.0,1.0,1.6300016e+08,2.0021389e+08,3.721373e+07
0.36000037,0.9893162,16.0,1.0,2.4999995e+08,2.8739277e+08,3.7392816e+07
0.4000004,0.9843305,16.0,15.0,1.1000003e+08,1.0743426e+08,2.565776e+06
0.0036360037,0.9900285,0.0,35.0,1.750001e+08,1.655143e+08,9.485792e+06
0.13700014,0.9900285,25.0,497.0,1.0000008e+09,1.00057504e+09,574272.0
0.029000029,0.99786323,16.0,28.0,7.499995e+08,6.785937e+08,7.140576e+07
0.13000013,0.99358976,16.0,58.0,2.4000018e+08,2.2188346e+08,1.811672e+07
0.28000027,0.9900285,25.0,53.0,2.9999994e+08,2.2976405e+08,7.023589e+07
0.34000033,0.98575497,25.0,89.0,1.7999987e+08,1.8490112e+08,4.901248e+06
0.13500014,0.99572647,16.0,42.0,4.4500035e+08,4.3423616e+08,1.0764192e+07
0.3090003,0.98717946,16.0,106.0,1.750001e+08,1.7910227e+08,4.102176e+06
0.16000016,0.994302,0.0,1.0,4.699997e+08,3.8685686e+08,8.314285e+07
0.058000058,0.99786323,16.0,37.0,5.6999955e+08,5.6624486e+08,3.754688e+06
0.11800012,0.99358976,16.0,176.0,5.400004e+08,4.7728278e+08,6.27176e+07
0.03800004,0.99643874,16.0,58.0,3.2000006e+08,2.8775258e+08,3.2247488e+07
0.0,0.9992877,8.0,422.0,3.969999e+09,4.2806392e+09,3.1064013e+08
0.26500025,0.9900285,16.0,57.0,2.5999997e+08,2.8218048e+08,2.2180512e+07
0.2000002,0.98789173,23.0,66.0,1.6699995e+08,1.4965982e+08,1.7340128e+07
0.056000058,0.99786323,16.0,21.0,5.979996e+08,6.2737395e+08,2.9374336e+07
0.16000016,0.9907407,16.0,303.0,6.550005e+09,4.68432e+09,1.8656855e+09
0.23000023,0.988604,8.0,1.0,2.87e+08,2.7727843e+08,9.721568e+06
0.11300011,0.99572647,16.0,8.0,1.2499997e+09,9.683267e+08,2.8167302e+08
0.05100005,0.99501425,16.0,110.0,3.2999994e+08,3.2512243e+08,4.877504e+06
5.000005e-05,0.9992877,16.0,105.0,4.1599974e+08,4.1091408e+08,5.085664e+06
0.05000005,0.9821937,16.0,87.0,1.2999993e+08,1.0149075e+08,2.8509176e+07
0.2000002,0.98789173,23.0,66.0,1.6699995e+08,1.4965982e+08,1.7340128e+07
0.08400008,0.99358976,16.0,5.0,4.600001e+08,4.405758e+08,1.9424288e+07
0.16000016,0.9900285,16.0,256.0,1.4800013e+09,1.1424442e+09,3.3755712e+08
0.0,0.9992877,16.0,51.0,6.8999955e+08,7.002548e+08,1.0255232e+07
0.011111011,0.988604,16.0,1.0,2.979999e+08,2.9008634e+08,7.913568e+06
0.26000026,0.991453,16.0,185.0,3.8499968e+08,3.9815312e+08,1.315344e+07
0.5000005,0.98575497,25.0,15.0,1.1000003e+08,1.2421963e+08,1.42196e+07
0.25700027,0.98717946,16.0,264.0,3.6999997e+08,3.5449302e+08,1.5506944e+07
0.016000016,0.9985755,23.0,107.0,1.7100012e+09,1.4467212e+09,2.6328e+08
0.3000003,0.98717946,26.0,194.0,1.499999e+08,1.6242725e+08,1.2427344e+07
0.25100026,0.99216527,16.0,5.0,3.6500016e+08,3.6580163e+08,801472.0
0.09200009,0.99501425,23.0,51.0,5.979996e+08,5.605421e+08,3.7457536e+07
0.15600015,0.994302,16.0,32.0,3.999997e+08,3.8131347e+08,1.868624e+07
0.37400037,0.98717946,25.0,264.0,3.8000006e+08,3.2436925e+08,5.5630816e+07
0.057000056,0.997151,16.0,5.0,5.400004e+08,5.3471082e+08,5.289568e+06
0.0990001,0.99572647,16.0,139.0,1.2749992e+09,1.1700741e+09,1.0492506e+08
0.07000007,0.9985755,23.0,71.0,8.230003e+08,8.2382957e+08,829248.0
0.13500014,0.994302,16.0,146.0,4.8499958e+08,3.832099e+08,1.017897e+08
0.17000017,0.988604,16.0,56.0,1.4600013e+08,2.220888e+08,7.608867e+07
0.022500023,0.9985755,7.0,215.0,1.7600005e+09,1.7831498e+09,2.3149312e+07
0.2000002,0.98504275,16.0,12.0,1.00000024e+08,1.14264184e+08,1.426416e+07
0.21300021,0.98646724,19.0,15.0,1.12999976e+08,1.3338189e+08,2.0381912e+07
0.026000027,0.99786323,16.0,86.0,6.749999e+08,6.892629e+08,1.426304e+07
0.10400011,0.994302,16.0,85.0,6.199998e+08,6.118364e+08,8.163392e+06
0.3900004,0.98789173,23.0,82.0,1.3200004e+08,1.2486957e+08,7.130472e+06
0.11000011,0.99501425,16.0,63.0,4.8300003e+08,4.767878e+08,6.212224e+06
0.2000002,0.9807692,16.0,12.0,5.9999988e+07,9.4356504e+07,3.4356516e+07
0.0,0.9992877,16.0,128.0,7.4000026e+08,5.980236e+08,1.4197664e+08
0.00018700019,0.988604,16.0,427.0,1.8700014e+09,2.660303e+09,7.903017e+08
0.21300021,0.99358976,0.0,206.0,5.6999955e+08,5.4790086e+08,2.2098688e+07
0.22000022,0.98646724,23.0,5.0,3.750003e+08,2.6955242e+08,1.0544787e+08
0.08000008,0.99786323,16.0,16.0,3.549998e+08,3.479954e+08,7.004416e+06
1.000001e-06,0.9992877,23.0,496.0,1.7303e+09,1.8177332e+09,8.743322e+07
0.2000002,0.99358976,16.0,57.0,3.7699974e+08,3.4197347e+08,3.502627e+07
0.08400008,0.997151,16.0,16.0,3.5999994e+08,3.3871347e+08,2.1286464e+07
0.05000005,0.99501425,16.0,8.0,1.119999e+09,1.0190338e+09,1.0096518e+08
0.011000011,0.9985755,16.0,21.0,6.450004e+08,6.8223526e+08,3.723488e+07
0.25808525,0.98575497,6.0,82.0,8.4999976e+07,1.3431499e+08,4.9315016e+07
0.065000065,0.99572647,16.0,1.0,4.7999965e+08,4.5197018e+08,2.8029472e+07
0.0,0.9992877,16.0,467.0,6.9999974e+08,6.448663e+08,5.513344e+07
0.1000001,0.99501425,19.0,141.0,6.000002e+08,6.955426e+08,9.55424e+07
0.1000001,0.99358976,0.0,106.0,1.499999e+08,3.4604614e+08,1.9604624e+08
0.095000096,0.99358976,16.0,30.0,2.670001e+08,2.628115e+08,4.188592e+06
0.4130004,0.991453,16.0,128.0,2.7000006e+08,2.7965843e+08,9.658368e+06
0.33000034,0.98575497,25.0,15.0,1.379999e+08,1.2719453e+08,1.0805376e+07
0.3000003,0.98504275,30.0,7.0,9.800003e+07,9.8809736e+07,809704.0
0.32600033,0.988604,25.0,315.0,2.8900003e+08,2.703505e+08,1.8649536e+07
0.19000019,0.994302,16.0,46.0,1.4500003e+09,1.2813402e+09,1.686601e+08
0.07500008,0.994302,16.0,401.0,4.199996e+08,4.2073005e+08,730432.0
0.062000062,0.99643874,16.0,155.0,3.2999994e+08,3.3039293e+08,392992.0
0.012000012,0.99786323,26.0,321.0,3.2000006e+08,3.2334077e+08,3.340704e+06
0.34500036,0.988604,16.0,15.0,1.750001e+08,1.4643742e+08,2.8562672e+07
0.18500018,0.99358976,3.0,1.0,3.8499968e+08,3.7138858e+08,1.3611104e+07
0.2900003,0.9907407,8.0,296.0,3.2000006e+08,3.384984e+08,1.8498336e+07
0.25000024,0.98361826,8.0,373.0,2.0000014e+08,1.9346264e+08,6.537504e+06
0.13000013,0.997151,25.0,5.0,6.799995e+08,5.480221e+08,1.3197741e+08
0.04200004,0.99786323,16.0,37.0,5.6999955e+08,5.7815475e+08,8.1552e+06
0.0,0.9992877,16.0,141.0,9.1000064e+08,7.835126e+08,1.2648806e+08
0.24600025,0.9907407,23.0,5.0,3.9499965e+08,3.4428176e+08,5.071789e+07
0.38000038,0.9893162,16.0,5.0,2.8e+08,3.083039e+08,2.8303904e+07
0.018808018,0.98646724,18.0,68.0,1.1499992e+08,1.1178813e+08,3.211792e+06
0.07200007,0.99643874,16.0,168.0,3.4999968e+08,3.3056627e+08,1.9433408e+07
0.12000012,0.99358976,16.0,64.0,4.0999968e+08,3.858679e+08,2.4131776e+07
0.11110011,0.9893162,25.0,53.0,2.0500013e+08,2.4214379e+08,3.7143664e+07
0.0075000073,0.9992877,16.0,107.0,1.7999996e+09,1.5429256e+09,2.5707405e+08
0.11000011,0.9900285,16.0,389.0,1.5499988e+09,1.3999788e+09,1.500201e+08
0.16000016,0.988604,8.0,114.0,1.8499989e+08,1.5657374e+08,2.8426144e+07
0.13000013,0.99572647,16.0,155.0,3.3499984e+08,3.0720154e+08,2.7798304e+07
0.2980003,0.98789173,16.0,5.0,2.549998e+08,2.892824e+08,3.428259e+07
0.009000009,0.99786323,25.0,100.0,8.4500045e+08,8.5509965e+08,1.00992e+07
0.112000115,0.99216527,15.0,354.0,1.750001e+08,1.8531067e+08,1.0310576e+07
0.0,0.9992877,16.0,141.0,9.1000064e+08,7.835126e+08,1.2648806e+08
0.0,0.9992877,23.0,190.0,3.0999974e+08,2.8553123e+08,2.4468512e+07
0.25000024,0.9821937,30.0,7.0,7.5000056e+07,8.945874e+07,1.445868e+07
0.086000085,0.98361826,0.0,17.0,3.8000006e+08,2.905016e+08,8.949846e+07
0.4000004,0.980057,13.0,440.0,5.0000013e+08,4.7191574e+08,2.8084384e+07
0.15000015,0.98504275,23.0,426.0,2.2500006e+08,1.890258e+08,3.597427e+07
0.098000094,0.99501425,23.0,43.0,5.3000048e+08,6.2088614e+08,9.088566e+07
0.04985005,0.99643874,16.0,155.0,3.4500026e+08,3.3301728e+08,1.1982976e+07
0.2900003,0.991453,9.0,5.0,3.3499984e+08,3.448187e+08,9.818848e+06
0.0,0.9992877,23.0,191.0,8.5799955e+08,8.957933e+08,3.779373e+07
0.33100033,0.9843305,0.0,1.0,1.8999994e+08,2.1881085e+08,2.8810912e+07
0.1950002,0.994302,25.0,53.0,3.5999994e+08,3.1510445e+08,4.489549e+07
0.08800009,0.997151,16.0,173.0,6.150001e+08,5.5369466e+08,6.130547e+07
0.15300015,0.9928775,26.0,289.0,6.4899994e+08,7.07661e+08,5.8661056e+07
0.12000012,0.994302,16.0,1.0,4.199996e+08,4.1187846e+08,8.121152e+06
0.0,0.9992877,25.0,106.0,2.0000014e+08,4.025722e+08,2.0257205e+08
0.03000003,0.99786323,16.0,0.0,3.8499968e+08,3.719536e+08,1.304608e+07
0.08000008,0.9907407,16.0,322.0,2.9000003e+08,3.4759405e+08,5.7594016e+07
0.07000007,0.99643874,16.0,63.0,5.6850016e+08,5.2817187e+08,4.032829e+07
0.3000003,0.99216527,8.0,57.0,3.250003e+08,3.1068522e+08,1.4315072e+07
0.2000002,0.99216527,25.0,4.0,2.8299974e+08,2.8637498e+08,3.375232e+06
0.013500013,0.9992877,16.0,86.0,7.9499994e+08,7.398493e+08,5.5150656e+07
0.12000012,0.994302,16.0,120.0,5.5399994e+08,4.1518013e+08,1.388198e+08
0.0,0.9992877,23.0,190.0,3.0999974e+08,2.8553123e+08,2.4468512e+07
0.18300018,0.98789173,25.0,127.0,2.2999995e+08,2.1364957e+08,1.6350384e+07
0.049000047,0.99786323,16.0,5.0,6.8999955e+08,5.534085e+08,1.3659104e+08
0.112000115,0.994302,16.0,169.0,3.590002e+08,4.2120538e+08,6.2205184e+07
0.074000075,0.99643874,16.0,63.0,5.6999955e+08,5.2565734e+08,4.434221e+07
0.19274719,0.991453,16.0,38.0,2.2999995e+08,1.9346818e+08,3.6531776e+07
0.025000025,0.9985755,16.0,86.0,6.950002e+08,7.0790534e+08,1.2905152e+07
0.17000017,0.99216527,8.0,63.0,3.8499968e+08,3.8479264e+08,207040.0
0.08000008,0.994302,16.0,272.0,3.9600013e+09,4.1002726e+09,1.4027136e+08
0.28000027,0.9900285,16.0,69.0,1.8499989e+08,1.704676e+08,1.4532288e+07
0.124000125,0.99501425,23.0,61.0,6.000002e+08,6.364471e+08,3.644691e+07
0.17000017,0.99358976,16.0,125.0,6.000002e+08,4.8331706e+08,1.1668314e+08
0.06000006,0.99786323,23.0,86.0,6.600002e+08,6.304436e+08,2.9556608e+07
0.005000005,0.9985755,16.0,0.0,4.1200026e+08,3.904298e+08,2.1570464e+07
0.011111011,0.98575497,26.0,68.0,7.9999944e+07,1.1075836e+08,3.0758416e+07
0.04000004,0.98789173,6.0,7.0,1.5799994e+08,1.3650485e+08,2.1495088e+07
0.11111111,0.97863245,16.0,87.0,9.000006e+07,9.0306664e+07,306600.0
0.11111111,0.982906,15.0,15.0,9.000006e+07,1.01886616e+08,1.1886552e+07
0.013000013,0.99786323,16.0,9.0,3.4999968e+08,3.0650854e+08,4.3491136e+07
0.2000002,0.9893162,16.0,1.0,3.250003e+08,3.0774634e+08,1.7253952e+07
0.28000027,0.98717946,23.0,5.0,2.7499997e+08,2.7981904e+08,4.819072e+06
0.045000046,0.997151,16.0,16.0,3.2999994e+08,3.4570442e+08,1.570448e+07
0.28000027,0.9729345,0.0,536.0,3.2999994e+08,1.8802005e+08,1.4197989e+08
0.24000023,0.99501425,16.0,89.0,4.8300003e+08,3.383751e+08,1.4462493e+08
0.15000015,0.99572647,16.0,36.0,3.0999974e+08,2.8839875e+08,2.1600992e+07
0.18200018,0.991453,16.0,57.0,3.250003e+08,3.1152902e+08,1.3471264e+07
0.25000024,0.9907407,16.0,57.0,2.9999994e+08,3.0028618e+08,286240.0
0.095000096,0.997151,16.0,28.0,6.799995e+08,6.220573e+08,5.794221e+07
0.0019000019,0.9992877,16.0,21.0,7.149996e+08,6.590027e+08,5.599693e+07
0.095000096,0.988604,16.0,174.0,2.2550016e+08,2.3233856e+08,6.8384e+06
0.16600017,0.994302,16.0,201.0,4.950004e+08,4.110199e+08,8.398048e+07
0.14400014,0.99501425,19.0,1.0,4.699997e+08,4.054542e+08,6.4545504e+07
0.23500024,0.98504275,25.0,56.0,1.7999987e+08,1.6308194e+08,1.6917936e+07
0.049000047,0.99786323,23.0,86.0,6.6699974e+08,6.3955264e+08,2.7447104e+07
0.039000038,0.997151,16.0,22.0,4.7999965e+08,4.729872e+08,7.012448e+06
0.025000025,0.9985755,16.0,51.0,6.3000006e+08,7.260141e+08,9.601402e+07
0.013000013,0.9985755,16.0,23.0,1.7600005e+09,1.6984229e+09,6.15776e+07
0.18100019,0.99216527,16.0,52.0,5.0999987e+08,4.8019197e+08,2.9807904e+07
0.15400015,0.99358976,16.0,2.0,2.2999995e+08,2.1637549e+08,1.3624464e+07
0.07500008,0.99501425,8.0,217.0,1.7000013e+09,1.420453e+09,2.795483e+08
0.08500008,0.997151,0.0,187.0,5.400004e+08,5.257095e+08,1.429088e+07
0.34500036,0.988604,16.0,15.0,1.750001e+08,1.4643742e+08,2.8562672e+07
0.026000027,0.99786323,16.0,51.0,6.7900026e+08,7.041711e+08,2.5170816e+07
0.016000016,0.9985755,23.0,292.0,1.9999987e+09,1.7817151e+09,2.1828365e+08
0.12000012,0.994302,16.0,264.0,4.7999965e+08,5.104855e+08,3.0485856e+07
0.011111011,0.988604,16.0,1.0,2.979999e+08,2.9008634e+08,7.913568e+06
0.35000035,0.98504275,16.0,15.0,1.1499992e+08,1.217197e+08,6.719776e+06
0.10900011,0.9928775,16.0,5.0,4.8499958e+08,4.231589e+08,6.184067e+07
0.47000048,0.9893162,16.0,11.0,1.750001e+08,2.3271688e+08,5.7716784e+07
0.32000032,0.9900285,16.0,1.0,3.5299987e+08,2.9803744e+08,5.496243e+07
0.36000037,0.98504275,23.0,342.0,2.549998e+08,2.2517394e+08,2.9825872e+07
0.049000047,0.99786323,16.0,29.0,3.750003e+08,3.4128342e+08,3.3716864e+07
0.3000003,0.98717946,25.0,15.0,1.3999994e+08,1.3908994e+08,910000.0
0.28000027,0.9893162,25.0,34.0,1.9900016e+08,2.0900632e+08,1.000616e+07
0.3000003,0.9900285,16.0,69.0,1.8499989e+08,1.7277005e+08,1.222984e+07
0.033000033,0.99786323,16.0,28.0,7.0999994e+08,6.7570323e+08,3.4296704e+07
0.04000004,0.99786323,16.0,184.0,3.0200013e+08,3.025484e+08,548288.0
0.12300012,0.99572647,16.0,1.0,4.399997e+08,4.372848e+08,2.714912e+06
0.21800022,0.991453,8.0,5.0,3.4999968e+08,3.5582752e+08,5.82784e+06
0.055000056,0.997151,16.0,155.0,3.4999968e+08,3.406916e+08,9.308096e+06
0.05100005,0.98717946,25.0,15.0,1.3999994e+08,1.2419192e+08,1.5808016e+07
0.17000017,0.9928775,16.0,354.0,2.2900016e+08,2.0458608e+08,2.441408e+07
8.000008e-05,0.9992877,23.0,71.0,1.01500096e+09,8.880562e+08,1.2694477e+08
0.4850005,0.9893162,16.0,7.0,1.5999997e+08,1.5089635e+08,9.103616e+06
0.23000023,0.9843305,16.0,79.0,6.000002e+08,5.3101536e+08,6.898483e+07
0.107000105,0.99572647,0.0,34.0,3.0999974e+08,3.61258e+08,5.125824e+07
0.044000044,0.99786323,16.0,37.0,6.050002e+08,5.7663494e+08,2.8365248e+07
0.069000065,0.99643874,8.0,22.0,4.9000016e+08,4.519762e+08,3.802397e+07
0.25000024,0.9843305,12.0,264.0,4.5000035e+08,2.1311642e+08,2.3688394e+08
0.11111111,0.9900285,16.0,2.0,1.2999993e+08,1.7330605e+08,4.330612e+07
0.28000027,0.9893162,0.0,90.0,1.7000013e+09,1.4244575e+09,2.755438e+08
0.12600012,0.9928775,16.0,11.0,3.9499965e+08,3.4223514e+08,5.276451e+07
0.16300017,0.9907407,8.0,5.0,2.4999995e+08,3.6994704e+08,1.1994709e+08
0.07000007,0.99786323,23.0,133.0,1.3799997e+09,1.0987406e+09,2.8125914e+08
0.027000027,0.99786323,16.0,16.0,3.719997e+08,3.597782e+08,1.2221504e+07
0.0,0.99786323,16.0,16.0,3.9000035e+08,3.7265802e+08,1.7342336e+07
0.01975002,0.9985755,16.0,16.0,3.750003e+08,3.7419936e+08,800928.0
0.16666016,0.9900285,16.0,35.0,1.550001e+08,1.633534e+08,8.353312e+06
0.27300027,0.98575497,6.0,15.0,1.3499997e+08,1.2938003e+08,5.619936e+06
0.13500014,0.99358976,23.0,120.0,4.249999e+08,3.791306e+08,4.586931e+07
0.15000015,0.9821937,0.0,106.0,1.3999994e+08,1.7812725e+08,3.812731e+07
0.23000023,0.9928775,8.0,235.0,3.3499984e+08,2.77031e+08,5.796883e+07
0.2000002,0.9893162,16.0,1.0,3.250003e+08,3.0774634e+08,1.7253952e+07
0.3000003,0.9893162,16.0,1.0,2.949998e+08,2.8720755e+08,7.792256e+06
0.013000013,0.997151,16.0,16.0,3.6200016e+08,3.5359488e+08,8.40528e+06
0.3000003,0.9928775,16.0,36.0,2.2500006e+08,2.177629e+08,7.237168e+06
0.0,0.9992877,16.0,205.0,4.3499965e+08,4.32738e+08,2.261664e+06
0.25000024,0.9843305,13.0,7.0,1.0500001e+08,1.0948261e+08,4.4826e+06
0.09000009,0.9928775,25.0,34.0,3.8000006e+08,2.9642512e+08,8.357494e+07
0.06000006,0.99786323,16.0,62.0,3.750003e+08,3.5128714e+08,2.3713152e+07
0.15800016,0.99358976,16.0,495.0,6.499996e+08,5.5273446e+08,9.726515e+07
0.014000014,0.9985755,23.0,437.0,8.299996e+08,7.8030906e+08,4.969056e+07
0.1920002,0.988604,16.0,15.0,1.9500008e+08,1.482891e+08,4.6710976e+07
0.3000003,0.9893162,1.0,1.0,3.2000006e+08,2.8561238e+08,3.438768e+07
0.25500026,0.99216527,16.0,62.0,2.4000018e+08,2.4489626e+08,4.89608e+06
0.19000019,0.99216527,16.0,263.0,2.4999995e+08,2.049458e+08,4.505416e+07
0.004800005,0.99786323,16.0,16.0,3.9000035e+08,3.698144e+08,2.0185952e+07
0.29500028,0.9900285,16.0,11.0,2.5900016e+08,2.4342093e+08,1.5579232e+07
0.3000003,0.98575497,25.0,11.0,2.4900013e+08,2.092241e+08,3.977603e+07
0.14600015,0.98789173,16.0,98.0,9.900008e+07,1.25379336e+08,2.6379256e+07
0.08810009,0.994302,26.0,172.0,7.3499955e+08,7.6536544e+08,3.0365888e+07
0.05000005,0.997151,16.0,106.0,1.1000009e+09,4.0089872e+08,6.991022e+08
0.11111111,0.9821937,17.0,161.0,8.4999976e+07,1.072633e+08,2.226332e+07
0.4000004,0.97649574,16.0,440.0,4.699997e+08,3.9852387e+08,7.147584e+07
0.2900003,0.98789173,23.0,47.0,8.799998e+08,8.0631277e+08,7.368704e+07
0.43800044,0.98504275,26.0,1.0,2.569998e+08,2.0748902e+08,4.9510784e+07
0.27000028,0.980057,16.0,15.0,1.3999994e+08,1.01168376e+08,3.883156e+07
0.12600012,0.99572647,16.0,1.0,4.7999965e+08,4.3657645e+08,4.34232e+07
0.4000004,0.98361826,0.0,304.0,2.4999995e+08,2.3578859e+08,1.421136e+07
0.22000022,0.9843305,25.0,42.0,3.4999968e+08,2.0829714e+08,1.4170254e+08
0.5000005,0.98717946,26.0,114.0,1.3900003e+08,1.3005151e+08,8.94852e+06
0.25400025,0.9907407,16.0,20.0,1.8999994e+08,1.7148376e+08,1.8516176e+07
0.43500045,0.9907407,16.0,35.0,2.0000014e+08,1.7082627e+08,2.9173872e+07
0.01000001,0.994302,16.0,58.0,2.2500006e+08,2.546863e+08,2.968624e+07
0.32000032,0.98646724,16.0,74.0,1.27000104e+08,1.5062576e+08,2.3625656e+07
0.25000024,0.98789173,25.0,87.0,1.2900006e+08,1.5259152e+08,2.3591456e+07
0.21900022,0.9900285,16.0,213.0,3.8499968e+08,3.36919e+08,4.808067e+07
0.1000001,0.98575497,25.0,56.0,1.550001e+08,1.6655302e+08,1.1552928e+07
0.37000036,0.98789173,25.0,82.0,1.499999e+08,1.3762034e+08,1.2379568e+07
0.0,0.9985755,16.0,9.0,3.1900006e+08,3.196926e+08,692544.0
0.12900013,0.994302,16.0,255.0,2.7000006e+08,2.8054797e+08,1.0547904e+07
0.11000011,0.99501425,8.0,34.0,3.4999968e+08,3.4362966e+08,6.370016e+06
0.017000018,0.99786323,16.0,42.0,5.2500006e+08,5.0978883e+08,1.5211232e+07
0.12300012,0.99643874,16.0,110.0,3.5999994e+08,3.3242643e+08,2.7573504e+07
0.04168504,0.98789173,8.0,89.0,1.5999997e+08,2.1139098e+08,5.139101e+07
0.4000004,0.98789173,6.0,97.0,1.2900006e+08,1.4558384e+08,1.6583776e+07
0.0,0.9992877,23.0,14.0,2.0700015e+09,1.9248883e+09,1.4511322e+08
0.25500026,0.98789173,25.0,15.0,1.550001e+08,1.4861984e+08,6.380256e+06
0.14500014,0.99358976,25.0,2.0,2.420002e+08,2.244176e+08,1.7582592e+07
0.1000001,0.994302,16.0,210.0,8.500002e+08,7.439742e+08,1.0602598e+08
0.08900009,0.99358976,8.0,179.0,4.380002e+08,4.9341962e+08,5.5419424e+07
0.45000044,0.9928775,28.0,382.0,1.2999999e+09,1.1595523e+09,1.4044762e+08
0.11111111,0.9843305,8.0,15.0,1.1499992e+08,1.1807855e+08,3.078632e+06
0.33000034,0.988604,8.0,5.0,3.169997e+08,2.972245e+08,1.97752e+07
0.27000028,0.9928775,16.0,1.0,4.199996e+08,3.5348026e+08,6.651936e+07
0.005900006,0.9985755,16.0,37.0,6.6800045e+08,6.1996314e+08,4.803731e+07
0.25000024,0.988604,26.0,122.0,4.0999968e+08,3.6817594e+08,4.1823744e+07
0.3000003,0.98646724,22.0,42.0,2.6500011e+08,1.9795154e+08,6.7048576e+07
0.0,0.9992877,16.0,83.0,1.2910991e+09,1.2175715e+09,7.352768e+07
0.25000024,0.991453,26.0,2.0,1.7999987e+08,1.838875e+08,3.887632e+06
0.13300014,0.991453,16.0,158.0,4.8499958e+08,6.141315e+08,1.2913194e+08
0.39400038,0.9893162,25.0,34.0,1.750001e+08,1.9033726e+08,1.5337168e+07
0.07000007,0.98789173,25.0,124.0,2.149998e+08,1.5275662e+08,6.2243184e+07
0.14500014,0.99501425,16.0,110.0,3.3499984e+08,3.0788784e+08,2.7112e+07
0.0,0.9992877,16.0,51.0,7.149996e+08,7.002548e+08,1.4744832e+07
0.0,0.9992877,16.0,49.0,2.549998e+08,3.5522602e+08,1.0022621e+08
0.08900009,0.99501425,16.0,499.0,4.399997e+08,3.701856e+08,6.981411e+07
0.055000056,0.99786323,16.0,16.0,3.7300006e+08,3.524146e+08,2.0585472e+07
0.14000013,0.994302,16.0,144.0,3.030002e+09,2.4666322e+09,5.633697e+08
0.13900013,0.994302,16.0,11.0,3.590002e+08,3.659098e+08,6.9096e+06
0.0,0.9992877,23.0,14.0,2.0700015e+09,1.9248883e+09,1.4511322e+08
0.0970001,0.99358976,23.0,61.0,6.4000045e+08,6.077262e+08,3.227424e+07
0.06000006,0.98575497,0.0,187.0,2.3900022e+08,3.3613846e+08,9.713824e+07
0.1000001,0.9807692,16.0,145.0,6.5000056e+07,8.1873656e+07,1.68736e+07
0.027000027,0.9985755,16.0,215.0,1.7799997e+09,1.8386656e+09,5.8665856e+07
0.06600007,0.99643874,16.0,22.0,4.9799952e+08,4.463596e+08,5.1639904e+07
0.23600024,0.991453,16.0,130.0,2.949998e+08,2.698688e+08,2.5131008e+07
0.035000034,0.99786323,28.0,16.0,4.080003e+08,3.5819037e+08,4.980992e+07
0.20800021,0.9893162,8.0,1.0,3.4000022e+08,2.9147456e+08,4.8525664e+07
0.009000009,0.99786323,16.0,471.0,6.600002e+08,6.4963155e+08,1.036864e+07
0.24000023,0.99358976,23.0,163.0,3.5499999e+09,2.0396474e+09,1.5103525e+09
0.13300014,0.99501425,16.0,192.0,6.6800045e+08,5.707067e+08,9.729376e+07
0.0,0.9985755,16.0,141.0,8.500002e+08,8.280247e+08,2.1975488e+07
0.011111011,0.9893162,16.0,1.0,2.470002e+08,3.0764365e+08,6.0643456e+07
0.22000022,0.994302,16.0,2.0,2.4999995e+08,2.1946664e+08,3.0533312e+07
0.01000001,0.997151,8.0,34.0,4.5000035e+08,3.950878e+08,5.4912544e+07
0.029000029,0.99786323,16.0,16.0,3.5999994e+08,3.5913306e+08,866880.0
0.3000003,0.98717946,23.0,494.0,1.2999999e+09,1.0601207e+09,2.3987917e+08
0.0,0.9992877,16.0,506.0,8.750005e+08,8.115602e+08,6.344032e+07
0.28000027,0.9900285,16.0,42.0,2.6500011e+08,2.8162342e+08,1.6623312e+07
0.44000044,0.9907407,8.0,53.0,2.7000006e+08,2.3759893e+08,3.2401136e+07
0.020369021,0.9985755,16.0,106.0,3.9499965e+08,4.1008493e+08,1.508528e+07
0.05000005,0.99786323,16.0,3.0,6.2699955e+08,5.9847315e+08,2.85264e+07
0.36000037,0.9900285,16.0,38.0,1.6499989e+08,1.5999294e+08,5.006944e+06
0.35000035,0.98717946,25.0,11.0,2.0000014e+08,2.2858646e+08,2.858632e+07
0.22000022,0.994302,25.0,53.0,3.9000035e+08,3.154502e+08,7.455014e+07
0.07000007,0.997151,16.0,5.0,5.3499952e+08,5.330022e+08,1.997312e+06
0.4000004,0.9893162,25.0,53.0,2.4000018e+08,1.9492608e+08,4.5074096e+07
0.15000015,0.99358976,16.0,35.0,2.4499997e+08,2.1287875e+08,3.2121216e+07
0.14000013,0.9907407,16.0,497.0,1.2999999e+09,9.6151526e+08,3.384846e+08
0.0019000019,0.9992877,16.0,21.0,7.149996e+08,6.590027e+08,5.599693e+07
0.3000003,0.98717946,0.0,77.0,3.2000006e+08,3.2039216e+08,392096.0
0.0,0.9992877,16.0,51.0,7.0500026e+08,7.002548e+08,4.745472e+06
0.35200036,0.988604,16.0,15.0,1.750001e+08,1.4859715e+08,2.6402944e+07
0.052000053,0.99572647,16.0,58.0,3.0499987e+08,2.6867776e+08,3.632211e+07
0.22000022,0.9928775,23.0,18.0,5.3000048e+08,4.875948e+08,4.2405664e+07
0.4000004,0.98575497,26.0,82.0,1.00000024e+08,1.1730433e+08,1.7304304e+07
0.21300021,0.99358976,0.0,206.0,5.6999955e+08,5.4790086e+08,2.2098688e+07
0.1950002,0.99216527,16.0,58.0,2.2999995e+08,1.9431766e+08,3.568229e+07
0.0,0.9992877,16.0,269.0,4.1900026e+08,3.862928e+08,3.2707456e+07
0.0,0.9992877,16.0,106.0,6.000002e+08,3.3202595e+08,2.6797424e+08
0.2000002,0.98717946,23.0,63.0,2.850002e+08,2.7785232e+08,7.147872e+06
0.041000042,0.99786323,16.0,254.0,6.749999e+08,6.567578e+08,1.8242048e+07
0.4900005,0.98504275,12.0,42.0,1.7999987e+08,1.3561523e+08,4.438464e+07
0.3900004,0.98789173,13.0,106.0,6.000002e+08,1.6820224e+08,4.3179795e+08
0.2936223,0.98575497,30.0,78.0,8.900007e+07,8.796873e+07,1.031344e+06
0.1000001,0.99643874,8.0,452.0,7.200002e+08,7.743504e+08,5.435021e+07
0.34500036,0.988604,16.0,15.0,1.750001e+08,1.4643742e+08,2.8562672e+07
0.052000053,0.997151,16.0,29.0,3.549998e+08,3.337059e+08,2.129392e+07
0.12800013,0.994302,16.0,29.0,2.87e+08,2.7948032e+08,7.51968e+06
0.0,0.9992877,16.0,324.0,2.2000018e+08,2.0812398e+08,1.1876192e+07
0.14400014,0.99572647,16.0,57.0,4.299998e+08,3.8140803e+08,4.8591776e+07
0.3000003,0.99216527,16.0,5.0,3.2000006e+08,3.554029e+08,3.540285e+07
0.035000034,0.99786323,23.0,86.0,6.550002e+08,6.518296e+08,3.17056e+06
0.26000026,0.9893162,6.0,82.0,1.8499989e+08,1.5819474e+08,2.6805152e+07
0.03000003,0.9985755,16.0,330.0,6.050002e+08,5.5629024e+08,4.870995e+07
0.2000002,0.98789173,25.0,18.0,3.6500016e+08,3.492135e+08,1.5786656e+07
0.0960001,0.99501425,0.0,141.0,6.4000045e+08,6.614091e+08,2.140864e+07
0.0,0.9992877,16.0,22.0,6.1000006e+08,3.0853686e+08,3.014632e+08
0.11110011,0.98504275,16.0,259.0,1.04499974e+09,7.7028614e+08,2.747136e+08
0.3000003,0.9893162,8.0,250.0,1.8999994e+08,1.7438667e+08,1.5613264e+07
0.2000002,0.97792023,15.0,34.0,5.9999988e+07,6.001967e+07,19684.0
0.28000027,0.9900285,16.0,11.0,2.350002e+08,2.4505746e+08,1.0057264e+07
0.035000034,0.98789173,16.0,82.0,1.6699995e+08,1.3582181e+08,3.1178144e+07
0.35500035,0.9900285,25.0,112.0,1.4499995e+08,1.5876846e+08,1.3768512e+07
0.2000002,0.98717946,23.0,63.0,2.850002e+08,2.7785232e+08,7.147872e+06
0.11300011,0.99358976,23.0,8.0,1.06500096e+09,8.921988e+08,1.7280218e+08
0.19700019,0.98361826,25.0,418.0,1.069999e+08,1.1646052e+08,9.460616e+06
0.15000015,0.98717946,16.0,74.0,1.7999987e+08,1.596896e+08,2.0310272e+07
0.003000003,0.9893162,16.0,54.0,2.700002e+09,2.6440197e+09,5.5982336e+07
0.025000025,0.99501425,16.0,157.0,4.7999965e+08,4.388724e+08,4.1127264e+07
0.32000032,0.988604,16.0,66.0,1.6499989e+08,1.6165365e+08,3.34624e+06
0.0,0.9992877,16.0,21.0,6.979999e+08,6.514195e+08,4.658035e+07
0.16000016,0.9928775,9.0,127.0,3.2000006e+08,2.9864288e+08,2.1357184e+07
0.1950002,0.99572647,16.0,333.0,5.600003e+08,5.930756e+08,3.3075264e+07
0.08500008,0.994302,16.0,154.0,4.1499983e+09,3.125922e+09,1.0240763e+09
0.0,0.9992877,16.0,22.0,9.000006e+07,3.0853686e+08,2.185368e+08
0.028000029,0.99786323,16.0,16.0,3.4800003e+08,3.5945238e+08,1.1452352e+07
0.2000002,0.9900285,16.0,379.0,1.6499989e+08,1.6648125e+08,1.48136e+06
0.1000001,0.988604,26.0,114.0,1.3999994e+08,1.5095162e+08,1.095168e+07
0.3000003,0.98646724,25.0,82.0,1.2499992e+08,1.3304116e+08,8.04124e+06
0.13500014,0.99358976,16.0,414.0,5.0999987e+08,4.8706314e+08,2.2936736e+07
0.24500024,0.9893162,16.0,18.0,3.750003e+08,3.8758064e+08,1.2580352e+07
0.2000002,0.99216527,8.0,218.0,3.3499984e+08,3.2447008e+08,1.052976e+07
0.0,0.9992877,16.0,88.0,1.4369994e+09,1.3622636e+09,7.473587e+07
0.10400011,0.991453,16.0,58.0,2.180002e+08,2.0541854e+08,1.2581648e+07
0.15000015,0.994302,16.0,120.0,4.299998e+08,4.1467046e+08,1.5329344e+07
0.0970001,0.9928775,19.0,42.0,3.4999968e+08,3.8429683e+08,3.429715e+07
0.054000054,0.99572647,16.0,37.0,5.749996e+08,5.287565e+08,4.6243104e+07
0.22000022,0.99358976,8.0,99.0,3.999997e+08,3.769573e+08,2.30424e+07
0.15000015,0.99572647,9.0,34.0,3.9000035e+08,3.4319866e+08,4.6801696e+07
0.0,0.9992877,23.0,191.0,8.950008e+08,8.957933e+08,792448.0
0.3000003,0.9900285,16.0,69.0,1.8499989e+08,1.7277005e+08,1.222984e+07
0.095000096,0.997151,16.0,28.0,6.799995e+08,6.220573e+08,5.794221e+07
0.26000026,0.991453,16.0,5.0,3.4000022e+08,3.527414e+08,1.2741184e+07
0.17597717,0.9843305,15.0,15.0,1.2499992e+08,1.1631179e+08,8.688128e+06
0.0011110011,0.9843305,16.0,15.0,9.3999944e+07,1.0285234e+08,8.852392e+06
0.08800009,0.994302,26.0,309.0,2.2899983e+09,1.9308342e+09,3.5916416e+08
0.011111011,0.98575497,26.0,212.0,1.7299989e+08,1.7521886e+08,2.218976e+06
0.4000004,0.9893162,16.0,57.0,2.9999994e+08,2.7047325e+08,2.9526688e+07
0.25000024,0.9900285,16.0,106.0,2.9000003e+08,2.4133781e+08,4.8662224e+07
0.18600018,0.98717946,1.0,18.0,3.2000006e+08,3.0881357e+08,1.1186496e+07
0.0,0.9992877,8.0,175.0,2.665001e+09,2.1925087e+09,4.724923e+08
0.43800044,0.98504275,26.0,1.0,2.569998e+08,2.0748902e+08,4.9510784e+07
0.1000001,0.99572647,16.0,45.0,2.780002e+08,2.645345e+08,1.3465696e+07
0.0,0.9992877,16.0,356.0,5.500002e+08,2.9629056e+08,2.5370963e+08
0.04800005,0.99786323,16.0,234.0,5.400004e+08,5.590537e+08,1.9053312e+07
0.2000002,0.99216527,8.0,218.0,3.3499984e+08,3.2447008e+08,1.052976e+07
0.0,0.9992877,16.0,247.0,4.1100032e+08,3.8218067e+08,2.8819648e+07
0.05000005,0.99786323,16.0,0.0,3.4999968e+08,3.6586653e+08,1.5866848e+07
0.21529321,0.991453,16.0,5.0,3.750003e+08,3.580162e+08,1.6984096e+07
0.11000011,0.994302,16.0,18.0,5.480001e+08,6.0209466e+08,5.409453e+07
0.09400009,0.99358976,16.0,113.0,1.1000009e+09,9.318401e+08,1.6816077e+08
0.12300012,0.98717946,0.0,304.0,3.250003e+08,3.4222077e+08,1.722048e+07
0.012354013,0.99216527,16.0,35.0,2.149998e+08,1.6740338e+08,4.759643e+07
0.23000023,0.98717946,25.0,378.0,1.7000003e+08,1.3866322e+08,3.1336816e+07
0.28000027,0.9893162,25.0,34.0,1.9900016e+08,2.0900632e+08,1.000616e+07
0.15100016,0.99358976,16.0,129.0,5.050003e+08,4.959899e+08,9.0104e+06
0.34000033,0.9814815,15.0,127.0,2.0000014e+08,1.3714344e+08,6.2856704e+07
0.4000004,0.98646724,16.0,82.0,1.2499992e+08,1.1888986e+08,6.110064e+06
0.18800019,0.988604,26.0,122.0,3.250003e+08,3.9555152e+08,7.055123e+07
0.116000116,0.994302,16.0,1.0,4.0499974e+08,4.1272778e+08,7.728032e+06
0.42800042,0.98646724,6.0,15.0,1.4499995e+08,1.2930257e+08,1.5697384e+07
0.2000002,0.98575497,16.0,232.0,1.1499992e+08,1.4425074e+08,2.9250816e+07
0.029000029,0.9985755,16.0,346.0,1.4200005e+09,1.4002218e+09,1.9778688e+07
0.04221104,0.98646724,25.0,447.0,2.850002e+08,2.8493498e+08,65216.0
0.32000032,0.98789173,0.0,106.0,1.4499995e+08,2.4401083e+08,9.901088e+07
0.3000003,0.9900285,6.0,112.0,1.750001e+08,1.553609e+08,1.96392e+07
0.045000046,0.997151,16.0,5.0,5.0000013e+08,5.3532106e+08,3.532093e+07
0.07000007,0.99786323,16.0,393.0,3.4999968e+08,3.2649267e+08,2.3507008e+07
0.25000024,0.988604,16.0,90.0,1.7000013e+09,1.5663715e+09,1.3362982e+08
0.0,0.9985755,0.0,187.0,6.249996e+08,5.907172e+08,3.428243e+07
0.15000015,0.99572647,16.0,36.0,3.0999974e+08,2.8839875e+08,2.1600992e+07
1.000001e-06,0.9992877,16.0,48.0,1.7303e+09,1.787379e+09,5.707891e+07
0.15600015,0.994302,16.0,32.0,3.999997e+08,3.8131347e+08,1.868624e+07
0.019500019,0.99786323,16.0,148.0,1.5499988e+09,1.6360575e+09,8.605862e+07
0.4000004,0.988604,10.0,33.0,1.3999994e+08,1.0801162e+08,3.198832e+07
0.08000008,0.99572647,23.0,107.0,1.2300009e+09,1.1363309e+09,9.367002e+07
0.23000023,0.988604,8.0,1.0,2.87e+08,2.7727843e+08,9.721568e+06
0.0990001,0.997151,16.0,1.0,5.2500006e+08,4.704598e+08,5.4540256e+07
0.5000005,0.98504275,6.0,56.0,1.499999e+08,1.6495835e+08,1.4958448e+07
0.07000007,0.997151,16.0,100.0,7.600005e+08,7.9365914e+08,3.3658624e+07
0.013500013,0.9985755,16.0,187.0,6.350006e+08,5.828037e+08,5.2196864e+07
0.28000027,0.988604,23.0,294.0,1.6299992e+09,1.9078953e+09,2.7789606e+08
0.12000012,0.994302,16.0,1.0,4.249999e+08,4.1187846e+08,1.312144e+07
0.002000002,0.99786323,16.0,113.0,1.4999997e+09,1.1283872e+09,3.7161254e+08
0.17000017,0.9928775,16.0,169.0,3.4000022e+08,3.822791e+08,4.227888e+07
0.0,0.9992877,23.0,195.0,2.808999e+09,2.5894597e+09,2.195392e+08
0.0011110011,0.9893162,16.0,7.0,1.6900008e+08,1.4537712e+08,2.362296e+07
0.3000003,0.98789173,25.0,106.0,2.3700013e+08,1.8380195e+08,5.3198176e+07
0.035000034,0.99786323,25.0,103.0,7.899997e+08,7.76692e+08,1.3307712e+07
0.33000034,0.988604,22.0,66.0,1.499999e+08,1.5137371e+08,1.373808e+06
0.014000014,0.9985755,16.0,365.0,1.4899996e+09,1.0727337e+09,4.1726592e+08
0.4000004,0.98575497,23.0,122.0,1.8999994e+08,2.7539626e+08,8.539632e+07
0.00011100011,0.97720796,23.0,106.0,5.200002e+08,1.1933059e+08,4.006696e+08
0.0,0.9992877,16.0,21.0,7.849994e+08,6.514195e+08,1.335799e+08
0.11111111,0.994302,16.0,63.0,4.8499958e+08,4.625048e+08,2.2494784e+07
1.000001e-05,0.9992877,23.0,49.0,5.500002e+08,4.457751e+08,1.0422509e+08
0.3000003,0.9893162,16.0,18.0,3.6299994e+08,3.6887462e+08,5.874688e+06
0.26000026,0.9907407,8.0,1.0,3.3499984e+08,3.0145168e+08,3.354816e+07
0.3900004,0.98646724,25.0,53.0,1.8499989e+08,1.7791605e+08,7.08384e+06
0.008000008,0.9985755,16.0,37.0,6.3000006e+08,6.193875e+08,1.0612544e+07
0.06600007,0.99786323,16.0,16.0,3.5999994e+08,3.499403e+08,1.0059648e+07
0.0,0.9992877,23.0,175.0,2.7978022e+09,2.1950275e+09,6.027748e+08
0.16000016,0.98717946,16.0,67.0,1.1499992e+08,9.865268e+07,1.634724e+07
0.14000013,0.991453,16.0,57.0,3.2999994e+08,3.171636e+08,1.2836352e+07
0.23000023,0.9843305,16.0,79.0,6.000002e+08,5.3101536e+08,6.898483e+07
0.0,0.9992877,23.0,466.0,1.2910991e+09,3.49833e+09,2.207231e+09
0.022000022,0.9985755,16.0,286.0,5.949994e+08,5.887566e+08,6.242816e+06
0.45000044,0.98717946,16.0,11.0,2.149998e+08,2.0737469e+08,7.62512e+06
0.26000026,0.98646724,26.0,89.0,2.0500013e+08,1.9247221e+08,1.252792e+07
0.18000019,0.9907407,16.0,5.0,3.2999994e+08,3.6163094e+08,3.1631008e+07
0.17000017,0.9907407,16.0,93.0,2.949998e+08,3.5051677e+08,5.551696e+07
0.0,0.9992877,16.0,219.0,6.999994e+07,3.1290762e+08,2.4290768e+08
0.16900016,0.994302,16.0,42.0,4.5000035e+08,3.927062e+08,5.7294144e+07
0.12000012,0.97649574,8.0,187.0,5.6999955e+08,2.4944173e+08,3.2055782e+08
0.45000044,0.98575497,30.0,97.0,1.2000003e+08,9.777188e+07,2.2228152e+07
0.0,0.9992877,16.0,128.0,6.199998e+08,5.980236e+08,2.1976192e+07
0.04800005,0.99572647,16.0,46.0,1.8499999e+09,1.6553838e+09,1.9461606e+08
0.0,0.99786323,19.0,16.0,3.8599965e+08,3.8763165e+08,1.632e+06
0.036000036,0.9928775,26.0,248.0,1.3500004e+09,1.2115991e+09,1.3840128e+08
0.17900018,0.98717946,16.0,82.0,1.4499995e+08,1.359838e+08,9.016144e+06
0.2000002,0.9928775,16.0,250.0,2.1000011e+08,2.1639571e+08,6.3956e+06
0.18000019,0.9928775,16.0,98.0,1.1111109e+08,1.6827091e+08,5.7159824e+07
0.22500022,0.9900285,26.0,56.0,3.0999974e+08,2.4009037e+08,6.990938e+07
0.05300005,0.99358976,19.0,98.0,2.7499997e+08,2.257054e+08,4.929456e+07
0.17000017,0.99358976,21.0,13.0,8.999994e+08,8.242791e+08,7.572032e+07
0.001000001,0.9992877,16.0,102.0,5.2500006e+08,4.795092e+08,4.549088e+07
0.1000001,0.97792023,1.0,504.0,9.000006e+07,1.140582e+08,2.4058136e+07
0.22200023,0.988604,0.0,77.0,3.9000035e+08,3.566102e+08,3.3390144e+07
0.12200012,0.997151,16.0,328.0,6.450004e+08,6.048629e+08,4.013747e+07
0.028000029,0.99643874,16.0,58.0,3.2999994e+08,2.9061632e+08,3.9383616e+07
0.017500017,0.9985755,16.0,105.0,3.999997e+08,4.0765258e+08,7.652864e+06
0.45000044,0.9893162,25.0,34.0,2.4000018e+08,1.9891477e+08,4.108541e+07
0.32000032,0.98717946,1.0,87.0,1.499999e+08,1.29229096e+08,2.0770808e+07
0.23000023,0.99358976,16.0,18.0,4.9700032e+08,5.204606e+08,2.3460288e+07
0.024000024,0.99786323,16.0,143.0,3.6200016e+08,3.5345328e+08,8.54688e+06
0.15000015,0.99358976,16.0,185.0,5.7900006e+08,5.091436e+08,6.985645e+07
0.0,0.9992877,16.0,404.0,1.9500018e+09,1.8990584e+09,5.094336e+07
0.13500014,0.9893162,16.0,11.0,3.2000006e+08,2.7136202e+08,4.863805e+07
0.5000005,0.9814815,16.0,15.0,6.999994e+07,1.0171167e+08,3.1711736e+07
0.0,0.9985755,23.0,312.0,1.4200005e+09,1.3979508e+09,2.2049664e+07
0.011000011,0.9985755,16.0,88.0,1.4800013e+09,1.4424888e+09,3.751245e+07
0.22000022,0.98717946,8.0,144.0,1.0799992e+09,1.2084326e+09,1.2843341e+08
0.16700016,0.9893162,16.0,74.0,2.1000011e+08,1.8090059e+08,2.909952e+07
0.3000003,0.9893162,16.0,66.0,1.72e+08,1.6153314e+08,1.0466864e+07
0.03000003,0.9985755,23.0,505.0,1.4000001e+09,1.323523e+09,7.647718e+07
0.27000028,0.9928775,16.0,119.0,4.380002e+08,4.2691402e+08,1.1086176e+07
0.25677925,0.9907407,16.0,112.0,2.1000011e+08,1.6542088e+08,4.457923e+07
0.2970003,0.9900285,16.0,281.0,5.400004e+08,5.2675235e+08,1.3248032e+07
0.03200003,0.99786323,16.0,202.0,3.6500016e+08,3.6091638e+08,4.083776e+06
0.03200003,0.99786323,23.0,37.0,5.8999994e+08,5.4401875e+08,4.5981184e+07
0.35000035,0.9907407,16.0,69.0,1.8499989e+08,1.7882578e+08,6.174112e+06
0.24400024,0.98575497,11.0,82.0,1.4499995e+08,1.2443804e+08,2.0561912e+07
0.022000022,0.9985755,0.0,106.0,2.9999994e+08,4.1166483e+08,1.116649e+08
0.3000003,0.98575497,0.0,264.0,2.850002e+08,3.1241802e+08,2.7417824e+07
0.024588024,0.9900285,16.0,138.0,1.750001e+08,2.0726594e+08,3.226584e+07
0.11111111,0.98646724,0.0,106.0,2.9999994e+08,2.3093186e+08,6.906808e+07
0.0,0.9992877,23.0,305.0,4.3499986e+09,3.4867525e+09,8.632461e+08
0.18200018,0.9893162,3.0,106.0,5.6999955e+08,2.007994e+08,3.6920016e+08
0.05000005,0.99786323,23.0,86.0,6.450004e+08,6.3871514e+08,6.285248e+06
0.2880003,0.98789173,16.0,11.0,2.850002e+08,2.2024242e+08,6.4757776e+07
0.33557335,0.98646724,26.0,15.0,1.1000003e+08,1.31599576e+08,2.1599544e+07
0.04200004,0.99572647,16.0,58.0,3.2000006e+08,2.7180752e+08,4.8192544e+07
0.0,0.9992877,16.0,22.0,1.3999994e+08,3.0853686e+08,1.6853693e+08
0.0,0.9992877,16.0,203.0,7.899997e+08,7.965922e+08,6.592512e+06
0.35000035,0.98575497,16.0,15.0,1.4499995e+08,1.2583069e+08,1.9169264e+07
0.27000028,0.98646724,23.0,7.0,1.3499997e+08,1.2299275e+08,1.2007216e+07
0.1000001,0.99358976,16.0,414.0,4.9000016e+08,4.9694346e+08,6.943296e+06
0.2000002,0.99216527,0.0,187.0,4.9799952e+08,4.0662365e+08,9.137587e+07
0.2000002,0.9893162,8.0,1.0,3.0499987e+08,2.9361386e+08,1.1386016e+07
0.03200003,0.99501425,16.0,63.0,5.770002e+08,5.2489693e+08,5.2103264e+07
0.3100003,0.991453,16.0,58.0,1.9600016e+08,1.8449774e+08,1.1502416e+07
0.083000086,0.99572647,16.0,29.0,3.2900003e+08,3.092397e+08,1.976032e+07
0.0,0.9992877,23.0,538.0,5.800004e+08,1.1500963e+09,5.700959e+08
0.09000009,0.99643874,16.0,118.0,5.6999955e+08,5.783996e+08,8.400064e+06
0.0,0.9985755,16.0,269.0,4.0999968e+08,3.9211194e+08,1.7887744e+07
0.25000024,0.9900285,16.0,45.0,1.9900016e+08,1.8620422e+08,1.2795936e+07
0.15000015,0.994302,15.0,120.0,4.699997e+08,3.9756726e+08,7.243245e+07
0.0,0.9992877,16.0,36.0,4.5000035e+08,4.0440538e+08,4.5594976e+07
0.14200014,0.99358976,16.0,1.0,4.650001e+08,3.9410262e+08,7.089747e+07
0.07200007,0.98789173,25.0,87.0,2.0000014e+08,1.5283822e+08,4.716192e+07
0.43000042,0.9907407,26.0,7.0,1.750001e+08,1.6378707e+08,1.1213024e+07
0.01000001,0.99358976,16.0,227.0,8.6999974e+08,7.358637e+08,1.3413606e+08
0.4930025,0.9843305,16.0,145.0,7.9999944e+07,1.0570048e+08,2.5700536e+07
0.012000012,0.9985755,16.0,0.0,3.9000035e+08,3.8666138e+08,3.338976e+06
0.065000065,0.99786323,16.0,316.0,6.1000006e+08,5.926176e+08,1.7382464e+07
0.006190006,0.9992877,23.0,22.0,6.0100006e+08,5.611497e+08,3.985037e+07
0.4850005,0.9893162,16.0,7.0,1.5999997e+08,1.5089635e+08,9.103616e+06
0.18500018,0.99358976,16.0,5.0,4.650001e+08,4.087527e+08,5.624739e+07
0.2110002,0.9793447,26.0,34.0,1.3999994e+08,1.0316059e+08,3.6839344e+07
0.25000024,0.98789173,25.0,82.0,1.6799992e+08,1.4762114e+08,2.0378784e+07
0.16500017,0.9900285,15.0,106.0,9.499993e+07,2.3285763e+08,1.378577e+08
0.11250011,0.99572647,16.0,58.0,2.9000003e+08,2.4908277e+08,4.0917264e+07
0.012345012,0.98504275,30.0,377.0,9.800003e+07,8.985016e+07,8.149872e+06
0.0,0.9992877,16.0,215.0,1.9200005e+09,1.8615886e+09,5.8411904e+07
0.42800042,0.98646724,6.0,15.0,1.4499995e+08,1.2930257e+08,1.5697384e+07
0.2000002,0.9907407,16.0,58.0,1.750001e+08,1.82981e+08,7.980896e+06
0.31100032,0.98361826,7.0,562.0,1.245e+08,1.4199322e+08,1.7493216e+07
0.28000027,0.9893162,25.0,7.0,1.6499989e+08,1.4895243e+08,1.6047456e+07
0.13000013,0.99501425,8.0,5.0,5.6999955e+08,4.7043917e+08,9.956038e+07
0.26500025,0.988604,25.0,99.0,2.8e+08,2.6980806e+08,1.0191936e+07
0.16700016,0.9893162,16.0,74.0,2.1000011e+08,1.8090059e+08,2.909952e+07
0.35000035,0.988604,16.0,5.0,2.7000006e+08,3.0393366e+08,3.39336e+07
0.22222222,0.99216527,16.0,35.0,1.8999994e+08,1.9025016e+08,250224.0
0.14400014,0.99358976,16.0,64.0,4.299998e+08,3.8022845e+08,4.977136e+07
0.026000027,0.997151,16.0,5.0,5.0999987e+08,5.3585635e+08,2.585648e+07
0.0,0.9992877,16.0,70.0,1.499999e+08,1.2956376e+08,2.0436144e+07
0.16000016,0.99216527,16.0,500.0,1.8399987e+09,1.1499822e+09,6.900165e+08
0.043000042,0.99643874,15.0,42.0,4.9000016e+08,4.625057e+08,2.7494464e+07
0.18100019,0.99358976,16.0,537.0,5.3000048e+08,5.0388806e+08,2.6112416e+07
0.04000004,0.997151,23.0,134.0,1.7000013e+09,9.2696877e+08,7.730325e+08
0.0,0.9992877,16.0,8.0,1.1300004e+09,1.1068408e+09,2.3159552e+07
0.017000018,0.9907407,16.0,427.0,3.0999992e+09,2.852641e+09,2.473582e+08
0.0,0.9992877,16.0,108.0,7.849994e+08,7.416252e+08,4.337421e+07
0.25400025,0.9907407,16.0,357.0,3.4500026e+08,3.0061168e+08,4.4388576e+07
0.4000004,0.98646724,25.0,122.0,4.0499974e+08,2.8297008e+08,1.2202966e+08
0.2000002,0.9843305,16.0,145.0,9.000006e+07,1.0331261e+08,1.3312544e+07
0.03000003,0.997151,23.0,8.0,9.599998e+08,1.001887e+09,4.188717e+07
0.056000058,0.9821937,30.0,166.0,3.2999994e+08,2.4317683e+08,8.68231e+07
0.06000006,0.99643874,23.0,16.0,3.1499987e+08,3.368528e+08,2.1852928e+07
0.086000085,0.994302,26.0,107.0,1.1800004e+09,1.04657555e+09,1.3342483e+08
0.41535842,0.9843305,25.0,5.0,2.0500013e+08,2.1489813e+08,9.898e+06
0.0,0.9992877,16.0,0.0,3.750003e+08,3.9780394e+08,2.2803648e+07
0.4000004,0.9843305,6.0,1.0,1.7999987e+08,2.010508e+08,2.1050928e+07
0.21800022,0.9928775,16.0,119.0,4.0699997e+08,4.3152557e+08,2.45256e+07
0.046000045,0.99786323,16.0,1.0,5.0000013e+08,5.0195997e+08,1.95984e+06
0.14600015,0.994302,16.0,18.0,4.9000016e+08,5.8031354e+08,9.031338e+07
0.011111011,0.9900285,0.0,77.0,4.0999968e+08,4.1033686e+08,337184.0
0.17000017,0.9907407,16.0,93.0,3.3499984e+08,3.5051677e+08,1.5516928e+07
0.25000024,0.9907407,8.0,171.0,3.0999974e+08,3.0841565e+08,1.584096e+06
0.18900019,0.9893162,25.0,15.0,1.6799992e+08,1.5970086e+08,8.299056e+06
0.0,0.9992877,23.0,83.0,1.2910007e+09,1.2271116e+09,6.388915e+07
0.012000012,0.9985755,16.0,170.0,4.0499974e+08,3.8325155e+08,2.1748192e+07
0.2000002,0.9893162,16.0,1.0,3.250003e+08,3.0774634e+08,1.7253952e+07
0.023700023,0.9985755,23.0,233.0,7.999998e+08,7.340203e+08,6.597952e+07
0.05000005,0.997151,16.0,155.0,3.6999997e+08,3.4184502e+08,2.8154944e+07
0.15000015,0.99572647,16.0,36.0,3.0999974e+08,2.8839875e+08,2.1600992e+07
0.35000035,0.99501425,16.0,89.0,4.3499965e+08,3.399879e+08,9.501174e+07
0.12800013,0.994302,16.0,141.0,6.199998e+08,6.285622e+08,8.562368e+06
0.3120003,0.9893162,16.0,109.0,3.2999994e+08,3.042817e+08,2.571824e+07
0.12300012,0.99501425,16.0,434.0,7.200002e+08,5.87989e+08,1.320112e+08
0.24700025,0.98789173,25.0,389.0,1.0799992e+09,9.3841984e+08,1.415794e+08
0.001000001,0.988604,23.0,7.0,1.3499997e+08,1.2899466e+08,6.005312e+06
0.2040302,0.991453,16.0,42.0,3.9000035e+08,3.281515e+08,6.1848864e+07
0.08500008,0.99501425,16.0,280.0,8.6999974e+08,8.335613e+08,3.6438464e+07
0.03000003,0.997151,16.0,5.0,5.480001e+08,5.3564176e+08,1.2358368e+07
0.01900002,0.9985755,16.0,16.0,3.8499968e+08,3.7462496e+08,1.037472e+07
0.18400018,0.994302,16.0,42.0,4.0999968e+08,3.859025e+08,2.4097184e+07
0.28000027,0.98789173,16.0,106.0,2.1000011e+08,1.8691019e+08,2.308992e+07
0.08000008,0.99572647,23.0,107.0,1.2300009e+09,1.1363309e+09,9.367002e+07
0.12700012,0.99358976,16.0,58.0,2.350002e+08,2.2242624e+08,1.2573952e+07
0.21000022,0.98717946,26.0,106.0,2.1000011e+08,1.8784011e+08,2.216e+07
0.056000058,0.994302,0.0,187.0,4.299998e+08,4.8679104e+08,5.679123e+07
0.15000015,0.99501425,23.0,430.0,1.2300009e+09,1.1107745e+09,1.1922637e+08
0.086000085,0.99216527,16.0,331.0,2.0199992e+09,1.8869736e+09,1.3302566e+08
0.40500042,0.988604,16.0,5.0,2.6500011e+08,2.911584e+08,2.6158288e+07
0.0012000012,0.9992877,16.0,101.0,7.0500026e+08,6.7650534e+08,2.8494912e+07
0.02970003,0.99786323,16.0,0.0,3.719997e+08,3.7204938e+08,49664.0
0.13000013,0.99643874,16.0,58.0,2.7000006e+08,2.5668922e+08,1.3310848e+07
0.13000013,0.99358976,3.0,1.0,4.550001e+08,3.7995875e+08,7.504134e+07
0.28400028,0.98575497,8.0,1.0,2.2000018e+08,2.2713443e+08,7.134256e+06
0.26500025,0.9893162,23.0,18.0,3.6500016e+08,3.7623254e+08,1.1232384e+07
0.28200027,0.9900285,16.0,369.0,1.8499989e+08,1.8665011e+08,1.650224e+06
0.1980002,0.9907407,11.0,96.0,7.3000064e+08,7.043591e+08,2.5641536e+07
0.0,0.9992877,23.0,103.0,8.219994e+08,8.6349446e+08,4.149504e+07
0.0001000001,0.9992877,16.0,55.0,4.299998e+08,3.9768102e+08,3.2318784e+07
0.4110004,0.99358976,16.0,58.0,2.4499997e+08,2.0148114e+08,4.351883e+07
0.25113425,0.98717946,11.0,114.0,1.5999997e+08,1.2255204e+08,3.744793e+07
0.001000001,0.9985755,0.0,187.0,6.1000006e+08,5.9058534e+08,1.941472e+07
0.0,0.9992877,8.0,103.0,8.799998e+08,8.603774e+08,1.96224e+07
0.11700012,0.991453,25.0,354.0,2.350002e+08,2.0155224e+08,3.3447952e+07
0.16100016,0.99572647,16.0,276.0,2.7000006e+08,2.6468539e+08,5.314672e+06
0.15000015,0.99501425,16.0,2.0,2.7299994e+08,2.354174e+08,3.758253e+07
0.13000013,0.994302,0.0,187.0,5.200002e+08,4.608124e+08,5.9187776e+07
0.3160003,0.98789173,16.0,106.0,1.5999997e+08,1.8729846e+08,2.7298496e+07
0.0,0.99786323,16.0,173.0,6.799995e+08,6.5539136e+08,2.4608128e+07
0.3000003,0.9843305,25.0,1.0,1.7999987e+08,2.0486138e+08,2.4861504e+07
0.18000019,0.9907407,23.0,96.0,8.500002e+08,7.166941e+08,1.3330611e+08
0.012345012,0.9814815,16.0,12.0,7.199998e+07,8.73456e+07,1.5345616e+07
0.12600012,0.99572647,16.0,1.0,5.3000048e+08,4.3657645e+08,9.342403e+07
0.5000005,0.982906,30.0,140.0,7.5000056e+07,7.970447e+07,4.704416e+06
0.15500015,0.99501425,23.0,99.0,4.5000035e+08,4.0819565e+08,4.1804704e+07
0.3000003,0.99358976,16.0,58.0,1.9399992e+08,2.0520003e+08,1.1200112e+07
0.1000001,0.99501425,16.0,492.0,6.799995e+08,5.885107e+08,9.148877e+07
0.0,0.9992877,16.0,83.0,1.2910991e+09,1.2175715e+09,7.352768e+07
0.0063000065,0.9985755,16.0,249.0,1.0599994e+09,1.0208021e+09,3.919731e+07
0.08000008,0.994302,7.0,94.0,7.4999987e+09,7.0281887e+09,4.7181005e+08
0.38000038,0.98646724,25.0,56.0,1.8999994e+08,1.555747e+08,3.442523e+07
0.17500018,0.994302,25.0,34.0,3.2000006e+08,3.0318618e+08,1.6813888e+07
0.058000058,0.99643874,16.0,29.0,3.4000022e+08,3.2446205e+08,1.5538176e+07
0.3000003,0.9900285,16.0,69.0,1.8499989e+08,1.7277005e+08,1.222984e+07
0.2000002,0.99216527,23.0,371.0,7.499995e+08,4.996436e+08,2.503559e+08
0.09000009,0.99786323,8.0,177.0,6.799995e+08,5.718846e+08,1.0811488e+08
0.017500017,0.9985755,23.0,403.0,8.1999974e+08,7.661629e+08,5.3836864e+07
0.11000011,0.991453,16.0,98.0,1.9500008e+08,1.7004024e+08,2.495984e+07
0.25000024,0.988604,16.0,273.0,2.9999994e+08,3.1315478e+08,1.3154848e+07
0.05900006,0.997151,16.0,16.0,3.4999968e+08,3.4256298e+08,7.436704e+06
0.08900009,0.99643874,16.0,10.0,3.2000006e+08,3.11333e+08,8.667072e+06
0.12100012,0.99501425,16.0,1.0,4.9000016e+08,4.246142e+08,6.538595e+07
0.0,0.9985755,23.0,85.0,9.599998e+08,8.421108e+08,1.1788902e+08
0.5000005,0.98575497,23.0,15.0,1.27000104e+08,1.155767e+08,1.14234e+07
0.0016000016,0.9985755,23.0,48.0,1.9099997e+09,1.8175876e+09,9.241216e+07
0.0,0.9992877,16.0,121.0,9.599998e+08,9.620381e+08,2.038272e+06
0.0,0.9992877,23.0,117.0,2.0000004e+07,6.391892e+08,6.191892e+08
0.07500008,0.99358976,16.0,5.0,4.699997e+08,4.401021e+08,2.98976e+07
0.25000024,0.98717946,0.0,187.0,3.2999994e+08,3.2939184e+08,608096.0
0.07900008,0.99501425,23.0,265.0,5.200002e+08,5.375659e+08,1.7565696e+07
0.0,0.9992877,23.0,85.0,9.8999936e+08,8.553346e+08,1.3466477e+08
0.095000096,0.99501425,16.0,99.0,5.500002e+08,4.695347e+08,8.04655e+07
0.06100006,0.994302,16.0,42.0,5.1199987e+08,4.389243e+08,7.307558e+07
0.04200004,0.99786323,8.0,28.0,6.950002e+08,6.6973805e+08,2.5262144e+07
0.036000036,0.988604,25.0,33.0,1.2600001e+08,1.2952719e+08,3.527184e+06
0.1000001,0.99501425,8.0,89.0,4.7499965e+08,3.6888448e+08,1.0611517e+08
0.045000046,0.997151,16.0,5.0,5.0000013e+08,5.3532106e+08,3.532093e+07
0.5000005,0.98717946,25.0,114.0,1.1900011e+08,1.3112803e+08,1.212792e+07
0.0990001,0.99572647,16.0,139.0,1.2749992e+09,1.1700741e+09,1.0492506e+08
0.15300015,0.99358976,16.0,179.0,4.9000016e+08,4.768824e+08,1.311776e+07
0.098000094,0.994302,23.0,72.0,3.4499978e+09,3.3053176e+09,1.446802e+08
0.25000024,0.99358976,16.0,58.0,2.4900013e+08,2.0891864e+08,4.008149e+07
0.45884547,0.98504275,6.0,165.0,2.1000011e+08,2.0712051e+08,2.8796e+06
0.12000012,0.994302,16.0,1.0,4.249999e+08,4.1187846e+08,1.312144e+07
0.18500018,0.9907407,16.0,96.0,8.1999974e+08,7.086795e+08,1.1132026e+08
0.0,0.9992877,16.0,270.0,8.099999e+08,6.940755e+08,1.1592435e+08
0.2000002,0.9893162,16.0,1.0,3.250003e+08,3.0774634e+08,1.7253952e+07
0.21600021,0.99216527,8.0,93.0,3.579998e+08,3.5531072e+08,2.689088e+06
0.5000005,0.994302,16.0,58.0,2.2999995e+08,2.2568906e+08,4.310896e+06
0.4090004,0.98504275,25.0,42.0,1.8999994e+08,1.7756483e+08,1.2435104e+07
0.25400025,0.9907407,16.0,20.0,1.8999994e+08,1.7148376e+08,1.8516176e+07
0.18000019,0.994302,8.0,64.0,3.750003e+08,3.6517843e+08,9.821856e+06
0.37000036,0.98717946,0.0,106.0,2.9999994e+08,2.2452891e+08,7.547102e+07
0.02100002,0.99786323,16.0,312.0,1.3500004e+09,1.3534346e+09,3.43424e+06
0.27000028,0.9900285,25.0,53.0,2.4999995e+08,2.3134538e+08,1.8654576e+07
0.083000086,0.994302,23.0,290.0,9.400004e+09,7.08619e+09,2.3138135e+09
0.11000011,0.991453,16.0,98.0,2.2999995e+08,1.7004024e+08,5.995971e+07
0.01000001,0.9843305,10.0,56.0,1.3499997e+08,1.1824172e+08,1.6758248e+07
0.035000034,0.9900285,25.0,376.0,2.3799989e+08,2.720409e+08,3.404101e+07
0.5000005,0.98789173,25.0,82.0,1.00000024e+08,1.3999006e+08,3.999004e+07
0.04800005,0.99786323,16.0,60.0,6.799995e+08,6.919065e+08,1.1907008e+07
0.18000019,0.98717946,26.0,1.0,2.949998e+08,2.6273834e+08,3.2261472e+07
0.08000008,0.99572647,16.0,35.0,2.850002e+08,2.5325776e+08,3.1742432e+07
0.25000024,0.99216527,16.0,64.0,3.8000006e+08,3.312056e+08,4.8794464e+07
7.000007e-05,0.9985755,23.0,151.0,1.3299987e+09,8.381304e+08,4.918683e+08
0.0,0.9992877,25.0,106.0,2.0000014e+08,4.025722e+08,2.0257205e+08
0.15000015,0.99572647,9.0,34.0,3.9000035e+08,3.4319866e+08,4.6801696e+07
0.3000003,0.9893162,16.0,82.0,1.6799992e+08,1.5019886e+08,1.7801056e+07
0.25119424,0.988604,23.0,66.0,1.7999987e+08,1.5498827e+08,2.50116e+07
0.0,0.9992877,23.0,85.0,9.850006e+08,8.553346e+08,1.2966598e+08
0.43000042,0.98717946,16.0,7.0,1.7000003e+08,1.2796127e+08,4.203876e+07
0.3000003,0.988604,16.0,1.0,2.949998e+08,2.7541885e+08,1.958096e+07
0.0,0.9992877,23.0,175.0,1.9769016e+09,2.1950275e+09,2.1812582e+08
0.098000094,0.99501425,26.0,291.0,4.3699965e+08,5.834533e+08,1.4645366e+08
0.056000058,0.997151,16.0,51.0,6.1000006e+08,6.620301e+08,5.2030016e+07
0.14900015,0.9893162,16.0,333.0,3.2999994e+08,4.3473258e+08,1.0473264e+08
0.26000026,0.98789173,3.0,91.0,1.2799991e+09,1.2083866e+09,7.161254e+07
0.47700047,0.98504275,16.0,15.0,1.550001e+08,1.16900056e+08,3.810004e+07
0.32000032,0.988604,16.0,314.0,9.899999e+09,7.977025e+09,1.9229742e+09
0.17400017,0.9928775,16.0,45.0,2.5200014e+08,2.1806797e+08,3.3932176e+07
0.5000005,0.98361826,30.0,82.0,1.1499992e+08,8.613227e+07,2.8867648e+07
0.036000036,0.99786323,23.0,118.0,6.199998e+08,5.9912416e+08,2.0875648e+07
0.0,0.9992877,23.0,48.0,1.7303e+09,1.828799e+09,9.849894e+07
0.02000002,0.9985755,16.0,21.0,6.499996e+08,6.752317e+08,2.5232064e+07
0.07000007,0.99786323,16.0,393.0,3.4999968e+08,3.2649267e+08,2.3507008e+07
0.16000016,0.9907407,23.0,76.0,4.650003e+09,5.040633e+09,3.906299e+08
0.3900004,0.98789173,16.0,342.0,2.7000006e+08,2.8733574e+08,1.733568e+07
0.26500025,0.98789173,25.0,15.0,1.4800005e+08,1.4564856e+08,2.351488e+06
0.043000042,0.99572647,16.0,1.0,4.650001e+08,4.588443e+08,6.155808e+06
0.09000009,0.9900285,8.0,273.0,3.2000006e+08,3.7160045e+08,5.1600384e+07
0.12000012,0.98789173,25.0,114.0,1.1499992e+08,1.4549114e+08,3.0491216e+07
0.23000023,0.99216527,16.0,64.0,3.6700016e+08,3.3720058e+08,2.9799584e+07
0.36589438,0.98575497,16.0,114.0,1.0500001e+08,1.086476e+08,3.647592e+06
0.0,0.9992877,16.0,157.0,5.0999987e+08,4.7386128e+08,3.613859e+07
0.0,0.9992877,16.0,128.0,6.1000006e+08,5.980236e+08,1.1976448e+07
0.35000035,0.98646724,8.0,33.0,1.2999993e+08,1.22723736e+08,7.276192e+06
0.045000046,0.99786323,16.0,433.0,2.850002e+08,3.0774694e+08,2.2746752e+07
0.22000022,0.9928775,16.0,5.0,4.399997e+08,3.766569e+08,6.3342816e+07
0.18300018,0.98789173,25.0,127.0,2.2999995e+08,2.1364957e+08,1.6350384e+07
0.32000032,0.98504275,25.0,89.0,1.7000003e+08,1.7377773e+08,3.777696e+06
0.01000001,0.9985755,16.0,22.0,5.6999955e+08,5.130527e+08,5.694685e+07
0.0,0.9992877,16.0,73.0,1.8800006e+09,1.7436049e+09,1.3639578e+08
0.3000003,0.98504275,6.0,56.0,1.5999997e+08,1.639349e+08,3.934928e+06
0.08000008,0.9729345,20.0,106.0,2.2999995e+08,1.2153573e+08,1.0846422e+08
0.5000005,0.9900285,25.0,35.0,1.6699995e+08,1.6392958e+08,3.070368e+06
0.3000003,0.988604,16.0,38.0,1.2399996e+08,1.5325683e+08,2.9256872e+07
0.15000015,0.99216527,16.0,64.0,3.8000006e+08,3.5759443e+08,2.2405632e+07
0.16000016,0.994302,16.0,372.0,3.9499965e+08,4.068649e+08,1.1865248e+07
0.1000001,0.99501425,16.0,307.0,6.249996e+08,6.1010477e+08,1.4894848e+07
0.3100003,0.98646724,26.0,122.0,2.4999995e+08,3.1363837e+08,6.3638416e+07
0.17000017,0.98575497,16.0,186.0,3.300001e+09,3.4426158e+09,1.4261478e+08
0.4000004,0.9893162,25.0,53.0,2.4000018e+08,1.9492608e+08,4.5074096e+07
0.21800022,0.9928775,16.0,1.0,3.9499965e+08,3.6507046e+08,2.9929184e+07
0.24300024,0.9907407,8.0,53.0,2.5799976e+08,2.6776507e+08,9.765312e+06
0.22000022,0.988604,26.0,208.0,3.2000006e+08,3.256077e+08,5.607648e+06
0.0,0.9992877,21.0,24.0,1.474999e+09,1.481128e+09,6.128896e+06
0.3000003,0.9907407,19.0,244.0,3.2999994e+08,3.180905e+08,1.190944e+07
0.0,0.9992877,16.0,437.0,9.599998e+08,8.8962266e+08,7.037715e+07
0.4000004,0.982906,16.0,347.0,1.1000003e+08,1.2921948e+08,1.9219448e+07
0.2000002,0.9893162,16.0,1.0,3.250003e+08,3.0774634e+08,1.7253952e+07
0.095000096,0.997151,16.0,28.0,6.799995e+08,6.220573e+08,5.794221e+07
0.2050002,0.9907407,16.0,112.0,1.9399992e+08,1.6636126e+08,2.7638656e+07
0.062000062,0.99358976,16.0,18.0,6.3000006e+08,6.1155174e+08,1.844832e+07
0.112000115,0.99216527,15.0,354.0,1.750001e+08,1.8531067e+08,1.0310576e+07
0.025000025,0.9985755,16.0,106.0,6.1000006e+08,4.114262e+08,1.9857386e+08
0.0038000038,0.9992877,16.0,9.0,3.4999968e+08,3.2611427e+08,2.3885408e+07
0.035500035,0.9985755,16.0,0.0,3.8499968e+08,3.7722486e+08,7.774816e+06
0.16000016,0.99358976,16.0,138.0,2.3799989e+08,2.3041269e+08,7.5872e+06
0.1000001,0.98575497,1.0,67.0,8.4999976e+07,8.596044e+07,960464.0
0.00022000022,0.9985755,16.0,0.0,4.080003e+08,3.929962e+08,1.5004096e+07
0.2000002,0.9893162,8.0,35.0,1.7999987e+08,1.6105536e+08,1.8944512e+07
0.2030002,0.99572647,16.0,223.0,2.350002e+08,2.4417797e+08,9.177776e+06
0.07500008,0.99643874,16.0,5.0,5.0999987e+08,5.1430093e+08,4.301056e+06
0.18000019,0.9928775,16.0,46.0,1.119999e+09,1.2043667e+09,8.436774e+07
0.11000011,0.99501425,8.0,34.0,3.4999968e+08,3.4362966e+08,6.370016e+06
0.2120002,0.99216527,8.0,11.0,2.7499997e+08,2.970318e+08,2.203184e+07
0.06450006,0.997151,23.0,192.0,6.600002e+08,6.8286803e+08,2.286784e+07
0.2740003,0.9893162,16.0,63.0,2.9999994e+08,3.1595965e+08,1.5959712e+07
0.14000013,0.99358976,16.0,5.0,4.180001e+08,4.308257e+08,1.28256e+07
0.005000005,0.9985755,23.0,182.0,1.4599992e+09,1.366693e+09,9.330624e+07
0.38500038,0.9907407,16.0,74.0,2.0000014e+08,1.9012827e+08,9.871872e+06
0.0,0.9992877,16.0,484.0,2.4999995e+08,2.3142482e+08,1.8575136e+07
0.18700019,0.99358976,16.0,273.0,4.399997e+08,4.1806707e+08,2.193264e+07
0.0,0.9992877,23.0,14.0,1.9660006e+09,1.9248883e+09,4.111232e+07
0.12000012,0.99643874,16.0,16.0,2.9600022e+08,3.2316502e+08,2.71648e+07
0.35800037,0.96581197,13.0,106.0,3.6500016e+08,9.7638264e+07,2.6736189e+08
0.26000026,0.9893162,16.0,460.0,1.2950008e+09,1.2823132e+09,1.2687616e+07
0.2000002,0.99572647,16.0,10.0,3.2000006e+08,2.8676854e+08,3.323152e+07
0.0,0.9992877,16.0,86.0,7.750005e+08,7.4371315e+08,3.128736e+07
0.15900016,0.98789173,16.0,374.0,1.9599988e+09,1.6341769e+09,3.2582195e+08
0.12000012,0.99358976,23.0,115.0,2.8499978e+09,2.7294643e+09,1.205335e+08
0.01000001,0.9985755,16.0,105.0,4.149996e+08,4.112034e+08,3.796224e+06
0.15800016,0.9928775,16.0,106.0,5.500002e+08,3.253718e+08,2.2462838e+08
0.0,0.9992877,16.0,320.0,4.249999e+08,3.8839542e+08,3.660448e+07
0.0,0.9992877,23.0,559.0,3.899998e+09,2.934494e+09,9.65504e+08
0.0,0.9992877,23.0,121.0,9.399999e+08,9.198077e+08,2.0192192e+07
0.5000005,0.98789173,10.0,34.0,1.6499989e+08,1.5409102e+08,1.0908864e+07
0.0,0.9992877,23.0,92.0,3.9739994e+09,3.7265324e+09,2.47467e+08
0.07000007,0.99572647,16.0,1.0,4.0499974e+08,4.5051306e+08,4.551331e+07
0.35000035,0.98575497,25.0,1.0,2.4999995e+08,2.2586432e+08,2.4135632e+07
0.02000002,0.9985755,23.0,40.0,1.5199988e+09,1.5045757e+09,1.5423104e+07
0.01900002,0.99786323,16.0,173.0,6.3000006e+08,6.312606e+08,1.260544e+06
0.3000003,0.98575497,25.0,342.0,2.4000018e+08,2.3568474e+08,4.31544e+06
0.12200012,0.994302,16.0,43.0,5.609999e+08,5.988717e+08,3.787181e+07
0.007743008,0.99216527,16.0,74.0,1.1111109e+08,2.2516106e+08,1.1404997e+08
0.25000024,0.9900285,16.0,99.0,2.979999e+08,3.2531782e+08,2.731792e+07
0.115000114,0.99501425,23.0,84.0,3.8800023e+09,3.3871427e+09,4.9285965e+08
0.15600015,0.994302,16.0,32.0,3.999997e+08,3.8131347e+08,1.868624e+07
0.15000015,0.99501425,16.0,1.0,4.550001e+08,4.1742963e+08,3.7570464e+07
0.009250009,0.99786323,16.0,11.0,1.1111109e+08,1.8383035e+08,7.271926e+07
0.44800046,0.98646724,8.0,1.0,2.4499997e+08,2.2321504e+08,2.1784928e+07
0.4000004,0.9893162,25.0,53.0,2.4000018e+08,1.9492608e+08,4.5074096e+07
0.4090004,0.98504275,25.0,42.0,1.8999994e+08,1.7756483e+08,1.2435104e+07
0.16000016,0.994302,0.0,1.0,4.699997e+08,3.8685686e+08,8.314285e+07
0.055000056,0.997151,25.0,1.0,4.4500035e+08,4.849857e+08,3.9985344e+07
0.0,0.9992877,16.0,128.0,6.1100026e+08,5.980236e+08,1.297664e+07
0.36000037,0.9907407,16.0,69.0,1.8499989e+08,1.7805387e+08,6.946016e+06
0.0970001,0.99643874,25.0,5.0,5.5555546e+08,5.3283142e+08,2.2724032e+07
0.2000002,0.98504275,25.0,106.0,1.8499989e+08,1.6616877e+08,1.883112e+07
0.42000043,0.988604,25.0,66.0,1.7999987e+08,1.5362882e+08,2.6371056e+07
0.25000024,0.9907407,23.0,2.0,1.8999994e+08,1.7178493e+08,1.8215008e+07
0.3000003,0.9893162,16.0,1.0,2.9000003e+08,2.8720755e+08,2.79248e+06
0.011111011,0.9893162,16.0,1.0,2.470002e+08,3.0764365e+08,6.0643456e+07
0.06800007,0.99643874,16.0,3.0,5.600003e+08,5.555152e+08,4.48512e+06
0.4000004,0.98504275,10.0,459.0,1.2999993e+08,1.3699938e+08,6.999448e+06
0.4000004,0.98361826,6.0,59.0,1.2999993e+08,1.4256909e+08,1.256916e+07
0.48000047,0.9900285,16.0,35.0,1.7000003e+08,1.652008e+08,4.799232e+06
0.43000042,0.98646724,16.0,82.0,1.2499992e+08,1.21310616e+08,3.689304e+06
0.09000009,0.9928775,9.0,34.0,3.5999994e+08,3.12119e+08,4.788093e+07
0.078000076,0.997151,16.0,28.0,6.499996e+08,6.3211725e+08,1.7882368e+07
0.0003000003,0.9992877,23.0,437.0,7.849994e+08,8.1647424e+08,3.1474816e+07
0.07100007,0.99643874,16.0,3.0,6.179998e+08,5.5331354e+08,6.468627e+07
0.21500021,0.9893162,25.0,315.0,3.2000006e+08,2.998758e+08,2.0124256e+07
0.1000001,0.99572647,16.0,58.0,2.6500011e+08,2.511695e+08,1.3830608e+07
0.22000022,0.988604,25.0,412.0,2.3799989e+08,2.32308e+08,5.691888e+06
0.19000019,0.99501425,16.0,58.0,2.7099997e+08,2.2567054e+08,4.5329424e+07
0.13000013,0.9843305,26.0,67.0,8.699993e+07,8.634792e+07,652008.0
0.018900018,0.99786323,16.0,16.0,3.7799984e+08,3.6278538e+08,1.5214464e+07
0.3000003,0.98717946,26.0,114.0,1.1000003e+08,1.291005e+08,1.9100464e+07
0.03000003,0.9985755,23.0,505.0,1.4000001e+09,1.323523e+09,7.647718e+07
0.04200004,0.99643874,16.0,42.0,4.9000016e+08,4.7821498e+08,1.1785184e+07
0.45000044,0.9843305,30.0,111.0,1.7999987e+08,1.1358276e+08,6.641711e+07
0.0,0.9992877,16.0,576.0,2.3600018e+09,2.0221889e+09,3.3781286e+08
0.25000024,0.9907407,16.0,38.0,2.0000014e+08,1.7871531e+08,2.1284832e+07
0.11111111,0.98717946,25.0,1.0,2.850002e+08,2.6266418e+08,2.2336016e+07
7.000007e-05,0.9992877,16.0,3.0,7.200002e+08,6.279941e+08,9.200608e+07
0.45000044,0.988604,25.0,34.0,1.499999e+08,1.9130358e+08,4.130368e+07
0.029000029,0.997151,16.0,118.0,6.320003e+08,6.4161504e+08,9.61472e+06
0.1000001,0.99643874,0.0,187.0,5.200002e+08,5.0630906e+08,1.3691136e+07
0.25000024,0.9907407,8.0,171.0,3.0999974e+08,3.0841565e+08,1.584096e+06
0.0,0.9992877,16.0,128.0,5.6999955e+08,5.980236e+08,2.8024064e+07
0.001000001,0.988604,16.0,38.0,1.7999987e+08,1.5975448e+08,2.0245392e+07
0.11111111,0.9928775,16.0,112.0,2.2999995e+08,2.017303e+08,2.8269648e+07
0.16700016,0.99216527,16.0,5.0,3.5999994e+08,3.918555e+08,3.1855552e+07
0.35000035,0.98717946,16.0,122.0,3.4000022e+08,3.4099325e+08,993024.0
0.2990003,0.9893162,16.0,82.0,1.9500008e+08,1.5019171e+08,4.480837e+07
0.18000019,0.99358976,16.0,401.0,3.999997e+08,3.8987984e+08,1.0119872e+07
0.28000027,0.9900285,8.0,53.0,2.7000006e+08,2.4252558e+08,2.747448e+07
0.12000012,0.994302,16.0,1.0,4.249999e+08,4.1187846e+08,1.312144e+07
0.0005000005,0.9992877,23.0,48.0,1.9999987e+09,1.8328951e+09,1.6710362e+08
0.5000005,0.98789173,25.0,66.0,1.12000056e+08,1.5321621e+08,4.121615e+07
0.3100003,0.988604,16.0,256.0,1.1800004e+09,1.0011592e+09,1.7884122e+08
0.34000033,0.9907407,16.0,223.0,1.7999987e+08,1.5319312e+08,2.6806752e+07
0.3000003,0.9843305,0.0,77.0,2.850002e+08,2.8201152e+08,2.988672e+06
0.0,0.9992877,16.0,49.0,6.000002e+08,3.5522602e+08,2.4477418e+08
0.4000004,0.9893162,25.0,53.0,2.4000018e+08,1.9492608e+08,4.5074096e+07
0.12000012,0.994302,16.0,1.0,4.249999e+08,4.1187846e+08,1.312144e+07
0.12000012,0.99572647,16.0,16.0,3.169997e+08,3.1357856e+08,3.421152e+06
0.098000094,0.9900285,25.0,112.0,2.2999995e+08,1.6664741e+08,6.3352544e+07
0.3000003,0.98504275,23.0,34.0,1.7000003e+08,1.6063875e+08,9.36128e+06
0.4000004,0.98575497,25.0,525.0,3.2999994e+08,2.8504858e+08,4.495136e+07
0.22600022,0.98717946,25.0,1.0,2.7000006e+08,2.5372338e+08,1.6276688e+07
0.11110011,0.98504275,16.0,259.0,1.04499974e+09,7.7028614e+08,2.747136e+08
0.21000022,0.98646724,30.0,68.0,8.4999976e+07,9.367813e+07,8.678152e+06
0.01900002,0.9985755,16.0,16.0,3.8499968e+08,3.7462496e+08,1.037472e+07
0.27000028,0.9893162,16.0,57.0,3.2999994e+08,2.6658078e+08,6.341915e+07
0.14000013,0.98717946,6.0,1.0,2.6500011e+08,2.5274866e+08,1.2251456e+07
0.0145000145,0.99786323,16.0,3.0,6.799995e+08,6.306757e+08,4.9323776e+07
0.14500014,0.99358976,16.0,43.0,5.500002e+08,5.697941e+08,1.979392e+07
0.2000002,0.98717946,16.0,74.0,1.5300011e+08,1.601572e+08,7.157088e+06
0.24000023,0.9928775,16.0,1.0,3.8499968e+08,3.575924e+08,2.7407296e+07
0.1000001,0.99501425,16.0,185.0,7.2499974e+08,5.893993e+08,1.3560045e+08
0.3000003,0.98717946,25.0,106.0,1.5799994e+08,1.7702648e+08,1.9026544e+07
0.32000032,0.9814815,23.0,59.0,1.5699989e+08,1.2501923e+08,3.1980656e+07
0.15500015,0.994302,16.0,75.0,7.200002e+08,7.9886234e+08,7.886214e+07
0.2000002,0.9893162,23.0,149.0,2.2000018e+08,1.9616883e+08,2.3831344e+07
0.25355026,0.988604,0.0,239.0,3.9799974e+08,3.9653808e+08,1.461664e+06
0.016493017,0.9893162,16.0,15.0,8.4999976e+07,1.3847582e+08,5.347585e+07
0.0,0.9992877,16.0,317.0,6.6800045e+08,6.163353e+08,5.166515e+07
0.3000003,0.988604,16.0,124.0,2.1000011e+08,1.5774638e+08,5.225373e+07
0.08000008,0.994302,16.0,475.0,5.600003e+08,5.338222e+08,2.6178112e+07
0.4000004,0.9843305,0.0,187.0,2.9999994e+08,2.7630755e+08,2.3692384e+07
0.18000019,0.99572647,0.0,199.0,3.6999997e+08,4.1260106e+08,4.260109e+07
0.08500008,0.99643874,23.0,118.0,6.0900026e+08,5.4037856e+08,6.86217e+07
0.33000034,0.98575497,16.0,74.0,1.2999993e+08,1.4638242e+08,1.6382488e+07
0.07000007,0.99572647,23.0,8.0,1.2999999e+09,9.572078e+08,3.4279206e+08
0.15000015,0.99501425,16.0,63.0,4.8499958e+08,4.5729088e+08,2.7708704e+07
0.077000074,0.994302,16.0,290.0,9.400004e+09,6.9343677e+09,2.4656358e+09
0.14800015,0.99501425,16.0,10.0,2.6500011e+08,2.8139792e+08,1.6397808e+07
0.0,0.9992877,16.0,175.0,1.9760006e+09,2.2386365e+09,2.626359e+08
0.1950002,0.994302,25.0,4.0,3.549998e+08,3.2044045e+08,3.455936e+07
0.11111111,0.9907407,9.0,5.0,3.4000022e+08,3.6829955e+08,2.8299328e+07
0.43800044,0.98504275,26.0,1.0,2.569998e+08,2.0748902e+08,4.9510784e+07
0.065000065,0.997151,16.0,16.0,3.4500026e+08,3.4148723e+08,3.513024e+06
0.16500017,0.99501425,16.0,106.0,3.9000035e+08,3.650078e+08,2.4992544e+07
0.06700007,0.994302,25.0,53.0,3.250003e+08,3.215063e+08,3.493984e+06
0.0065000067,0.9985755,16.0,85.0,8.299996e+08,8.220261e+08,7.973504e+06
0.013400014,0.9985755,16.0,86.0,7.2499974e+08,7.2798726e+08,2.98752e+06
0.16000016,0.99216527,16.0,35.0,1.9199995e+08,1.8845557e+08,3.544384e+06
0.07500008,0.997151,3.0,21.0,5.800004e+08,5.645733e+08,1.5427072e+07
0.0,0.9992877,23.0,83.0,1.2910007e+09,1.2271116e+09,6.388915e+07
0.1000101,0.98504275,23.0,106.0,9.000006e+07,1.5661466e+08,6.661459e+07
0.3000003,0.9900285,16.0,69.0,1.8499989e+08,1.7277005e+08,1.222984e+07
0.24500024,0.9893162,16.0,18.0,3.750003e+08,3.8758064e+08,1.2580352e+07
0.0,0.9992877,16.0,496.0,2.808999e+09,1.8725962e+09,9.364027e+08
0.43800044,0.98504275,26.0,1.0,2.569998e+08,2.0748902e+08,4.9510784e+07
0.17500018,0.9900285,26.0,128.0,3.2000006e+08,3.0099552e+08,1.9004544e+07
0.058000058,0.99643874,16.0,29.0,3.4000022e+08,3.2446205e+08,1.5538176e+07
0.43000042,0.98575497,6.0,7.0,1.4499995e+08,1.2619266e+08,1.8807296e+07
0.32000032,0.98717946,8.0,5.0,2.180002e+08,2.7366253e+08,5.5662336e+07
0.1000001,0.99572647,16.0,58.0,2.2999995e+08,2.511695e+08,2.1169552e+07
0.2000002,0.98646724,0.0,17.0,2.9999994e+08,3.1948778e+08,1.948784e+07
0.039000038,0.9985755,16.0,16.0,3.6999997e+08,3.656426e+08,4.357376e+06
0.19000019,0.994302,16.0,35.0,2.1599986e+08,2.2074205e+08,4.742192e+06
0.0990001,0.99572647,16.0,139.0,1.2749992e+09,1.1700741e+09,1.0492506e+08
0.015000015,0.9985755,8.0,103.0,8.349998e+08,8.230537e+08,1.1946112e+07
0.1000001,0.997151,16.0,5.0,4.950004e+08,5.246567e+08,2.965632e+07
0.4000004,0.9893162,16.0,250.0,1.81e+08,1.5621042e+08,2.4789584e+07
0.15000015,0.99216527,16.0,35.0,2.1699998e+08,1.8946146e+08,2.7538528e+07
0.17500018,0.9928775,16.0,64.0,3.999997e+08,3.609336e+08,3.906611e+07
0.3000003,0.9900285,16.0,69.0,1.8499989e+08,1.7277005e+08,1.222984e+07
0.112000115,0.99572647,16.0,11.0,3.999997e+08,4.0208643e+08,2.08672e+06
0.35000035,0.99216527,16.0,35.0,2.2700018e+08,1.8554693e+08,4.145325e+07
0.0,0.9992877,16.0,16.0,4.199996e+08,3.9852768e+08,2.1471936e+07
0.0,0.9992877,23.0,195.0,2.808999e+09,2.5894597e+09,2.195392e+08
0.24400024,0.98717946,16.0,63.0,2.949998e+08,3.0536893e+08,1.036912e+07
0.18000019,0.98361826,8.0,477.0,1.2000009e+09,1.0976996e+09,1.0230131e+08
0.3000003,0.98504275,0.0,7.0,8.4999976e+07,1.3866162e+08,5.366164e+07
0.19700019,0.9928775,16.0,1.0,3.9000035e+08,3.7062506e+08,1.9375296e+07
8.000008e-05,0.9992877,10.0,3.0,7.499995e+08,6.075848e+08,1.4241472e+08
0.14700015,0.99501425,16.0,251.0,8.999994e+08,7.765882e+08,1.234112e+08
0.20900021,0.9893162,25.0,116.0,1.8600011e+08,1.7874565e+08,7.254464e+06
0.0,0.9992877,16.0,195.0,2.808999e+09,2.596022e+09,2.129769e+08
0.13900013,0.99358976,16.0,36.0,2.4499997e+08,2.550329e+08,1.0032928e+07
0.06700007,0.997151,23.0,117.0,8.6999974e+08,6.5082464e+08,2.191751e+08
0.33000034,0.9900285,16.0,35.0,2.0500013e+08,1.6183258e+08,4.316755e+07
0.0,0.9992877,0.0,199.0,6.499996e+08,5.46198e+08,1.038016e+08
0.28000027,0.9900285,16.0,271.0,2.3899988e+09,2.0694924e+09,3.205065e+08
0.24700025,0.98789173,25.0,389.0,1.0799992e+09,9.3841984e+08,1.415794e+08
0.11000011,0.994302,16.0,176.0,6.150001e+08,4.869526e+08,1.2804752e+08
0.057000056,0.997151,16.0,191.0,8.799998e+08,7.8956883e+08,9.043098e+07
0.01000001,0.99786323,16.0,16.0,3.8000006e+08,3.6695606e+08,1.3044e+07
0.053200055,0.98504275,23.0,226.0,1.2000003e+08,1.2057015e+08,570120.0
0.057000056,0.997151,16.0,5.0,5.400004e+08,5.3471082e+08,5.289568e+06
0.42800042,0.98646724,6.0,15.0,1.4499995e+08,1.2930257e+08,1.5697384e+07
0.05000005,0.99572647,16.0,155.0,3.2999994e+08,3.2281267e+08,7.187264e+06
0.19700019,0.99216527,26.0,223.0,2.2000018e+08,1.8627811e+08,3.3722064e+07
0.18500018,0.991453,16.0,42.0,3.8499968e+08,3.3412368e+08,5.0876e+07
0.08500008,0.99643874,23.0,118.0,6.0900026e+08,5.4037856e+08,6.86217e+07
0.03000003,0.997151,16.0,155.0,3.549998e+08,3.4654547e+08,8.454336e+06
0.0,0.9992877,7.0,108.0,7.899997e+08,7.2754726e+08,6.2452416e+07
0.0,0.9985755,16.0,278.0,7.2699936e+08,6.4470886e+08,8.22905e+07
0.095000096,0.988604,16.0,174.0,2.2550016e+08,2.3233856e+08,6.8384e+06
0.32000032,0.9900285,16.0,5.0,3.2800006e+08,3.1858477e+08,9.415296e+06
0.1910002,0.994302,16.0,1.0,4.489998e+08,3.9534563e+08,5.3654176e+07
0.11114411,0.98575497,16.0,106.0,1.3900003e+08,1.7379861e+08,3.4798576e+07
0.02950003,0.99786323,16.0,16.0,3.520001e+08,3.5897622e+08,6.976128e+06
0.0012000012,0.9992877,16.0,101.0,7.0500026e+08,6.7650534e+08,2.8494912e+07
0.0,0.9992877,16.0,49.0,2.7999986e+07,3.5522602e+08,3.2722602e+08
0.098000094,0.994302,23.0,72.0,3.5499999e+09,3.3053176e+09,2.4468224e+08
0.18000019,0.994302,8.0,64.0,3.750003e+08,3.6517843e+08,9.821856e+06
0.14700015,0.99358976,8.0,106.0,3.3799968e+08,3.387561e+08,756416.0
0.15000015,0.99216527,16.0,38.0,2.2000018e+08,2.1056122e+08,9.43896e+06
0.12000012,0.98504275,16.0,106.0,1.2000003e+08,1.6300606e+08,4.300603e+07
0.05900006,0.997151,16.0,16.0,3.579998e+08,3.4256298e+08,1.5436832e+07
0.45000044,0.98361826,0.0,304.0,2.549998e+08,2.3581648e+08,1.9183328e+07
0.4000004,0.98646724,16.0,101.0,5.500002e+08,3.730406e+08,1.7695958e+08
0.0,0.9992877,16.0,83.0,1.2910007e+09,1.2175715e+09,7.342925e+07
0.15480016,0.9928775,16.0,5.0,4.299998e+08,4.1066493e+08,1.933488e+07
0.2000002,0.98789173,23.0,66.0,1.6699995e+08,1.4965982e+08,1.7340128e+07
0.3000003,0.98361826,23.0,4.0,1.3499997e+08,1.5273856e+08,1.7738592e+07
0.04120004,0.997151,16.0,5.0,5.2300016e+08,5.353966e+08,1.2396448e+07
0.0,0.9992877,16.0,219.0,6.999994e+07,3.1290762e+08,2.4290768e+08
0.0019000019,0.9992877,16.0,21.0,7.149996e+08,6.590027e+08,5.599693e+07
0.027000027,0.9985755,16.0,16.0,3.7799984e+08,3.7044413e+08,7.555712e+06
0.19700019,0.9928775,16.0,1.0,3.9000035e+08,3.7062506e+08,1.9375296e+07
0.0032150033,0.98646724,25.0,82.0,1.2000003e+08,1.23567896e+08,3.567864e+06
0.2000002,0.98717946,25.0,167.0,1.1000009e+09,8.183685e+08,2.816324e+08
0.22222222,0.9900285,16.0,435.0,1.499999e+08,1.4158107e+08,8.418832e+06
0.16000016,0.9928775,9.0,99.0,3.8499968e+08,3.802045e+08,4.795168e+06
0.25363624,0.97649574,16.0,440.0,4.5000035e+08,3.8889206e+08,6.110829e+07
0.3900004,0.988604,0.0,200.0,3.4000022e+08,3.1615376e+08,2.3846464e+07
0.33500034,0.988604,26.0,1.0,2.850002e+08,2.7155568e+08,1.3444512e+07
0.056000058,0.997151,16.0,5.0,5.3000048e+08,5.3479242e+08,4.791936e+06
0.16700016,0.9893162,16.0,74.0,2.1000011e+08,1.8090059e+08,2.909952e+07
0.057500057,0.99786323,16.0,278.0,5.800004e+08,5.809658e+08,965440.0
0.32587934,0.9900285,9.0,53.0,2.5999997e+08,2.2966066e+08,3.0339312e+07
0.15000015,0.991453,0.0,241.0,3.999997e+08,3.741037e+08,2.5896e+07
0.023000022,0.99786323,16.0,37.0,5.780004e+08,5.939076e+08,1.59072e+07
0.043000042,0.99501425,16.0,106.0,7.600005e+08,3.6993786e+08,3.9006266e+08
0.13000013,0.991453,16.0,93.0,3.4500026e+08,3.712611e+08,2.6260832e+07
0.15000015,0.9907407,16.0,357.0,3.2999994e+08,3.2531472e+08,4.685216e+06
0.32000032,0.98717946,25.0,532.0,1.2800009e+08,1.2968268e+08,1.682592e+06
0.0011110011,0.98717946,0.0,77.0,3.2000006e+08,3.3691965e+08,1.6919584e+07
0.0,0.9992877,23.0,88.0,1.4369994e+09,1.3608612e+09,7.613824e+07
0.4000004,0.98504275,30.0,68.0,1.0500001e+08,7.963502e+07,2.5364984e+07
0.029000029,0.9985755,16.0,48.0,2.1749983e+09,1.8229587e+09,3.5203955e+08
0.3000003,0.98717946,26.0,194.0,1.499999e+08,1.6242725e+08,1.2427344e+07
0.082000084,0.994302,16.0,217.0,1.7000013e+09,1.5516524e+09,1.4834893e+08
0.04000004,0.99786323,16.0,184.0,3.0499987e+08,3.025484e+08,2.451456e+06
0.07000007,0.997151,23.0,119.0,6.199998e+08,5.265655e+08,9.34343e+07
0.32000032,0.98717946,26.0,33.0,1.00000024e+08,1.2363509e+08,2.3635064e+07
0.14000013,0.99501425,23.0,10.0,3.0499987e+08,2.89843e+08,1.5156864e+07
0.23000023,0.98789173,26.0,33.0,9.000006e+07,1.3001034e+08,4.001027e+07
0.023000022,0.99643874,16.0,177.0,6.7e+08,5.660462e+08,1.0395379e+08
0.25000024,0.988604,16.0,5.0,2.850002e+08,3.089408e+08,2.3940608e+07
0.28000027,0.98717946,16.0,209.0,2.5999997e+08,2.8066464e+08,2.0664672e+07
0.36000037,0.98789173,26.0,15.0,1.1111109e+08,1.4725078e+08,3.6139696e+07
0.098000094,0.9928775,23.0,126.0,7.290006e+09,6.512546e+09,7.774602e+08
0.006000006,0.9992877,16.0,5.0,6.3000006e+08,5.826315e+08,4.7368576e+07
0.0,0.9992877,23.0,190.0,3.0999974e+08,2.8553123e+08,2.4468512e+07
0.4000004,0.98789173,26.0,82.0,1.6699995e+08,1.32281816e+08,3.4718136e+07
0.24000023,0.991453,23.0,44.0,2.0999982e+09,1.7912252e+09,3.08773e+08
0.3930004,0.98646724,25.0,56.0,1.9500008e+08,1.5730352e+08,3.769656e+07
0.2000002,0.98575497,25.0,122.0,4.7999965e+08,3.1407418e+08,1.6592547e+08
0.35000035,0.98717946,6.0,15.0,1.2999993e+08,1.4181728e+08,1.1817352e+07
0.18700019,0.99358976,16.0,255.0,2.850002e+08,2.5151994e+08,3.3480256e+07
0.0,0.9992877,23.0,576.0,2.3999985e+09,2.085461e+09,3.1453747e+08
0.28000027,0.9900285,25.0,53.0,2.9999994e+08,2.2976405e+08,7.023589e+07
0.3000003,0.988604,26.0,109.0,2.9999994e+08,2.958896e+08,4.110336e+06
0.3000003,0.988604,25.0,15.0,1.550001e+08,1.5097869e+08,4.021408e+06
0.3000003,0.98575497,23.0,15.0,1.2999993e+08,1.1906732e+08,1.0932608e+07
0.36000037,0.98717946,25.0,15.0,1.2999993e+08,1.4179808e+08,1.1798152e+07
0.0,0.9992877,7.0,85.0,1.0000008e+09,8.1569754e+08,1.8430323e+08
0.0,0.9992877,16.0,205.0,4.3499965e+08,4.32738e+08,2.261664e+06
0.42800042,0.98646724,6.0,15.0,1.4499995e+08,1.2930257e+08,1.5697384e+07
0.26500025,0.99501425,8.0,89.0,3.999997e+08,3.2186707e+08,7.813264e+07
0.08500008,0.99501425,16.0,333.0,6.8499955e+08,6.1901434e+08,6.5985216e+07
0.28000027,0.988604,16.0,1.0,3.1900006e+08,2.7810787e+08,4.089219e+07
0.058000058,0.99643874,16.0,29.0,3.4000022e+08,3.2446205e+08,1.5538176e+07
0.0,0.9992877,16.0,105.0,4.180001e+08,4.1087254e+08,7.127552e+06
0.14000013,0.9928775,16.0,63.0,4.3499965e+08,4.2354973e+08,1.144992e+07
0.3100003,0.988604,16.0,424.0,3.5999994e+08,3.5106006e+08,8.939872e+06
0.03200003,0.9985755,16.0,16.0,3.9199974e+08,3.6824195e+08,2.3757792e+07
0.17500018,0.99358976,16.0,477.0,4.650003e+09,3.5866775e+09,1.06332544e+09
0.02010602,0.99216527,16.0,38.0,2.8e+08,2.2235669e+08,5.764331e+07
0.45000044,0.9814815,30.0,82.0,7.5000056e+07,7.450303e+07,497024.0
0.25400025,0.9907407,16.0,20.0,1.8999994e+08,1.7148376e+08,1.8516176e+07
0.023000022,0.99786323,16.0,234.0,5.780004e+08,5.668327e+08,1.116768e+07
0.0,0.9992877,16.0,432.0,3.2999994e+08,3.3785853e+08,7.858592e+06
0.056000058,0.99501425,16.0,85.0,6.950002e+08,6.762705e+08,1.8729664e+07
0.0,0.9992877,16.0,302.0,8.052999e+08,1.0003327e+09,1.9503277e+08
0.15000015,0.99501425,9.0,235.0,3.4999968e+08,3.23474e+08,2.6525696e+07
0.08500008,0.99501425,16.0,280.0,8.6999974e+08,8.335613e+08,3.6438464e+07
0.0990001,0.99572647,16.0,139.0,1.2749992e+09,1.1700741e+09,1.0492506e+08
9.90001e-05,0.9985755,0.0,39.0,6.350006e+08,5.3042826e+08,1.0457232e+08
0.15800016,0.99216527,16.0,63.0,3.4500026e+08,4.0432208e+08,5.9321824e+07
0.0,0.9992877,23.0,190.0,3.0999974e+08,2.8553123e+08,2.4468512e+07
0.17000017,0.99358976,23.0,115.0,2.5499994e+09,2.5814953e+09,3.1495936e+07
0.35000035,0.98575497,30.0,78.0,1.0800008e+08,8.431904e+07,2.368104e+07
0.32000032,0.98504275,25.0,42.0,2.350002e+08,1.9054578e+08,4.4454416e+07
0.08700009,0.99501425,16.0,224.0,9.8000083e+08,7.6358944e+08,2.164114e+08
0.23000023,0.98789173,15.0,481.0,8.899995e+08,1.1326912e+09,2.4269171e+08
0.06600007,0.994302,16.0,8.0,1.2000009e+09,9.797653e+08,2.2023558e+08
0.13000013,0.9928775,23.0,290.0,6.6000056e+09,5.9736044e+09,6.264013e+08
0.2000002,0.994302,16.0,129.0,5.200002e+08,4.9080646e+08,2.9193728e+07
0.0,0.9992877,26.0,14.0,1.9660006e+09,1.9534004e+09,1.2600192e+07
0.4900005,0.988604,25.0,53.0,1.7000003e+08,2.0540131e+08,3.540128e+07
0.26000026,0.9928775,16.0,63.0,4.600001e+08,3.9070467e+08,6.929542e+07
0.3000003,0.9900285,16.0,69.0,1.8499989e+08,1.7277005e+08,1.222984e+07
0.47000048,0.98575497,25.0,336.0,2.549998e+08,2.740015e+08,1.9001696e+07
0.046000045,0.99786323,16.0,1.0,5.0000013e+08,5.0195997e+08,1.95984e+06
0.10500011,0.99358976,16.0,290.0,6.200001e+09,6.101679e+09,9.832192e+07
0.03910004,0.99358976,16.0,18.0,6.499996e+08,6.292183e+08,2.0781312e+07
0.3000003,0.9893162,16.0,1.0,2.949998e+08,2.8720755e+08,7.792256e+06
0.3000003,0.99786323,0.0,310.0,3.999997e+08,3.6215418e+08,3.7845536e+07
0.08000008,0.99643874,16.0,1.0,4.7799974e+08,4.61686e+08,1.6313728e+07
0.2900003,0.9900285,25.0,34.0,2.2000018e+08,2.1966934e+08,330832.0
0.29300028,0.9893162,16.0,7.0,1.9399992e+08,1.4909968e+08,4.490024e+07
0.2000002,0.98717946,25.0,167.0,1.1000009e+09,8.183685e+08,2.816324e+08
0.0,0.9992877,16.0,51.0,6.950002e+08,7.002548e+08,5.254592e+06
0.05300005,0.99643874,16.0,9.0,2.8299974e+08,2.8317955e+08,179808.0
0.15000015,0.994302,16.0,45.0,2.7000006e+08,2.3830059e+08,3.1699472e+07
0.26000026,0.991453,16.0,185.0,3.8499968e+08,3.9815312e+08,1.315344e+07
0.20900021,0.98575497,25.0,1.0,2.8e+08,2.334108e+08,4.65892e+07
0.3100003,0.98717946,25.0,15.0,1.499999e+08,1.3863808e+08,1.1361824e+07
0.36000037,0.991453,8.0,58.0,1.8499989e+08,1.8747502e+08,2.475136e+06
0.32000032,0.988604,23.0,106.0,8.500002e+08,1.9342022e+08,6.5658e+08
0.1000001,0.9928775,1.0,169.0,3.689999e+08,3.8837098e+08,1.9371072e+07
0.08800009,0.99572647,26.0,10.0,2.350002e+08,2.9877507e+08,6.377488e+07
0.24300024,0.988604,16.0,534.0,1.5599999e+09,1.429002e+09,1.3099789e+08
0.0,0.9992877,16.0,49.0,2.7999986e+07,3.5522602e+08,3.2722602e+08
0.11111111,0.98504275,15.0,212.0,1.7999987e+08,1.4958904e+08,3.0410832e+07
0.5000005,0.9843305,13.0,7.0,1.00000024e+08,1.0229455e+08,2.294528e+06
0.03800004,0.9893162,16.0,74.0,1.499999e+08,1.7557347e+08,2.5573568e+07
0.025000025,0.9900285,16.0,480.0,1.6499989e+08,1.769971e+08,1.1997216e+07
0.0,0.9992877,2.0,106.0,7.9999944e+07,6.839274e+07,1.1607208e+07
0.27000028,0.97720796,8.0,367.0,1.5999997e+08,1.5073584e+08,9.264128e+06
0.2000002,0.97792023,15.0,34.0,5.9999988e+07,6.001967e+07,19684.0
0.04000004,0.988604,8.0,5.0,2.1000011e+08,3.138179e+08,1.0381778e+08
0.28000027,0.988604,16.0,7.0,2.0000014e+08,1.418327e+08,5.816744e+07
0.18000019,0.994302,8.0,5.0,4.76e+08,4.292934e+08,4.670659e+07
0.11400011,0.99572647,16.0,118.0,5.3000048e+08,5.4745274e+08,1.7452256e+07
0.014000014,0.991453,16.0,5.0,4.650001e+08,3.8832355e+08,7.667654e+07
0.0,0.9992877,16.0,312.0,1.4899996e+09,1.4310013e+09,5.899827e+07
0.25000024,0.9843305,23.0,122.0,2.3700013e+08,2.7766477e+08,4.066464e+07
0.065000065,0.99643874,16.0,42.0,5.0000013e+08,4.7110544e+08,2.8894688e+07
0.18000019,0.99572647,0.0,199.0,3.6999997e+08,4.1260106e+08,4.260109e+07
0.1020001,0.994302,16.0,42.0,3.3499984e+08,4.2193712e+08,8.693728e+07
0.08000008,0.99786323,16.0,5.0,5.3499952e+08,5.4798445e+08,1.2984928e+07
0.32000032,0.988604,25.0,15.0,1.2999993e+08,1.4960218e+08,1.9602248e+07
0.1000001,0.98646724,30.0,82.0,1.2000003e+08,1.0484831e+08,1.515172e+07
0.21300021,0.99358976,0.0,206.0,5.6999955e+08,5.4790086e+08,2.2098688e+07
0.06600007,0.9928775,16.0,44.0,2.7900006e+09,2.5812787e+09,2.0872192e+08
0.07000007,0.99572647,16.0,80.0,1.9999987e+09,1.5783886e+09,4.216101e+08
0.06000006,0.99643874,23.0,16.0,3.1499987e+08,3.368528e+08,2.1852928e+07
0.045000046,0.997151,16.0,5.0,5.0000013e+08,5.3532106e+08,3.532093e+07
0.0,0.9992877,16.0,0.0,4.169999e+08,3.9780394e+08,1.9195968e+07
0.001000001,0.99572647,26.0,62.0,3.8000006e+08,3.1882912e+08,6.1170944e+07
0.09000009,0.99643874,16.0,1.0,4.5000035e+08,4.5887142e+08,8.871072e+06
0.0,0.9992877,23.0,92.0,3.9739994e+09,3.7265324e+09,2.47467e+08
0.01000001,0.9985755,23.0,512.0,2.250002e+09,2.5072878e+09,2.5728589e+08
0.4000004,0.9900285,16.0,106.0,1.4800005e+08,2.0870038e+08,6.0700336e+07
0.14000013,0.988604,16.0,98.0,9.000006e+07,1.3068634e+08,4.068627e+07
0.074000075,0.99643874,16.0,63.0,5.6999955e+08,5.2565734e+08,4.434221e+07
0.4000004,0.988604,16.0,66.0,1.520001e+08,1.5345515e+08,1.455056e+06
0.006000006,0.9985755,16.0,16.0,3.8499968e+08,3.8265334e+08,2.346336e+06
0.15000015,0.994302,26.0,45.0,2.6500011e+08,2.3632034e+08,2.8679776e+07
0.13300014,0.98646724,15.0,232.0,1.4499995e+08,1.5279976e+08,7.799808e+06
0.0,0.9992877,23.0,23.0,1.8800006e+09,1.7243072e+09,1.5569344e+08
0.0,0.9992877,23.0,509.0,1.7600005e+09,1.4025633e+09,3.574372e+08
0.11111111,0.98575497,30.0,15.0,1.2499992e+08,9.819725e+07,2.6802672e+07
0.28000027,0.99216527,16.0,183.0,4.0999968e+08,3.7509686e+08,3.4902816e+07
0.24000023,0.9843305,23.0,56.0,1.3300006e+08,1.4805115e+08,1.5051088e+07
0.27800027,0.9900285,16.0,18.0,4.5000035e+08,3.8249354e+08,6.750682e+07
0.0,0.9985755,16.0,157.0,5.3000048e+08,4.796519e+08,5.0348576e+07
0.012000012,0.9985755,26.0,14.0,1.9400001e+09,1.8893541e+09,5.0646016e+07
0.0,0.9992877,23.0,554.0,1.3979988e+09,1.4212334e+09,2.323456e+07
0.0055000056,0.9985755,23.0,394.0,2.3999985e+09,2.1894287e+09,2.1056973e+08
0.11800012,0.99358976,16.0,35.0,2.2999995e+08,2.1134422e+08,1.8655728e+07
0.0,0.9992877,16.0,141.0,9.1000064e+08,7.835126e+08,1.2648806e+08
0.25000024,0.988604,8.0,1.0,2.5399986e+08,2.6947325e+08,1.5473392e+07
0.16100016,0.994302,16.0,57.0,4.0999968e+08,3.5724608e+08,5.27536e+07
0.45000044,0.98575497,13.0,106.0,6.6999964e+07,1.4421883e+08,7.721886e+07
0.25000024,0.988604,26.0,122.0,4.0999968e+08,3.6817594e+08,4.1823744e+07
0.13000013,0.994302,26.0,152.0,2.970001e+08,2.6318923e+08,3.3810864e+07
0.10800011,0.991453,16.0,288.0,9.2000064e+08,8.493147e+08,7.068595e+07
0.045000046,0.99501425,16.0,217.0,1.9000004e+09,1.750763e+09,1.4923738e+08
0.13000013,0.99643874,16.0,106.0,2.6500011e+08,3.91067e+08,1.260669e+08
0.4000004,0.98575497,6.0,1.0,2.1699998e+08,2.2000227e+08,3.002288e+06
0.08700009,0.994302,16.0,530.0,3.7800005e+09,3.8427505e+09,6.274995e+07
0.1950002,0.994302,26.0,299.0,3.4999968e+08,2.8356006e+08,6.6439616e+07
0.0,0.99358976,16.0,193.0,2.4999995e+08,2.4537502e+08,4.624928e+06
0.027000027,0.9985755,23.0,350.0,8.1999974e+08,8.367376e+08,1.6737856e+07
0.15000015,0.99501425,16.0,58.0,2.350002e+08,2.3334715e+08,1.65304e+06
0.12700012,0.99358976,16.0,58.0,2.3700013e+08,2.2242624e+08,1.4573888e+07
0.18000019,0.994302,16.0,210.0,6.7e+08,6.8947066e+08,1.9470656e+07
0.035000034,0.99572647,16.0,118.0,5.6999955e+08,6.1763565e+08,4.7636096e+07
0.2000002,0.98717946,25.0,167.0,1.1000009e+09,8.183685e+08,2.816324e+08
0.0,0.9992877,16.0,51.0,7.57e+08,7.002548e+08,5.6745216e+07
0.0072000073,0.9985755,7.0,292.0,1.9299983e+09,1.8175738e+09,1.1242458e+08
0.2000002,0.9907407,16.0,115.0,2.250002e+09,1.9180166e+09,3.3198528e+08
0.0,0.9985755,23.0,71.0,9.399999e+08,8.834474e+08,5.655245e+07
0.17500018,0.98789173,23.0,217.0,8.500002e+08,8.6257594e+08,1.2575744e+07
0.0990001,0.99572647,16.0,58.0,2.5999997e+08,2.5133771e+08,8.662256e+06
0.0,0.98361826,25.0,97.0,1.499999e+08,1.1385519e+08,3.614471e+07
0.0,0.9992877,26.0,175.0,2.7979996e+09,2.1750897e+09,6.2290995e+08
0.15000015,0.99572647,16.0,36.0,3.0999974e+08,2.8839875e+08,2.1600992e+07
0.11300011,0.99358976,23.0,8.0,1.06500096e+09,8.921988e+08,1.7280218e+08
0.027000027,0.99786323,8.0,16.0,3.6999997e+08,3.730527e+08,3.052736e+06
0.15000015,0.9985755,16.0,106.0,1.1499997e+09,4.1519677e+08,7.3480294e+08
0.15000015,0.99643874,16.0,99.0,5.050003e+08,4.7228314e+08,3.2717152e+07
0.017500017,0.99501425,16.0,265.0,7.750005e+08,6.203062e+08,1.5469434e+08
0.14500014,0.99501425,16.0,106.0,4.8499958e+08,3.6877898e+08,1.1622061e+08
0.0,0.9985755,23.0,156.0,2.5000008e+09,2.3507295e+09,1.492713e+08
7.900008e-05,0.99786323,16.0,5.0,6.2699955e+08,5.6178797e+08,6.5211584e+07
0.08000008,0.99643874,16.0,509.0,1.1599991e+09,1.0837921e+09,7.620698e+07
0.121212125,0.97863245,0.0,15.0,8.0999944e+07,1.0566823e+08,2.4668288e+07
0.011111011,0.98504275,16.0,82.0,1.3999994e+08,1.1022307e+08,2.9776864e+07
0.07100007,0.997151,16.0,113.0,1.3050008e+09,1.033101e+09,2.7189984e+08
0.0,0.9992877,16.0,0.0,4.399997e+08,3.9780394e+08,4.2195776e+07
0.0960001,0.99358976,16.0,29.0,3.0999974e+08,2.766139e+08,3.3385856e+07
0.01000001,0.9985755,23.0,103.0,8.299996e+08,8.416579e+08,1.1658304e+07
0.0007000007,0.9985755,16.0,16.0,3.999997e+08,3.8593488e+08,1.4064832e+07
0.18000019,0.994302,16.0,146.0,3.999997e+08,3.631246e+08,3.6875104e+07
0.03000003,0.99786323,16.0,29.0,3.6299994e+08,3.4582707e+08,1.7172864e+07
0.24500024,0.9893162,16.0,18.0,3.750003e+08,3.8758064e+08,1.2580352e+07
0.36000037,0.9893162,16.0,128.0,2.7399994e+08,2.4125726e+08,3.2742672e+07
0.24000023,0.988604,16.0,5.0,3.1499987e+08,3.1060166e+08,4.398208e+06
0.077000074,0.99643874,16.0,10.0,3.2000006e+08,3.1356422e+08,6.43584e+06
0.0,0.9992877,16.0,3.0,6.8999955e+08,6.2770675e+08,6.22928e+07
0.011700012,0.9843305,16.0,15.0,1.1111109e+08,1.0251136e+08,8.599728e+06
0.124000125,0.997151,8.0,5.0,5.0999987e+08,5.2742893e+08,1.7429056e+07
0.0,0.9992877,16.0,153.0,8.099999e+08,7.559871e+08,5.40128e+07
0.0,0.9985755,23.0,103.0,8.899995e+08,8.52873e+08,3.7126464e+07
0.27000028,0.97649574,0.0,370.0,2.9999994e+08,2.3182862e+08,6.817131e+07
0.082000084,0.99572647,26.0,45.0,2.7499997e+08,2.6318371e+08,1.1816256e+07
0.08000008,0.99786323,8.0,16.0,3.549998e+08,3.6209616e+08,7.096352e+06
0.06800007,0.99643874,8.0,99.0,5.050003e+08,4.7704614e+08,2.7954144e+07
0.06400006,0.997151,16.0,517.0,5.780004e+08,5.764293e+08,1.571072e+06
0.13000013,0.99501425,15.0,120.0,4.299998e+08,4.0109757e+08,2.890224e+07
0.34000033,0.98717946,25.0,56.0,2.2000018e+08,1.7864134e+08,4.135883e+07
0.25400025,0.9907407,16.0,20.0,1.8999994e+08,1.7148376e+08,1.8516176e+07
0.047000047,0.997151,16.0,22.0,5.0000013e+08,4.6819683e+08,3.1803296e+07
0.25100026,0.991453,16.0,5.0,3.250003e+08,3.542443e+08,2.9244e+07
0.0044440045,0.98504275,0.0,77.0,3.0999974e+08,3.057693e+08,4.230432e+06
0.04000004,0.99786323,23.0,24.0,1.2600008e+09,1.3498356e+09,8.983488e+07
0.2000002,0.9821937,16.0,15.0,9.699991e+07,1.08652984e+08,1.1653072e+07
0.32000032,0.9893162,16.0,187.0,3.9000035e+08,3.578817e+08,3.2118656e+07
0.2040002,0.9893162,26.0,122.0,5.0999987e+08,4.0388582e+08,1.0611405e+08
0.025000025,0.9985755,16.0,215.0,1.7699988e+09,1.8471932e+09,7.719437e+07
0.17400017,0.9900285,16.0,63.0,3.9499965e+08,3.647204e+08,3.0279264e+07
0.0,0.9992877,23.0,191.0,8.5799955e+08,8.957933e+08,3.779373e+07
4.800005e-05,0.9985755,16.0,178.0,8.899995e+08,8.4365414e+08,4.6345344e+07
0.009000009,0.9985755,16.0,21.0,6.9999974e+08,6.8278336e+08,1.7216384e+07
0.10900011,0.99643874,16.0,5.0,5.0000013e+08,5.04619e+08,4.61888e+06
0.22000022,0.9893162,25.0,4.0,2.2999995e+08,2.411786e+08,1.117864e+07
0.031000031,0.9985755,16.0,178.0,8.299996e+08,8.208385e+08,9.161088e+06
0.32000032,0.9900285,16.0,57.0,2.949998e+08,2.8181203e+08,1.3187776e+07
0.003000003,0.98504275,0.0,77.0,2.850002e+08,3.0578333e+08,2.0783136e+07
0.01900002,0.99786323,16.0,0.0,4.0499974e+08,3.7573056e+08,2.9269184e+07
0.02000002,0.98575497,8.0,212.0,1.7999987e+08,1.8285504e+08,2.855168e+06
0.48000047,0.9843305,25.0,295.0,1.7999987e+08,2.1105378e+08,3.1053904e+07
0.06000006,0.99216527,16.0,5.0,4.180001e+08,4.0216698e+08,1.583312e+07
0.19700019,0.9928775,16.0,1.0,3.9000035e+08,3.7062506e+08,1.9375296e+07
0.04000004,0.99786323,16.0,37.0,5.6999955e+08,5.7968845e+08,9.688896e+06
0.0028000027,0.9992877,16.0,9.0,3.3499984e+08,3.2593146e+08,9.068384e+06
0.3000003,0.9900285,16.0,69.0,1.8499989e+08,1.7277005e+08,1.222984e+07
0.3970004,0.9843305,25.0,1.0,2.1000011e+08,1.9756266e+08,1.2437456e+07
0.15000015,0.98717946,16.0,63.0,3.6500016e+08,3.2272093e+08,4.227923e+07
0.12000012,0.994302,16.0,5.0,4.7499965e+08,4.5291597e+08,2.208368e+07
0.0968991,0.98575497,30.0,368.0,7.9999944e+07,8.264165e+07,2.641704e+06
0.24600025,0.9907407,23.0,5.0,3.9499965e+08,3.4428176e+08,5.071789e+07
0.32000032,0.98575497,15.0,376.0,1.750001e+08,1.27581336e+08,4.741876e+07
0.0001020001,0.99643874,16.0,178.0,6.9999974e+08,8.3044774e+08,1.30448e+08
0.26000026,0.9907407,25.0,34.0,2.549998e+08,2.3445398e+08,2.0545824e+07
0.23200023,0.9928775,23.0,104.0,2.1999987e+09,1.8333777e+09,3.6662106e+08
0.2000002,0.994302,16.0,2.0,2.4000018e+08,2.2006186e+08,1.993832e+07
0.24300024,0.9893162,23.0,144.0,1.4000001e+09,1.5797862e+09,1.7978611e+08
0.33000034,0.988604,8.0,5.0,3.169997e+08,2.972245e+08,1.97752e+07
0.22000022,0.9900285,12.0,541.0,1.2699992e+09,1.1999025e+09,7.009677e+07
0.0,0.988604,3.0,106.0,1.1111109e+08,1.8740853e+08,7.629744e+07
0.005000005,0.9985755,16.0,0.0,4.1200026e+08,3.904298e+08,2.1570464e+07
0.17000017,0.99358976,21.0,13.0,8.999994e+08,8.242791e+08,7.572032e+07
0.15000015,0.994302,16.0,5.0,4.4700032e+08,4.4036493e+08,6.635392e+06
0.05300005,0.997151,16.0,141.0,7.200002e+08,7.700658e+08,5.00656e+07
0.036000036,0.9893162,16.0,66.0,1.9199995e+08,1.5550854e+08,3.649141e+07
0.0,0.99786323,16.0,16.0,3.9000035e+08,3.7265802e+08,1.7342336e+07
0.0008000008,0.9992877,16.0,247.0,4.1300026e+08,3.827599e+08,3.0240352e+07
0.17000017,0.99501425,23.0,192.0,6.4000045e+08,5.806357e+08,5.9364736e+07
0.16000016,0.99358976,16.0,106.0,4.4500035e+08,3.3953104e+08,1.0546931e+08
0.05000005,0.99786323,23.0,85.0,7.7999955e+08,7.703758e+08,9.623744e+06
0.0,0.9992877,16.0,151.0,4.9999988e+07,7.608345e+08,7.108345e+08
0.3000003,0.98646724,23.0,63.0,2.5999997e+08,2.473085e+08,1.2691472e+07
0.16500017,0.98789173,25.0,5.0,2.2700018e+08,3.084945e+08,8.149432e+07
0.0,0.9992877,16.0,509.0,1.6200005e+09,1.5230721e+09,9.692838e+07
0.26200026,0.988604,22.0,87.0,1.3999994e+08,1.4764395e+08,7.644016e+06
0.054000054,0.991453,16.0,354.0,2.2999995e+08,1.8774411e+08,4.225584e+07
0.004050004,0.9807692,16.0,12.0,9.000006e+07,8.577373e+07,4.226336e+06
0.32000032,0.98361826,16.0,472.0,1.3499997e+08,1.3908542e+08,4.085456e+06
0.3900004,0.98789173,25.0,492.0,3.579998e+08,3.2472704e+08,3.3272768e+07
0.27000028,0.99501425,16.0,492.0,4.479998e+08,4.881904e+08,4.019059e+07
0.011111011,0.988604,16.0,1.0,2.979999e+08,2.9008634e+08,7.913568e+06
0.08800009,0.99501425,2.0,43.0,6.1000006e+08,6.7618797e+08,6.6187904e+07
0.28600028,0.99216527,16.0,18.0,4.9000016e+08,4.425584e+08,4.744176e+07
0.18000019,0.99358976,16.0,11.0,2.9000003e+08,3.3822733e+08,4.8227296e+07
0.35900036,0.98789173,11.0,7.0,1.550001e+08,1.30834984e+08,2.4165112e+07
0.45000044,0.9814815,30.0,82.0,7.5000056e+07,7.450303e+07,497024.0
0.21000022,0.994302,16.0,35.0,2.4499997e+08,2.1778283e+08,2.7217136e+07
0.3000003,0.98646724,26.0,15.0,1.3999994e+08,1.340524e+08,5.947536e+06
0.3000003,0.98717946,26.0,194.0,1.499999e+08,1.6242725e+08,1.2427344e+07
0.2000002,0.9893162,16.0,1.0,3.250003e+08,3.0774634e+08,1.7253952e+07
0.11093611,0.99643874,16.0,155.0,3.4699987e+08,3.1967126e+08,2.7328608e+07
0.05000005,0.997151,16.0,155.0,3.6999997e+08,3.4184502e+08,2.8154944e+07
0.13000013,0.994302,8.0,43.0,5.8999994e+08,5.825948e+08,7.40512e+06
0.12000012,0.99643874,16.0,1.0,4.199996e+08,4.514498e+08,3.1450176e+07
0.022000022,0.99786323,16.0,29.0,3.2000006e+08,3.483467e+08,2.8346624e+07
0.043000042,0.994302,16.0,328.0,7.0999994e+08,6.23012e+08,8.698797e+07
0.12500012,0.997151,16.0,9.0,2.9199984e+08,2.8007267e+08,1.1927168e+07
0.046000045,0.99786323,28.0,16.0,3.750003e+08,3.5611606e+08,1.8884224e+07
0.005000005,0.9985755,16.0,0.0,4.1200026e+08,3.904298e+08,2.1570464e+07
0.036000036,0.99786323,16.0,28.0,6.979999e+08,6.7363654e+08,2.4363328e+07
0.3000003,0.988604,16.0,74.0,1.6499989e+08,1.6832613e+08,3.32624e+06
0.11000011,0.99501425,8.0,34.0,3.4999968e+08,3.4362966e+08,6.370016e+06
0.18000019,0.994302,8.0,64.0,3.750003e+08,3.6517843e+08,9.821856e+06
0.04000004,0.99786323,16.0,16.0,3.7300006e+08,3.5603798e+08,1.696208e+07
0.035000034,0.99786323,0.0,187.0,4.7499965e+08,5.6126317e+08,8.626352e+07
0.13800013,0.98361826,16.0,59.0,1.5999997e+08,1.5590323e+08,4.096736e+06
0.36000037,0.98789173,1.0,315.0,2.850002e+08,2.3128096e+08,5.371923e+07
0.22000022,0.98717946,23.0,197.0,1.6499997e+09,1.4398418e+09,2.1015795e+08
0.2000002,0.98646724,13.0,368.0,8.799994e+07,1.0521231e+08,1.7212376e+07
0.0,0.9992877,16.0,353.0,1.7499986e+09,1.9328644e+09,1.828658e+08
0.3000003,0.98789173,25.0,109.0,2.549998e+08,2.833119e+08,2.8312096e+07
0.26000026,0.9928775,16.0,63.0,4.290004e+08,3.9070467e+08,3.829571e+07
0.02000002,0.99786323,16.0,62.0,3.7699974e+08,3.5387286e+08,2.312688e+07
0.12100012,0.994302,0.0,106.0,5.200002e+08,3.5459376e+08,1.6540643e+08
0.0990001,0.99572647,16.0,139.0,1.2749992e+09,1.1700741e+09,1.0492506e+08
0.107000105,0.99358976,25.0,543.0,7.999998e+08,7.342051e+08,6.579469e+07
0.023700023,0.9985755,23.0,233.0,7.999998e+08,7.340203e+08,6.597952e+07
0.23617023,0.99358976,16.0,58.0,2.2500006e+08,2.0765174e+08,1.734832e+07
0.13300014,0.98646724,15.0,232.0,1.4499995e+08,1.5279976e+08,7.799808e+06
0.26500025,0.98789173,25.0,15.0,1.4800005e+08,1.4564856e+08,2.351488e+06
0.05000005,0.99572647,3.0,63.0,5.800004e+08,4.7656778e+08,1.0343261e+08
0.029000029,0.9985755,7.0,544.0,8.999994e+08,7.611712e+08,1.3882822e+08
0.12345612,0.9814815,16.0,87.0,1.379999e+08,1.0236091e+08,3.563899e+07
0.4000004,0.98717946,16.0,5.0,2.430002e+08,2.7099478e+08,2.7994592e+07
0.16500017,0.98646724,6.0,122.0,4.299998e+08,3.4408483e+08,8.591498e+07
0.0047000046,0.9985755,23.0,215.0,1.8299992e+09,1.8544724e+09,2.4473216e+07
0.03800004,0.99572647,23.0,80.0,2.0499985e+09,1.7486272e+09,3.0137126e+08
0.2000002,0.994302,8.0,34.0,3.5999994e+08,3.1005888e+08,4.9941056e+07
0.5000005,0.98575497,25.0,15.0,1.1000003e+08,1.2421963e+08,1.42196e+07
0.26346326,0.98789173,22.0,66.0,1.8999994e+08,1.4465245e+08,4.534749e+07
0.14000013,0.99501425,16.0,230.0,7.7999955e+08,7.8198675e+08,1.9872e+06
0.28000027,0.9893162,25.0,34.0,1.9900016e+08,2.0900632e+08,1.000616e+07
0.01900002,0.99786323,8.0,37.0,5.6499994e+08,5.613874e+08,3.612544e+06
0.21500021,0.9907407,23.0,93.0,2.850002e+08,3.2455427e+08,3.955408e+07
0.15500015,0.99358976,23.0,113.0,1.02000026e+09,9.1493286e+08,1.0506739e+08
0.14000013,0.99501425,16.0,110.0,2.9999994e+08,3.0904573e+08,9.045792e+06
0.3000003,0.98646724,25.0,89.0,1.8499989e+08,1.9111722e+08,6.117328e+06
0.12000012,0.994302,16.0,155.0,3.0499987e+08,2.894458e+08,1.555408e+07
0.26000026,0.9893162,25.0,243.0,2.1799987e+09,1.3230586e+09,8.5694016e+08
0.26700026,0.9900285,16.0,213.0,3.999997e+08,3.2952822e+08,7.047149e+07
0.1000001,0.9900285,23.0,282.0,6.499996e+08,7.346198e+08,8.462016e+07
0.2000002,0.98575497,23.0,114.0,1.1000003e+08,1.1027586e+08,275824.0
0.02010602,0.99216527,16.0,38.0,2.8e+08,2.2235669e+08,5.764331e+07
0.0,0.9992877,16.0,0.0,4.2599978e+08,3.9780394e+08,2.819584e+07
0.03000003,0.997151,16.0,28.0,6.920002e+08,6.630992e+08,2.8900992e+07
0.17000017,0.99358976,16.0,217.0,1.3489992e+09,1.2418038e+09,1.0719539e+08
0.13100013,0.99501425,16.0,57.0,4.3499965e+08,3.723397e+08,6.2659936e+07
0.3000003,0.9893162,16.0,1.0,2.6800011e+08,2.8720755e+08,1.920744e+07
0.0,0.9992877,16.0,83.0,1.2910991e+09,1.2175715e+09,7.352768e+07
0.35000035,0.98789173,25.0,82.0,1.6499989e+08,1.4272634e+08,2.2273552e+07
0.14600015,0.9928775,16.0,152.0,2.559998e+08,2.4834131e+08,7.658496e+06
0.12290012,0.994302,16.0,57.0,3.9000035e+08,3.626318e+08,2.7368544e+07
0.08000008,0.99786323,16.0,28.0,5.500002e+08,6.4614426e+08,9.614406e+07
0.12500012,0.99501425,16.0,172.0,9.889991e+08,7.671075e+08,2.2189158e+08
0.1000001,0.99643874,16.0,106.0,5.749996e+08,3.9055194e+08,1.8444768e+08
0.33500034,0.988604,26.0,1.0,2.850002e+08,2.7155568e+08,1.3444512e+07
0.11400011,0.99572647,16.0,120.0,5.3499952e+08,4.3710387e+08,9.789565e+07
0.13300014,0.99216527,8.0,273.0,3.689999e+08,4.010616e+08,3.2061696e+07
0.35000035,0.988604,16.0,379.0,1.750001e+08,1.4416658e+08,3.083352e+07
0.25000024,0.98717946,26.0,82.0,1.1499992e+08,1.4121698e+08,2.6217056e+07
0.09000009,0.99501425,16.0,162.0,5.500002e+08,5.2646208e+08,2.3538112e+07
0.11400011,0.99572647,16.0,120.0,5.3000048e+08,4.3710387e+08,9.289661e+07
0.0,0.9992877,8.0,8.0,1.1099994e+09,1.0757068e+09,3.429261e+07
0.03000003,0.997151,16.0,0.0,3.549998e+08,3.6405872e+08,9.058912e+06
0.4000004,0.98575497,25.0,5.0,2.4000018e+08,2.3530205e+08,4.698128e+06
0.22000022,0.98789173,11.0,15.0,1.5999997e+08,1.3976035e+08,2.0239616e+07
0.0,0.9992877,16.0,219.0,6.999994e+07,3.1290762e+08,2.4290768e+08
0.38000038,0.9843305,16.0,82.0,1.1499992e+08,1.05336e+08,9.66392e+06
0.23000023,0.98575497,23.0,89.0,1.12999976e+08,1.761615e+08,6.316153e+07
0.045000046,0.99786323,16.0,21.0,5.749996e+08,6.346373e+08,5.9637696e+07
0.28000027,0.9900285,25.0,53.0,2.9999994e+08,2.2976405e+08,7.023589e+07
0.3000003,0.98717946,23.0,494.0,1.2999999e+09,1.0601207e+09,2.3987917e+08
0.18000019,0.99358976,16.0,237.0,1.4800013e+09,1.4459405e+09,3.40608e+07
0.2120002,0.9928775,16.0,138.0,2.149998e+08,2.151081e+08,108288.0
0.17000017,0.9893162,16.0,44.0,1.1899995e+09,1.453661e+09,2.6366157e+08
0.35000035,0.98504275,30.0,15.0,1.1000003e+08,9.831156e+07,1.1688472e+07
0.21900022,0.99501425,16.0,516.0,4.249999e+08,3.5056493e+08,7.443498e+07
0.11111111,0.98575497,2.0,82.0,1.3999994e+08,1.27986904e+08,1.2013032e+07
0.26000026,0.98361826,6.0,161.0,1.22e+08,1.0866003e+08,1.3339968e+07
0.0,0.9992877,16.0,0.0,4.199996e+08,3.9780394e+08,2.219568e+07
0.04000004,0.99786323,25.0,22.0,5.0999987e+08,4.878097e+08,2.2190176e+07
0.11111111,0.98504275,16.0,12.0,1.00000024e+08,1.0855438e+08,8.55436e+06
0.10800011,0.991453,16.0,288.0,9.2000064e+08,8.493147e+08,7.068595e+07
0.11400011,0.991453,16.0,18.0,6.199998e+08,5.0673418e+08,1.1326563e+08
0.0,0.9985755,16.0,216.0,3.9489966e+09,5.233217e+09,1.2842204e+09
0.34500036,0.98504275,30.0,15.0,9.000006e+07,9.724333e+07,7.243264e+06
0.107000105,0.99643874,8.0,137.0,6.000002e+08,5.445794e+08,5.54208e+07
0.11300011,0.99572647,16.0,342.0,4.5000035e+08,4.617098e+08,1.170944e+07
0.3930004,0.97649574,1.0,391.0,2.7000006e+08,2.3067213e+08,3.9327936e+07
0.3900004,0.9900285,16.0,74.0,1.8999994e+08,1.8164187e+08,8.358064e+06
0.16700016,0.9893162,8.0,42.0,2.87e+08,2.985176e+08,1.15176e+07
0.012000012,0.99786323,16.0,287.0,9.249995e+08,9.9937914e+08,7.437965e+07
0.014000014,0.9985755,16.0,0.0,3.9499965e+08,3.8564643e+08,9.353216e+06
0.5000005,0.9900285,25.0,89.0,2.1699998e+08,2.3135862e+08,1.435864e+07
0.11300011,0.99358976,23.0,8.0,1.06500096e+09,8.921988e+08,1.7280218e+08
0.17500018,0.98789173,23.0,217.0,8.500002e+08,8.6257594e+08,1.2575744e+07
0.1000001,0.98504275,0.0,106.0,1.1499992e+08,2.1208522e+08,9.70853e+07
0.05000005,0.994302,0.0,123.0,3.0499987e+08,3.0925565e+08,4.255776e+06
5.000005e-05,0.9985755,16.0,333.0,5.200002e+08,7.196968e+08,1.9969658e+08
0.28000027,0.9900285,8.0,53.0,2.7000006e+08,2.4252558e+08,2.747448e+07
0.05100005,0.99643874,16.0,29.0,3.4999968e+08,3.2636317e+08,2.3636512e+07
0.26000026,0.99216527,16.0,38.0,2.0700005e+08,1.940906e+08,1.2909456e+07
0.3000003,0.98575497,25.0,5.0,2.2999995e+08,2.4441608e+08,1.4416128e+07
0.24000023,0.98717946,25.0,299.0,2.7000006e+08,1.9242853e+08,7.757154e+07
0.0,0.9992877,23.0,27.0,6.499996e+08,5.400674e+08,1.0993222e+08
0.0012000012,0.9992877,16.0,101.0,7.0500026e+08,6.7650534e+08,2.8494912e+07
0.0,0.9992877,23.0,121.0,9.399999e+08,9.198077e+08,2.0192192e+07
0.04000004,0.9985755,23.0,86.0,7.200002e+08,6.6732045e+08,5.2679744e+07
0.027000027,0.9985755,16.0,219.0,6.4000045e+08,5.0869126e+08,1.3130918e+08
0.1950002,0.9900285,16.0,1.0,2.5900016e+08,3.2059082e+08,6.1590656e+07
0.33500034,0.988604,26.0,1.0,2.850002e+08,2.7155568e+08,1.3444512e+07
0.3000003,0.9843305,26.0,34.0,1.750001e+08,1.532469e+08,2.17532e+07
0.0,0.9992877,16.0,170.0,4.149996e+08,3.881436e+08,2.6856e+07
0.14300014,0.99501425,16.0,35.0,2.470002e+08,2.3923602e+08,7.764176e+06
0.17500018,0.9893162,16.0,189.0,1.2499997e+09,1.281895e+09,3.1895296e+07
0.2000002,0.98504275,23.0,34.0,2.0000014e+08,1.7058274e+08,2.9417408e+07
0.098000094,0.994302,23.0,72.0,3.300001e+09,3.3053176e+09,5.316608e+06
0.041000042,0.997151,16.0,28.0,6.7e+08,6.56083e+08,1.3916992e+07
0.011111011,0.98575497,25.0,106.0,1.8499989e+08,1.6264394e+08,2.2355952e+07
0.21700022,0.988604,16.0,63.0,3.549998e+08,3.3127446e+08,2.3725344e+07
0.0,0.9992877,16.0,141.0,8.588002e+08,7.835126e+08,7.528762e+07
0.4000004,0.98789173,25.0,7.0,1.4800005e+08,1.348448e+08,1.3155248e+07
0.06300006,0.994302,8.0,4.0,3.9000035e+08,3.456055e+08,4.439485e+07
0.015000015,0.9985755,16.0,14.0,1.9799997e+09,1.9604924e+09,1.9507328e+07
0.66595966,0.98361826,6.0,308.0,1.369999e+08,1.423403e+08,5.3404e+06
0.03000003,0.99786323,16.0,16.0,3.750003e+08,3.588215e+08,1.6178784e+07
0.17000017,0.9928775,25.0,138.0,2.4499997e+08,2.2134366e+08,2.3656304e+07
0.04000004,0.988604,16.0,66.0,1.8499989e+08,1.4886382e+08,3.6136064e+07
0.28000027,0.9900285,8.0,53.0,2.7000006e+08,2.4252558e+08,2.747448e+07
0.11000011,0.99501425,16.0,45.0,2.6500011e+08,2.5463723e+08,1.036288e+07
0.2078332,0.994302,16.0,29.0,2.4499997e+08,2.6128507e+08,1.6285104e+07
0.0,0.9992877,16.0,364.0,1.1450008e+09,1.0616282e+09,8.337261e+07
0.22143123,0.98789173,16.0,106.0,2.3700013e+08,2.0278501e+08,3.421512e+07
0.18900019,0.991453,26.0,99.0,3.549998e+08,3.544227e+08,577120.0
0.5000005,0.98575497,15.0,15.0,1.379999e+08,1.2095804e+08,1.7041864e+07
0.25000024,0.99216527,16.0,5.0,3.8499968e+08,3.659831e+08,1.9016576e+07
0.077000074,0.99643874,16.0,16.0,3.4500026e+08,3.3073405e+08,1.4266208e+07
0.039000038,0.997151,16.0,333.0,5.600003e+08,6.9058144e+08,1.3058112e+08
0.095000096,0.997151,16.0,28.0,6.799995e+08,6.220573e+08,5.794221e+07
0.28000027,0.9893162,25.0,34.0,1.9900016e+08,2.0900632e+08,1.000616e+07
0.1000001,0.99786323,0.0,187.0,6.480005e+08,5.3284768e+08,1.1515283e+08
0.22400023,0.9900285,15.0,495.0,4.950004e+08,4.631775e+08,3.182288e+07
0.18000019,0.99501425,16.0,120.0,4.950004e+08,4.2119414e+08,7.380624e+07
0.0,0.9992877,16.0,178.0,7.980004e+08,7.9589357e+08,2.106816e+06
0.4150004,0.98789173,25.0,53.0,2.4999995e+08,1.8474389e+08,6.5256064e+07
0.17597717,0.9843305,15.0,15.0,1.2499992e+08,1.1631179e+08,8.688128e+06
0.0,0.9992877,16.0,106.0,2.0000014e+08,3.3202595e+08,1.3202581e+08
0.16500017,0.994302,9.0,4.0,3.3499984e+08,3.187513e+08,1.6248544e+07
0.06000006,0.997151,16.0,5.0,5.050003e+08,5.3442534e+08,2.9425056e+07
0.06000006,0.997151,15.0,3.0,5.400004e+08,5.506237e+08,1.0623296e+07
0.0014460015,0.9985755,16.0,182.0,1.5100008e+09,1.3155873e+09,1.9441344e+08
0.035700034,0.99786323,16.0,106.0,6.749999e+08,4.0879325e+08,2.6620662e+08
0.4000004,0.98361826,25.0,231.0,2.4499997e+08,2.3711453e+08,7.88544e+06
0.16600017,0.99358976,25.0,119.0,4.699997e+08,4.292705e+08,4.0729216e+07
0.45000044,0.98575497,16.0,15.0,1.2999993e+08,1.19078216e+08,1.0921712e+07
0.14200014,0.99358976,16.0,98.0,2.670001e+08,1.9474882e+08,7.225128e+07
0.08000008,0.99572647,16.0,58.0,2.850002e+08,2.5866248e+08,2.6337712e+07
0.11144411,0.98361826,16.0,12.0,1.00000024e+08,1.0010442e+08,104392.0
0.0,0.9992877,23.0,464.0,2.5449997e+09,1.8519063e+09,6.930934e+08
0.23000023,0.988604,25.0,4.0,2.2500006e+08,2.3852022e+08,1.352016e+07
0.077000074,0.988604,23.0,558.0,2.3999985e+09,1.7969261e+09,6.030724e+08
0.2890003,0.9900285,23.0,333.0,3.4999968e+08,4.0224214e+08,5.2242464e+07
0.07940008,0.99572647,0.0,123.0,3.0499987e+08,3.2328278e+08,1.8282912e+07
0.025000025,0.9985755,16.0,16.0,3.8199994e+08,3.714148e+08,1.0585152e+07
0.2120002,0.99216527,16.0,223.0,2.2999995e+08,1.8724418e+08,4.2755776e+07
0.34000033,0.98717946,25.0,63.0,3.2999994e+08,2.6284509e+08,6.715485e+07
0.03000003,0.99786323,16.0,29.0,3.6299994e+08,3.4582707e+08,1.7172864e+07
0.115000114,0.99501425,23.0,84.0,3.8800023e+09,3.3871427e+09,4.9285965e+08
0.01000001,0.9985755,16.0,236.0,1.435e+09,1.5217016e+09,8.670157e+07
0.15800016,0.99216527,8.0,34.0,2.9999994e+08,2.8228813e+08,1.7711808e+07
0.022000022,0.99786323,16.0,62.0,3.6999997e+08,3.5394643e+08,1.6053536e+07
0.03000003,0.99786323,16.0,28.0,7.3499955e+08,6.7785504e+08,5.714451e+07
0.2000002,0.98789173,25.0,7.0,1.5999997e+08,1.4481837e+08,1.51816e+07
0.16000016,0.98361826,16.0,145.0,1.3999994e+08,9.7558216e+07,4.244172e+07
0.0,0.9992877,12.0,302.0,2.4999995e+08,2.4786998e+08,2.129968e+06
0.011111011,0.98646724,26.0,33.0,1.2800009e+08,1.0980676e+08,1.8193328e+07
0.0,0.9992877,23.0,88.0,1.4369994e+09,1.3608612e+09,7.613824e+07
0.23000023,0.988604,8.0,1.0,2.87e+08,2.7727843e+08,9.721568e+06
0.03800004,0.997151,23.0,107.0,1.4200005e+09,1.2919933e+09,1.2800717e+08
0.15000015,0.994302,9.0,34.0,3.9000035e+08,3.1884493e+08,7.115542e+07
0.22000022,0.988604,25.0,44.0,1.4000001e+09,1.200926e+09,1.9907418e+08
0.1020001,0.99358976,23.0,8.0,9.8000083e+08,8.9712186e+08,8.287898e+07
0.3900004,0.988604,0.0,200.0,3.4000022e+08,3.1615376e+08,2.3846464e+07
0.0,0.9992877,16.0,128.0,7.149996e+08,5.980236e+08,1.16976e+08
0.027000027,0.9985755,8.0,429.0,1.7000013e+09,1.6173638e+09,8.263744e+07
1.0,0.980057,16.0,564.0,1.2000003e+08,3.4467862e+08,2.246786e+08
0.25000024,0.98504275,16.0,15.0,1.17999976e+08,1.2524788e+08,7.247904e+06
0.3000003,0.9928775,16.0,106.0,4.299998e+08,2.8688013e+08,1.4311968e+08
0.0,0.9992877,16.0,88.0,1.4369994e+09,1.3622636e+09,7.473587e+07
0.13874714,0.99358976,26.0,58.0,2.5799976e+08,2.1840763e+08,3.959213e+07
0.011000011,0.9985755,16.0,0.0,4.0499974e+08,3.8718093e+08,1.7818816e+07
0.043000042,0.99786323,16.0,28.0,7.200002e+08,6.69032e+08,5.096819e+07
0.082000084,0.994302,25.0,89.0,3.8000006e+08,3.4698797e+08,3.3012096e+07
0.08000008,0.99643874,16.0,106.0,4.3899965e+08,3.8951267e+08,4.9486976e+07
0.41600043,0.98717946,8.0,1.0,2.350002e+08,2.3309538e+08,1.904816e+06
0.19000019,0.99501425,16.0,230.0,7.600005e+08,7.9365005e+08,3.3649536e+07
0.2850003,0.9893162,16.0,56.0,2.9000003e+08,2.2764144e+08,6.235859e+07
3.1000032e-05,0.9992877,16.0,102.0,5.600003e+08,4.777819e+08,8.221843e+07
0.5000005,0.98717946,23.0,87.0,1.499999e+08,1.3674093e+08,1.3258976e+07
0.082000084,0.99501425,16.0,63.0,5.0799994e+08,4.9270864e+08,1.5291296e+07
0.25000024,0.9821937,0.0,17.0,2.5200014e+08,2.5786595e+08,5.865808e+06
0.03200003,0.99786323,23.0,37.0,5.8999994e+08,5.4401875e+08,4.5981184e+07
0.0,0.9992877,16.0,106.0,1.1399997e+09,3.3202595e+08,8.0797376e+08
0.21000022,0.994302,16.0,2.0,2.180002e+08,2.1955414e+08,1.553952e+06
0.12500012,0.98504275,23.0,106.0,8.4999976e+07,1.6107072e+08,7.6070744e+07
0.18000019,0.991453,0.0,187.0,3.6500016e+08,4.0226826e+08,3.7268096e+07
0.25100026,0.98789173,25.0,15.0,1.6300016e+08,1.4913238e+08,1.3867776e+07
0.0,0.9985755,16.0,410.0,2.8000015e+09,2.4925827e+09,3.0741888e+08
0.029000029,0.9985755,23.0,106.0,6.7e+08,4.483383e+08,2.216617e+08
0.13000013,0.99358976,16.0,57.0,3.9000035e+08,3.5091546e+08,3.9084896e+07
0.08100008,0.99358976,16.0,309.0,1.9999987e+09,2.0036832e+09,3.68448e+06
0.42000043,0.98575497,25.0,1.0,2.0500013e+08,2.110095e+08,6.009376e+06
0.046587046,0.98717946,8.0,33.0,1.2499992e+08,1.19358136e+08,5.641784e+06
0.18300018,0.994302,8.0,42.0,4.3699965e+08,3.758316e+08,6.116803e+07
0.0012000012,0.9992877,16.0,101.0,7.0500026e+08,6.7650534e+08,2.8494912e+07
0.17500018,0.994302,25.0,34.0,3.2000006e+08,3.0318618e+08,1.6813888e+07
0.077000074,0.99501425,23.0,189.0,2.170001e+09,1.8746153e+09,2.953856e+08
0.14900015,0.99358976,16.0,57.0,4.199996e+08,3.483899e+08,7.160973e+07
0.11111111,0.982906,16.0,78.0,7.949995e+07,9.377734e+07,1.4277392e+07
0.0,0.99786323,16.0,157.0,4.7999965e+08,4.7700246e+08,2.997184e+06
0.098000094,0.99643874,16.0,1.0,4.5000035e+08,4.5678003e+08,6.77968e+06
0.0,0.9992877,16.0,51.0,6.799995e+08,7.002548e+08,2.0255296e+07
0.28000027,0.9900285,25.0,53.0,2.9999994e+08,2.2976405e+08,7.023589e+07
0.26000026,0.994302,16.0,10.0,2.4999995e+08,2.5877549e+08,8.775536e+06
0.0,0.9992877,16.0,321.0,3.2999994e+08,3.2678736e+08,3.212576e+06
0.1000001,0.98504275,16.0,145.0,1.3499997e+08,1.01890696e+08,3.3109272e+07
0.065000065,0.997151,23.0,86.0,5.949994e+08,6.0540077e+08,1.0401344e+07
0.14400014,0.994302,16.0,141.0,6.499996e+08,6.1924934e+08,3.0750272e+07
0.25000024,0.98504275,16.0,15.0,1.17999976e+08,1.2524788e+08,7.247904e+06
0.22700022,0.9900285,16.0,20.0,1.8499989e+08,1.6284882e+08,2.2151072e+07
0.015000015,0.99786323,16.0,3.0,6.199998e+08,6.301022e+08,1.01024e+07
0.015000015,0.9985755,23.0,103.0,8.299996e+08,8.351368e+08,5.137152e+06
0.0,0.9992877,23.0,211.0,2.9800008e+09,2.601286e+09,3.7871488e+08
0.065000065,0.997151,16.0,16.0,3.4500026e+08,3.4148723e+08,3.513024e+06
0.22222222,0.9900285,16.0,435.0,1.499999e+08,1.4158107e+08,8.418832e+06
0.4000004,0.9843305,30.0,15.0,1.1000003e+08,8.498685e+07,2.5013184e+07
0.0,0.9992877,23.0,292.0,2.0600013e+09,1.8437085e+09,2.1629274e+08
0.35000035,0.98789173,16.0,82.0,1.4499995e+08,1.3938181e+08,5.618144e+06
0.058000058,0.99643874,16.0,29.0,3.4000022e+08,3.2446205e+08,1.5538176e+07
0.46000046,0.98504275,30.0,82.0,9.499993e+07,9.115706e+07,3.842872e+06
0.15000015,0.994302,16.0,63.0,4.600001e+08,4.4410157e+08,1.5898528e+07
0.025000025,0.99572647,8.0,178.0,6.499996e+08,6.889961e+08,3.899648e+07
0.35000035,0.9843305,25.0,5.0,1.4400003e+08,2.270647e+08,8.306467e+07
0.6000006,0.98789173,0.0,106.0,3.5999994e+08,2.5078654e+08,1.0921339e+08
0.11100011,0.99358976,16.0,291.0,6.199998e+08,5.4943814e+08,7.056166e+07
0.0,0.9992877,13.0,408.0,1.5999997e+08,2.7734032e+08,1.1734035e+08
0.06800007,0.99572647,16.0,43.0,6.769997e+08,6.7019936e+08,6.80032e+06
0.09000009,0.997151,16.0,10.0,3.2000006e+08,3.204551e+08,455040.0
0.17000017,0.99358976,16.0,1.0,4.7499965e+08,3.8601734e+08,8.89823e+07
0.16500017,0.994302,16.0,63.0,4.4300006e+08,4.3732653e+08,5.673536e+06
0.015000015,0.9985755,23.0,51.0,9.2000064e+08,7.0725216e+08,2.1274848e+08
0.01000001,0.99786323,23.0,312.0,1.2999999e+09,1.3327616e+09,3.2761728e+07
0.00096000097,0.9992877,23.0,107.0,1.4200005e+09,1.5153875e+09,9.538701e+07
0.023000022,0.9985755,16.0,85.0,8.500002e+08,8.002501e+08,4.975008e+07
0.1000001,0.99786323,16.0,28.0,6.8999955e+08,6.35072e+08,5.492755e+07
0.052000053,0.9985755,16.0,157.0,4.650001e+08,4.493365e+08,1.5663584e+07
0.013700014,0.9985755,16.0,151.0,1.164999e+09,8.159729e+08,3.490261e+08
0.006000006,0.99786323,16.0,113.0,1.4999997e+09,1.123193e+09,3.768068e+08
0.05000005,0.98361826,16.0,564.0,9.000006e+07,1.181937e+08,2.8193632e+07
0.0,0.9985755,23.0,191.0,8.999994e+08,8.8539245e+08,1.4606976e+07
0.11111111,0.9900285,16.0,106.0,2.8e+08,2.6779266e+08,1.2207344e+07
0.35000035,0.9814815,26.0,4.0,9.499993e+07,1.476248e+08,5.262487e+07
0.03000003,0.99786323,16.0,21.0,6.499996e+08,6.4594464e+08,4.054976e+06
0.18900019,0.98789173,16.0,47.0,9.2000064e+08,7.897737e+08,1.3022694e+08
0.3000003,0.982906,16.0,12.0,8.4999976e+07,1.0507594e+08,2.007596e+07
0.14700015,0.99358976,16.0,1.0,4.600001e+08,3.9283955e+08,6.716054e+07
0.3000003,0.98789173,25.0,53.0,2.4999995e+08,1.9972682e+08,5.0273136e+07
0.04000004,0.99786323,16.0,29.0,3.5999994e+08,3.4329293e+08,1.6707008e+07
0.08800009,0.994302,16.0,81.0,2.2800005e+09,2.0013037e+09,2.7869683e+08
0.25000024,0.9893162,16.0,146.0,2.4000018e+08,2.5491618e+08,1.4916e+07
0.3000003,0.98789173,25.0,106.0,1.0500001e+08,1.8380195e+08,7.8801944e+07
0.19000019,0.9900285,25.0,5.0,2.7599994e+08,3.4435402e+08,6.835408e+07
0.11700012,0.991453,25.0,354.0,2.350002e+08,2.0155224e+08,3.3447952e+07
0.25000024,0.9893162,16.0,5.0,2.8e+08,3.2033715e+08,4.033715e+07
0.12700012,0.99358976,16.0,58.0,2.350002e+08,2.2242624e+08,1.2573952e+07
0.2000002,0.9893162,8.0,1.0,3.0499987e+08,2.9361386e+08,1.1386016e+07
0.006000006,0.99786323,16.0,16.0,3.999997e+08,3.691308e+08,3.0868896e+07
0.15200016,0.9928775,16.0,61.0,4.5600006e+08,5.7548896e+08,1.194889e+08
0.1000001,0.9821937,30.0,140.0,1.069999e+08,7.754422e+07,2.945568e+07
0.43800044,0.98504275,26.0,1.0,2.569998e+08,2.0748902e+08,4.9510784e+07
0.21700022,0.98789173,16.0,66.0,1.4499995e+08,1.5596926e+08,1.0969312e+07
0.2000002,0.988604,16.0,82.0,1.7399994e+08,1.4594917e+08,2.8050768e+07
0.14000013,0.99358976,23.0,43.0,5.4699974e+08,5.615555e+08,1.4555776e+07
0.00950001,0.997151,8.0,71.0,7.899997e+08,8.166424e+08,2.6642752e+07
0.5000005,0.98361826,23.0,106.0,1.6499989e+08,1.3745613e+08,2.754376e+07
0.13500014,0.994302,23.0,277.0,9.4499923e+08,8.74832e+08,7.016723e+07
0.22000022,0.9893162,1.0,42.0,2.949998e+08,2.664847e+08,2.8515104e+07
0.24600025,0.9907407,23.0,5.0,3.9499965e+08,3.4428176e+08,5.071789e+07
0.3000003,0.9900285,25.0,116.0,2.350002e+08,1.7953322e+08,5.5466976e+07
0.0005000005,0.9992877,16.0,3.0,7.200002e+08,6.297382e+08,9.026202e+07
0.112000115,0.99216527,15.0,354.0,1.750001e+08,1.8531067e+08,1.0310576e+07
0.0,0.9992877,25.0,175.0,1.9760006e+09,2.2520584e+09,2.7605773e+08
0.12000012,0.99501425,16.0,1.0,4.2700035e+08,4.2484022e+08,2.160128e+06
0.0,0.9985755,26.0,312.0,1.4950013e+09,1.4056055e+09,8.939584e+07
0.43000042,0.9893162,26.0,109.0,2.979999e+08,2.94988e+08,3.011904e+06
0.03000003,0.99786323,16.0,28.0,7.0999994e+08,6.7785504e+08,3.2144896e+07
0.008000008,0.9985755,23.0,287.0,9.4999974e+08,1.0785212e+09,1.2852147e+08
0.24700025,0.98789173,25.0,389.0,1.0799992e+09,9.3841984e+08,1.415794e+08
0.08400008,0.98789173,25.0,98.0,1.22e+08,1.3745744e+08,1.545744e+07
0.32000032,0.98717946,25.0,532.0,1.2800009e+08,1.2968268e+08,1.682592e+06
0.2000002,0.988604,16.0,82.0,1.4499995e+08,1.4594917e+08,949216.0
0.4090004,0.98504275,25.0,42.0,1.8999994e+08,1.7756483e+08,1.2435104e+07
0.06000006,0.994302,16.0,35.0,2.8e+08,2.1444733e+08,6.555267e+07
0.24000023,0.98504275,16.0,12.0,9.000006e+07,1.17123464e+08,2.71234e+07
0.065000065,0.99643874,16.0,276.0,3.3899978e+08,2.9601267e+08,4.2987104e+07
0.4000004,0.97792023,0.0,106.0,1.1499992e+08,1.4532056e+08,3.032064e+07
0.6000006,0.9893162,25.0,97.0,1.750001e+08,1.655244e+08,9.475696e+06
0.025000025,0.9985755,23.0,51.0,7.0999994e+08,7.014057e+08,8.59424e+06
0.083000086,0.99572647,16.0,29.0,3.2900003e+08,3.092397e+08,1.976032e+07
0.3840004,0.98504275,16.0,145.0,1.0500001e+08,1.0145552e+08,3.544488e+06
0.02000002,0.9985755,16.0,287.0,8.319999e+08,1.0120278e+09,1.800279e+08
0.19000019,0.98646724,23.0,231.0,3.4999968e+08,2.9227062e+08,5.7729056e+07
0.13200013,0.994302,16.0,113.0,9.7500045e+08,9.105944e+08,6.4406016e+07
0.0,0.9992877,16.0,324.0,2.2000018e+08,2.0812398e+08,1.1876192e+07
0.03800004,0.98575497,23.0,89.0,1.8999994e+08,1.6309874e+08,2.69012e+07
0.25000024,0.9900285,16.0,1.0,2.4000018e+08,3.0366016e+08,6.3659984e+07
0.22000022,0.98717946,8.0,144.0,1.0799992e+09,1.2084326e+09,1.2843341e+08
0.09100009,0.99358976,3.0,42.0,4.5000035e+08,3.7420864e+08,7.579171e+07
0.095000096,0.99501425,16.0,6.0,6.950002e+08,6.633421e+08,3.1658112e+07
0.4150004,0.98575497,8.0,42.0,2.1000011e+08,2.032179e+08,6.782208e+06
0.13600014,0.994302,16.0,510.0,2.4000018e+08,2.4745666e+08,7.45648e+06
0.16800016,0.9907407,16.0,1.0,3.6599984e+08,3.3599488e+08,3.000496e+07
0.26000026,0.9893162,16.0,362.0,4.9000044e+09,4.873617e+09,2.6387456e+07
0.2900003,0.991453,8.0,34.0,2.2500006e+08,2.4720333e+08,2.2203264e+07
0.0,0.9992877,16.0,3.0,6.150001e+08,6.2770675e+08,1.2706624e+07
0.03000003,0.99786323,16.0,28.0,7.3499955e+08,6.7785504e+08,5.714451e+07
0.43211144,0.9843305,30.0,78.0,9.000006e+07,8.3714264e+07,6.2858e+06
0.2000002,0.98504275,30.0,68.0,9.000006e+07,8.619506e+07,3.805008e+06
0.1000001,0.99572647,16.0,1.0,5.400004e+08,4.4267405e+08,9.732634e+07
0.09100009,0.997151,16.0,349.0,7.149996e+08,7.132793e+08,1.72032e+06
0.05000005,0.98789173,16.0,74.0,1.499999e+08,1.5847558e+08,8.47568e+06
0.18100019,0.99216527,16.0,52.0,5.0999987e+08,4.8019197e+08,2.9807904e+07
0.0,0.9992877,16.0,106.0,1.4100005e+08,3.3202595e+08,1.910259e+08
0.12800013,0.99572647,16.0,16.0,3.3499984e+08,3.118203e+08,2.3179552e+07
0.15000015,0.99501425,8.0,141.0,6.3000006e+08,6.5088294e+08,2.088288e+07
0.12000012,0.99358976,16.0,273.0,4.7499965e+08,4.4855043e+08,2.6449216e+07
0.023000022,0.99786323,16.0,16.0,3.5999994e+08,3.6117875e+08,1.178816e+06
0.44800046,0.98646724,8.0,1.0,2.4499997e+08,2.2321504e+08,2.1784928e+07
0.01000001,0.99786323,23.0,108.0,7.200002e+08,7.0795264e+08,1.2047552e+07
0.0988561,0.9928775,16.0,164.0,1.8999994e+08,2.2982322e+08,3.982328e+07
0.18000019,0.98789173,16.0,5.0,3.309997e+08,3.0930992e+08,2.1689792e+07
0.24000023,0.9893162,16.0,1.0,2.9000003e+08,2.9489686e+08,4.896832e+06
0.0,0.9992877,23.0,576.0,2.2350016e+09,2.085461e+09,1.495406e+08
0.3000003,0.9900285,16.0,69.0,1.8499989e+08,1.7277005e+08,1.222984e+07
0.19000019,0.98646724,1.0,109.0,2.850002e+08,2.6483134e+08,2.0168848e+07
0.2000002,0.98789173,23.0,66.0,1.6699995e+08,1.4965982e+08,1.7340128e+07
0.19700019,0.98361826,25.0,418.0,1.069999e+08,1.1646052e+08,9.460616e+06
0.027000027,0.9985755,8.0,429.0,1.7000013e+09,1.6173638e+09,8.263744e+07
0.17700018,0.98717946,16.0,87.0,1.6499989e+08,1.4034323e+08,2.4656656e+07
0.26000026,0.99358976,16.0,63.0,4.28e+08,4.02964e+08,2.5036e+07
0.5000005,0.98575497,25.0,5.0,2.3799989e+08,2.3804347e+08,43584.0
0.0011110011,0.980057,0.0,367.0,1.5999997e+08,1.6828054e+08,8.280576e+06
0.03200003,0.99786323,23.0,178.0,7.899997e+08,7.514328e+08,3.856685e+07
0.023000022,0.99786323,23.0,86.0,6.779999e+08,6.6391674e+08,1.4083136e+07
0.0,0.9992877,16.0,215.0,1.9999987e+09,1.8615886e+09,1.3841011e+08
0.16000016,0.9907407,23.0,76.0,4.650003e+09,5.040633e+09,3.906299e+08
0.27500027,0.98504275,16.0,15.0,1.3999994e+08,1.1886627e+08,2.1133664e+07
0.1020001,0.99643874,1.0,42.0,5.3499952e+08,4.3759018e+08,9.740934e+07
0.03800004,0.99501425,16.0,8.0,1.2799991e+09,1.0321359e+09,2.4786323e+08
0.17600018,0.99358976,0.0,509.0,6.199998e+08,6.7750995e+08,5.7510144e+07
0.23000023,0.99216527,16.0,57.0,3.549998e+08,3.213101e+08,3.3689696e+07
0.3770004,0.9821937,6.0,34.0,1.3999994e+08,1.1141392e+08,2.8586016e+07
0.4000004,0.9843305,0.0,200.0,2.5999997e+08,2.51215e+08,8.78496e+06
0.2000002,0.99358976,10.0,57.0,2.7000006e+08,2.9318294e+08,2.318288e+07
0.017300017,0.99786323,25.0,16.0,3.6500016e+08,3.6185866e+08,3.141504e+06
0.18000019,0.99358976,26.0,89.0,2.4000018e+08,3.242913e+08,8.429112e+07
0.3000003,0.98789173,25.0,4.0,2.2000018e+08,2.1447595e+08,5.524224e+06
0.32000032,0.98646724,16.0,97.0,1.12999976e+08,1.32512376e+08,1.95124e+07
0.107000105,0.99643874,8.0,137.0,6.000002e+08,5.445794e+08,5.54208e+07
0.026000027,0.9985755,23.0,103.0,8.0800006e+08,8.2125504e+08,1.3254976e+07
0.27000028,0.98717946,25.0,5.0,2.549998e+08,2.7375914e+08,1.8759328e+07
0.05000005,0.9985755,16.0,148.0,1.6499997e+09,1.4846465e+09,1.6535322e+08
0.3000003,0.99358976,16.0,10.0,2.549998e+08,2.4498688e+08,1.0012928e+07
0.05950006,0.99786323,16.0,278.0,5.8499994e+08,5.798057e+08,5.19424e+06
0.11000011,0.994302,8.0,53.0,3.3799968e+08,3.240242e+08,1.3975488e+07
0.116000116,0.994302,16.0,1.0,4.0499974e+08,4.1272778e+08,7.728032e+06
0.2000002,0.99358976,16.0,45.0,2.149998e+08,2.1888222e+08,3.882416e+06
0.32000032,0.9893162,21.0,1.0,2.949998e+08,2.770437e+08,1.7956096e+07
0.08000008,0.99501425,16.0,348.0,1.0500006e+09,1.0422309e+09,7.769664e+06
0.027000027,0.9985755,16.0,110.0,3.8000006e+08,3.836494e+08,3.649344e+06
0.12700012,0.994302,16.0,5.0,4.290004e+08,4.5048125e+08,2.1480864e+07
0.043756045,0.99358976,16.0,45.0,2.7299994e+08,2.5122843e+08,2.1771504e+07
0.0,0.9985755,8.0,156.0,2.7600008e+09,2.3226248e+09,4.37376e+08
0.2900003,0.9900285,16.0,18.0,4.149996e+08,3.8739808e+08,2.7601536e+07
0.21500021,0.99216527,16.0,45.0,2.3799989e+08,2.0296494e+08,3.5034944e+07
0.057000056,0.997151,23.0,22.0,5.200002e+08,5.1064912e+08,9.351072e+06
0.0002000002,0.9992877,16.0,317.0,7.499995e+08,6.1689043e+08,1.3310906e+08
0.15800016,0.99358976,16.0,495.0,6.499996e+08,5.5273446e+08,9.726515e+07
0.115000114,0.99501425,23.0,84.0,3.8800023e+09,3.3871427e+09,4.9285965e+08
0.21000022,0.988604,6.0,294.0,1.7799997e+09,1.7457812e+09,3.4218496e+07
0.29500028,0.98789173,16.0,1.0,2.7499997e+08,2.6488085e+08,1.011912e+07
0.0,0.9992877,25.0,106.0,2.0000014e+08,4.025722e+08,2.0257205e+08
0.0076000076,0.99786323,16.0,110.0,3.8499968e+08,3.8194822e+08,3.051456e+06
0.13500014,0.994302,16.0,107.0,1.1700005e+09,1.0174878e+09,1.525127e+08
0.07000007,0.99643874,16.0,1.0,4.7499965e+08,4.647722e+08,1.0227456e+07
0.2000002,0.9893162,16.0,45.0,2.1000011e+08,1.8467413e+08,2.5325984e+07
0.2900003,0.98789173,23.0,398.0,1.2999999e+09,1.0246508e+09,2.7534906e+08
0.4000004,0.98717946,26.0,33.0,1.2000003e+08,1.20155544e+08,155512.0
0.16000016,0.98789173,23.0,188.0,1.7999987e+08,2.6716616e+08,8.716629e+07
0.2000002,0.98789173,16.0,15.0,1.3999994e+08,1.4270238e+08,2.702448e+06
0.3880004,0.99216527,25.0,53.0,2.7499997e+08,2.5582555e+08,1.9174416e+07
0.3000003,0.9843305,6.0,1.0,2.0000014e+08,2.0275214e+08,2.752e+06
0.31500033,0.98789173,16.0,74.0,1.4100005e+08,1.6043512e+08,1.9435072e+07
0.01000001,0.99786323,16.0,1.0,5.200002e+08,5.1636013e+08,3.640064e+06
0.1060001,0.994302,23.0,172.0,8.550002e+08,7.8465965e+08,7.034054e+07
0.112000115,0.99216527,15.0,354.0,1.750001e+08,1.8531067e+08,1.0310576e+07
0.001000001,0.99786323,23.0,24.0,1.4500003e+09,1.4572032e+09,7.202944e+06
0.45884547,0.98504275,6.0,165.0,2.1000011e+08,2.0712051e+08,2.8796e+06
0.0012340012,0.98361826,16.0,7.0,1.00000024e+08,1.0225008e+08,2.250056e+06
0.011000011,0.9985755,23.0,173.0,6.600002e+08,6.165857e+08,4.3414464e+07
0.18800019,0.98646724,23.0,186.0,6.200001e+09,4.4553477e+09,1.7446533e+09
8.000008e-06,0.9992877,16.0,86.0,7.849994e+08,7.4371744e+08,4.1281984e+07
0.12500012,0.99572647,23.0,430.0,1.2300009e+09,1.1704513e+09,5.954957e+07
0.1000001,0.99501425,16.0,243.0,1.4899996e+09,2.1715039e+09,6.8150426e+08
0.27000028,0.98646724,23.0,7.0,1.3499997e+08,1.2299275e+08,1.2007216e+07
0.27500027,0.98504275,16.0,15.0,1.3999994e+08,1.1886627e+08,2.1133664e+07
0.2000002,0.994302,16.0,129.0,5.200002e+08,4.9080646e+08,2.9193728e+07
0.15800016,0.994302,8.0,5.0,4.4500035e+08,4.4121072e+08,3.789632e+06
0.38000038,0.98575497,26.0,146.0,2.1000011e+08,1.6344814e+08,4.655197e+07
0.027000027,0.99786323,16.0,28.0,6.9900045e+08,6.8010586e+08,1.8894592e+07
1.000001e-06,0.9992877,16.0,3.0,7.600005e+08,6.277091e+08,1.3229139e+08
0.14000013,0.99501425,16.0,106.0,2.4000018e+08,3.6945626e+08,1.2945608e+08
0.07200007,0.99216527,16.0,443.0,5.9000023e+09,2.5097902e+09,3.390212e+09
0.0012000012,0.9992877,16.0,101.0,7.0500026e+08,6.7650534e+08,2.8494912e+07
0.052000053,0.99786323,16.0,37.0,5.379998e+08,5.7065664e+08,3.2656832e+07
0.05000005,0.9893162,16.0,128.0,6.9999974e+08,3.2829674e+08,3.71703e+08
0.11900012,0.99501425,16.0,85.0,6.650003e+08,6.18868e+08,4.613235e+07
0.07000007,0.99643874,16.0,5.0,4.3599974e+08,5.1504403e+08,7.904429e+07
0.2000002,0.98646724,23.0,15.0,1.00000024e+08,1.2575631e+08,2.5756288e+07
0.015000015,0.99786323,16.0,3.0,6.199998e+08,6.301022e+08,1.01024e+07
0.1000001,0.99501425,23.0,29.0,3.0800003e+08,2.9918794e+08,8.812096e+06
0.02100002,0.9985755,23.0,71.0,8.349998e+08,8.6550445e+08,3.050464e+07
0.4000004,0.988604,25.0,33.0,1.499999e+08,1.326798e+08,1.7320104e+07
0.2000002,0.9814815,16.0,106.0,9.499993e+07,1.3072872e+08,3.572879e+07
0.057000056,0.997151,16.0,5.0,5.400004e+08,5.3471082e+08,5.289568e+06
0.18830019,0.991453,16.0,64.0,3.3400006e+08,3.377709e+08,3.770848e+06
0.15976717,0.9843305,16.0,34.0,1.12000056e+08,1.5268526e+08,4.068521e+07
0.2000002,0.9900285,25.0,53.0,2.5999997e+08,2.4670968e+08,1.3290288e+07
0.11000011,0.99358976,26.0,43.0,6.0300026e+08,5.808528e+08,2.2147456e+07
0.0,0.9985755,16.0,5.0,6.249996e+08,5.736325e+08,5.1367104e+07
0.022222022,0.9821937,16.0,106.0,7.9999944e+07,1.2604496e+08,4.6045016e+07
0.09000009,0.9928775,16.0,44.0,2.5499994e+09,2.4185034e+09,1.3149594e+08
0.12745012,0.994302,16.0,63.0,4.550001e+08,4.5446582e+08,534272.0
0.15400015,0.9900285,19.0,1.0,3.2000006e+08,3.1900128e+08,998784.0
0.3020003,0.988604,16.0,213.0,2.9000003e+08,3.0669568e+08,1.6695648e+07
0.034000035,0.99643874,16.0,157.0,4.650001e+08,4.420345e+08,2.29656e+07
0.16500017,0.99358976,16.0,42.0,4.0300013e+08,3.814226e+08,2.1577536e+07
0.09000009,0.9928775,23.0,398.0,2.3999985e+09,1.296323e+09,1.1036755e+09
0.045000046,0.99786323,16.0,16.0,3.6500016e+08,3.5479133e+08,1.0208832e+07
0.1990002,0.98646724,8.0,1.0,2.620002e+08,2.5030149e+08,1.1698704e+07
0.1000001,0.9893162,16.0,74.0,1.9900016e+08,1.8212965e+08,1.6870512e+07
0.2000002,0.9893162,16.0,1.0,3.250003e+08,3.0774634e+08,1.7253952e+07
0.0,0.99358976,16.0,193.0,2.4999995e+08,2.4537502e+08,4.624928e+06
0.07500008,0.994302,16.0,240.0,1.4899996e+09,1.3957023e+09,9.429734e+07
0.20700021,0.9907407,15.0,128.0,3.2999994e+08,3.3256342e+08,2.563488e+06
0.15000015,0.99501425,9.0,235.0,3.4999968e+08,3.23474e+08,2.6525696e+07
7.000007e-05,0.9992877,16.0,0.0,4.249999e+08,3.9780925e+08,2.7190656e+07
0.009000009,0.9985755,16.0,9.0,3.250003e+08,3.171878e+08,7.81248e+06
0.15000015,0.9843305,16.0,97.0,1.22e+08,1.1731887e+08,4.681128e+06
0.0,0.9985755,23.0,24.0,1.6000004e+09,1.4970929e+09,1.0290752e+08
0.00950001,0.99786323,16.0,37.0,5.800004e+08,6.075767e+08,2.757632e+07
0.116000116,0.99572647,23.0,243.0,6.6000056e+09,2.0997659e+09,4.50024e+09
0.107000105,0.99643874,8.0,137.0,6.000002e+08,5.445794e+08,5.54208e+07
0.11300011,0.994302,16.0,1.0,3.8499968e+08,4.133525e+08,2.8352832e+07
0.11000011,0.994302,16.0,45.0,2.7499997e+08,2.4715242e+08,2.7847552e+07
0.14100014,0.994302,16.0,118.0,5.4699974e+08,5.0147766e+08,4.552208e+07
0.21800022,0.9928775,16.0,1.0,3.9499965e+08,3.6507046e+08,2.9929184e+07
0.04000004,0.98789173,6.0,7.0,1.5799994e+08,1.3650485e+08,2.1495088e+07
0.25333625,0.98575497,26.0,7.0,9.499993e+07,1.3288291e+08,3.7882984e+07
0.34700036,0.9807692,26.0,87.0,1.1499992e+08,1.0976237e+08,5.237552e+06
0.01900002,0.9985755,16.0,16.0,3.8499968e+08,3.7462496e+08,1.037472e+07
0.027000027,0.99786323,16.0,3.0,6.380004e+08,6.172117e+08,2.0788672e+07
0.12800013,0.99572647,16.0,16.0,3.3499984e+08,3.118203e+08,2.3179552e+07
0.2000002,0.98789173,6.0,33.0,1.2999993e+08,1.3227046e+08,2.270536e+06
0.5000005,0.98789173,25.0,33.0,1.499999e+08,1.33090904e+08,1.6909e+07
0.32000032,0.9843305,1.0,1.0,2.149998e+08,2.0829197e+08,6.70784e+06
0.32000032,0.98646724,16.0,97.0,1.12999976e+08,1.32512376e+08,1.95124e+07
0.029000029,0.99786323,16.0,22.0,5.500002e+08,4.9194896e+08,5.805123e+07
0.21900022,0.99358976,16.0,63.0,4.650001e+08,4.094573e+08,5.5542784e+07
0.2000002,0.98361826,0.0,256.0,6.9999974e+08,6.757857e+08,2.4214016e+07
0.0,0.9992877,16.0,433.0,3.2000006e+08,3.1650912e+08,3.490944e+06
0.17000017,0.9900285,16.0,81.0,1.7100012e+09,1.2826532e+09,4.2734797e+08
0.036500037,0.99786323,16.0,21.0,5.970002e+08,6.4071744e+08,4.371725e+07
0.5000005,0.9900285,26.0,112.0,1.3999994e+08,1.617468e+08,2.1746864e+07
0.15000015,0.9928775,16.0,63.0,4.199996e+08,4.1933286e+08,666752.0
0.24000023,0.9900285,16.0,38.0,1.8999994e+08,1.7148506e+08,1.851488e+07
0.003000003,0.9985755,23.0,40.0,1.529999e+09,1.5424489e+09,1.244992e+07
0.2990003,0.98717946,0.0,33.0,1.3999994e+08,1.3480827e+08,5.191664e+06
0.12548213,0.982906,13.0,87.0,1.2000003e+08,1.0045041e+08,1.9549624e+07
0.04000004,0.99643874,16.0,143.0,3.5399978e+08,3.375777e+08,1.642208e+07
0.2000002,0.99216527,16.0,106.0,3.4999968e+08,2.978499e+08,5.214979e+07
0.034500033,0.997151,16.0,28.0,6.7e+08,6.602243e+08,9.77568e+06
0.06000006,0.99643874,23.0,16.0,3.1499987e+08,3.368528e+08,2.1852928e+07
7.000007e-05,0.9992877,16.0,3.0,7.200002e+08,6.279941e+08,9.200608e+07
0.1000001,0.9928775,21.0,266.0,1.6000004e+09,1.5820689e+09,1.793152e+07
0.21000022,0.9907407,16.0,93.0,3.549998e+08,3.3862237e+08,1.637744e+07
0.2868583,0.9893162,25.0,34.0,1.8899984e+08,2.1066165e+08,2.1661808e+07
0.4000004,0.9893162,25.0,53.0,2.4000018e+08,1.9492608e+08,4.5074096e+07
0.045000046,0.99643874,16.0,155.0,3.3400006e+08,3.340727e+08,72640.0
0.13500014,0.9893162,23.0,515.0,2.8000015e+09,3.210334e+09,4.103324e+08
0.14300014,0.994302,16.0,1.0,4.0999968e+08,4.0652515e+08,3.474528e+06
0.45884547,0.98504275,6.0,165.0,2.1000011e+08,2.0712051e+08,2.8796e+06
0.11400011,0.9928775,25.0,392.0,3.4999968e+08,2.7106304e+08,7.893664e+07
0.13500014,0.994302,16.0,5.0,4.699997e+08,4.472937e+08,2.2706016e+07
0.19000019,0.99501425,16.0,208.0,4.9000016e+08,4.5235222e+08,3.7647936e+07
0.44000044,0.98717946,8.0,63.0,2.4999995e+08,2.8342973e+08,3.3429776e+07
0.02100002,0.99786323,16.0,16.0,3.6999997e+08,3.6193872e+08,8.061248e+06
0.11111111,0.9821937,17.0,161.0,8.4999976e+07,1.072633e+08,2.226332e+07
0.007000007,0.9985755,8.0,36.0,4.199996e+08,3.8563024e+08,3.4369376e+07
0.3000003,0.98646724,26.0,67.0,1.0299996e+08,1.0232266e+08,677304.0
0.42000043,0.988604,25.0,66.0,1.7000003e+08,1.5362882e+08,1.6371216e+07
0.23200023,0.994302,25.0,58.0,2.2999995e+08,2.1278254e+08,1.7217408e+07
0.12000012,0.994302,16.0,1.0,4.249999e+08,4.1187846e+08,1.312144e+07
0.0,0.9722222,0.0,199.0,2.5999997e+08,1.9662285e+08,6.337712e+07
0.23700024,0.9907407,26.0,438.0,4.5000035e+08,4.8665085e+08,3.6650496e+07
0.025000025,0.9992877,16.0,274.0,1.499999e+08,4.0192083e+08,2.5192093e+08
0.25000024,0.98575497,16.0,15.0,1.1499992e+08,1.2960801e+08,1.4608088e+07
0.045000046,0.99643874,16.0,155.0,3.3400006e+08,3.340727e+08,72640.0
0.15000015,0.994302,16.0,159.0,7.200002e+08,7.4123206e+08,2.1231872e+07
0.045000046,0.99643874,16.0,155.0,3.3400006e+08,3.340727e+08,72640.0
0.11300011,0.99358976,23.0,8.0,1.06500096e+09,8.921988e+08,1.7280218e+08
0.37000036,0.994302,10.0,57.0,2.9199984e+08,2.820341e+08,9.965728e+06
0.0072080074,0.9985755,23.0,225.0,7.3000064e+08,6.489269e+08,8.107373e+07
0.008000008,0.99786323,16.0,113.0,1.00999917e+09,1.120014e+09,1.1001478e+08
0.049000047,0.99643874,16.0,42.0,4.699997e+08,4.7603722e+08,6.037504e+06
0.0,0.9992877,16.0,191.0,8.999994e+08,8.5266157e+08,4.7337856e+07
0.06300006,0.99786323,16.0,101.0,6.779999e+08,6.745893e+08,3.41056e+06
0.0,0.9992877,16.0,70.0,2.0000014e+08,1.2956376e+08,7.043638e+07
0.19000019,0.98789173,26.0,33.0,1.2499992e+08,1.2812075e+08,3.120832e+06
0.34500036,0.988604,16.0,15.0,1.750001e+08,1.4643742e+08,2.8562672e+07
0.14000013,0.99216527,16.0,44.0,2.3999985e+09,2.0282651e+09,3.7173338e+08
0.1020001,0.99358976,23.0,8.0,9.8000083e+08,8.9712186e+08,8.287898e+07
0.34000033,0.98575497,25.0,89.0,1.7999987e+08,1.8490112e+08,4.901248e+06
0.18000019,0.98789173,25.0,33.0,1.2499992e+08,1.2757014e+08,2.570224e+06
0.14000013,0.99358976,16.0,223.0,2.0500013e+08,2.2113352e+08,1.6133392e+07
0.15500015,0.9893162,16.0,91.0,2.0900005e+09,1.7243927e+09,3.656078e+08
0.25000024,0.98361826,8.0,373.0,2.0000014e+08,1.9346264e+08,6.537504e+06
0.0,0.9992877,23.0,14.0,2.1999987e+09,1.9248883e+09,2.751104e+08
0.04200004,0.997151,23.0,40.0,1.3449989e+09,1.3276695e+09,1.7329408e+07
0.3000003,0.98717946,26.0,33.0,1.2999993e+08,1.244924e+08,5.507528e+06
0.2000002,0.9893162,16.0,1.0,3.250003e+08,3.0774634e+08,1.7253952e+07
0.24987225,0.98717946,25.0,15.0,1.499999e+08,1.4328168e+08,6.718224e+06
0.22200023,0.9928775,16.0,106.0,4.149996e+08,3.0903098e+08,1.0596864e+08
0.12345512,0.98717946,0.0,77.0,3.9499965e+08,3.611333e+08,3.3866336e+07
0.48800048,0.98717946,16.0,15.0,1.6699995e+08,1.319736e+08,3.502635e+07
0.057000056,0.99572647,16.0,120.0,4.8699997e+08,4.3301955e+08,5.3980416e+07
0.016000016,0.99786323,23.0,88.0,1.43e+09,1.313544e+09,1.1645606e+08
0.41600043,0.98717946,8.0,1.0,2.350002e+08,2.3309538e+08,1.904816e+06
0.54000056,0.98717946,16.0,109.0,2.2999995e+08,2.6917734e+08,3.917739e+07
0.106600106,0.99216527,1.0,44.0,2.0999982e+09,1.8890118e+09,2.1098637e+08
0.31300032,0.9907407,16.0,369.0,1.8499989e+08,1.8306442e+08,1.935472e+06
0.44800046,0.98575497,6.0,4.0,1.3499997e+08,1.6690093e+08,3.190096e+07
0.12800013,0.99572647,16.0,16.0,3.3499984e+08,3.118203e+08,2.3179552e+07
0.3000003,0.988604,16.0,5.0,3.0999974e+08,2.997877e+08,1.0212032e+07
0.13000013,0.9900285,16.0,42.0,3.2999994e+08,3.3456243e+08,4.562496e+06
0.0,0.9992877,16.0,106.0,7.0999994e+08,3.3202595e+08,3.7797398e+08
0.07200007,0.997151,23.0,51.0,6.3000006e+08,6.354016e+08,5.401536e+06
0.0,0.9992877,16.0,51.0,7.0500026e+08,7.002548e+08,4.745472e+06
0.17900018,0.9907407,26.0,45.0,1.8499989e+08,1.972998e+08,1.229992e+07
0.08800009,0.9900285,23.0,106.0,1.1111114e+09,2.687495e+08,8.423619e+08
0.3000003,0.988604,23.0,15.0,1.5699989e+08,1.4276256e+08,1.4237328e+07
0.15000015,0.99216527,16.0,38.0,2.2000018e+08,2.1056122e+08,9.43896e+06
0.05000005,0.99786323,23.0,106.0,3.6999997e+08,4.3877446e+08,6.87745e+07
0.0,0.99786323,16.0,37.0,6.199998e+08,6.168586e+08,3.141184e+06
0.047000047,0.9985755,16.0,37.0,6.199998e+08,5.85919e+08,3.408083e+07
0.12000012,0.99572647,16.0,5.0,5.400004e+08,4.840708e+08,5.59296e+07
0.16700016,0.9893162,16.0,74.0,2.1000011e+08,1.8090059e+08,2.909952e+07
1.000001e-06,0.9992877,16.0,502.0,9.833505e+08,1.495064e+09,5.1171354e+08
0.18300018,0.988604,16.0,144.0,1.5900006e+09,1.5023877e+09,8.761293e+07
0.0,0.9992877,16.0,22.0,9.000006e+07,3.0853686e+08,2.185368e+08
0.17000017,0.99358976,16.0,62.0,2.7499997e+08,2.7573683e+08,736864.0
0.4130004,0.98717946,6.0,124.0,1.3200004e+08,1.459425e+08,1.3942456e+07
0.0,0.9992877,16.0,204.0,2.149999e+09,2.3135828e+09,1.6358374e+08
0.25000024,0.9907407,8.0,171.0,3.0999974e+08,3.0841565e+08,1.584096e+06
0.0016000016,0.9992877,16.0,55.0,4.149996e+08,3.998586e+08,1.5141024e+07
0.35000035,0.98504275,30.0,1.0,2.1000011e+08,1.7852656e+08,3.1473552e+07
0.03770004,0.99501425,16.0,257.0,3.58e+09,3.1670072e+09,4.1299277e+08
0.1950002,0.9928775,16.0,90.0,2.9000018e+09,2.3025905e+09,5.974113e+08
0.11100011,0.99358976,16.0,2.0,2.5299995e+08,2.2219176e+08,3.0808192e+07
0.11111111,0.98789173,16.0,1.0,2.3700013e+08,2.816922e+08,4.4692064e+07
0.049000047,0.997151,16.0,503.0,5.050003e+08,4.192289e+08,8.577139e+07
0.11000011,0.99501425,8.0,34.0,3.4999968e+08,3.4362966e+08,6.370016e+06
0.2000002,0.98575497,30.0,78.0,1.2000003e+08,9.035059e+07,2.964944e+07
0.44455543,0.9793447,16.0,279.0,9.499993e+07,8.261974e+07,1.2380184e+07
0.06800007,0.997151,16.0,289.0,1.02000026e+09,8.78055e+08,1.4194528e+08
0.0,0.9992877,16.0,191.0,8.750005e+08,8.5266157e+08,2.2338944e+07
0.014000014,0.9985755,16.0,173.0,6.499996e+08,6.5737946e+08,7.37984e+06
0.3000003,0.98504275,30.0,78.0,8.799994e+07,8.471124e+07,3.288696e+06
0.15000015,0.994302,26.0,537.0,5.400004e+08,5.381856e+08,1.814784e+06
0.5000005,0.98717946,10.0,566.0,1.2999993e+08,1.6565579e+08,3.5655864e+07
0.0019000019,0.9992877,16.0,21.0,7.149996e+08,6.590027e+08,5.599693e+07
0.0,0.9992877,16.0,51.0,8.649995e+08,7.002548e+08,1.647447e+08
0.17000017,0.98361826,23.0,106.0,1.2999993e+08,1.465682e+08,1.6568264e+07
0.014000014,0.9985755,16.0,51.0,6.2400026e+08,7.3599136e+08,1.119911e+08
0.2900003,0.988604,16.0,38.0,1.550001e+08,1.5305848e+08,1.941616e+06
0.15500015,0.9893162,16.0,91.0,2.0900005e+09,1.7243927e+09,3.656078e+08
0.2000002,0.98717946,25.0,167.0,1.1000009e+09,8.183685e+08,2.816324e+08
0.025000025,0.9985755,23.0,215.0,1.8399987e+09,1.7930198e+09,4.6978944e+07
0.018000018,0.9985755,0.0,106.0,6.499996e+08,4.116507e+08,2.3834893e+08
0.14000013,0.991453,16.0,5.0,3.2000006e+08,3.8825987e+08,6.825981e+07
0.3000003,0.9893162,16.0,1.0,2.949998e+08,2.8720755e+08,7.792256e+06
0.06700007,0.997151,8.0,278.0,5.749996e+08,5.4270566e+08,3.2293952e+07
0.045000046,0.997151,16.0,5.0,5.0000013e+08,5.3532106e+08,3.532093e+07
0.2050002,0.991453,16.0,64.0,3.4000022e+08,3.364117e+08,3.588512e+06
0.12000012,0.9900285,16.0,446.0,4.600001e+08,4.252383e+08,3.476179e+07
0.42000043,0.98789173,8.0,33.0,1.1000003e+08,1.31518776e+08,2.1518744e+07
0.0,0.9992877,23.0,136.0,1.0567009e+09,1.04791584e+09,8.785088e+06
0.009000009,0.9985755,16.0,16.0,3.840001e+08,3.8074224e+08,3.257856e+06
0.033000033,0.9985755,23.0,302.0,1.7499986e+09,1.4334025e+09,3.165961e+08
0.0,0.9992877,16.0,253.0,5.500002e+08,4.5438954e+08,9.561066e+07
0.34200034,0.98504275,23.0,124.0,1.1499992e+08,1.2629571e+08,1.1295792e+07
0.5000005,0.988604,23.0,82.0,1.469999e+08,1.4251307e+08,4.486832e+06
0.0,0.9992877,8.0,14.0,1.9660006e+09,1.9831821e+09,1.718144e+07
0.069000065,0.99786323,16.0,5.0,5.4500026e+08,5.506016e+08,5.601344e+06
0.3120003,0.97792023,23.0,76.0,1.4000001e+09,1.06555974e+09,3.344404e+08
0.1000001,0.9807692,23.0,440.0,5.0999987e+08,4.9280166e+08,1.7198208e+07
0.22000022,0.994302,16.0,11.0,3.0999974e+08,3.3151846e+08,2.151872e+07
0.14300014,0.994302,16.0,1.0,4.0999968e+08,4.0652515e+08,3.474528e+06
0.107000105,0.99572647,16.0,29.0,3.250003e+08,3.0297344e+08,2.2026848e+07
0.2000002,0.98646724,13.0,368.0,8.799994e+07,1.0521231e+08,1.7212376e+07
0.0,0.9985755,16.0,437.0,7.7999955e+08,8.806698e+08,1.0067027e+08
0.0011110011,0.988604,16.0,1.0,2.4499997e+08,2.9160688e+08,4.660691e+07
0.19700019,0.99216527,16.0,35.0,2.6500011e+08,1.8850877e+08,7.649134e+07
0.07100007,0.997151,16.0,62.0,3.4500026e+08,3.4154848e+08,3.451776e+06
0.03200003,0.9900285,26.0,116.0,2.1699998e+08,1.630042e+08,5.399579e+07
0.2850003,0.98789173,25.0,63.0,2.850002e+08,2.794073e+08,5.592896e+06
0.13600014,0.9900285,16.0,7.0,1.72e+08,1.5895814e+08,1.3041856e+07
0.037000038,0.9985755,16.0,27.0,5.6499994e+08,5.899459e+08,2.4945984e+07
0.26000026,0.9907407,16.0,138.0,2.0000014e+08,1.9022005e+08,9.780096e+06
0.0,0.9992877,23.0,92.0,3.9739994e+09,3.7265324e+09,2.47467e+08
0.03200003,0.9893162,26.0,15.0,1.2499992e+08,1.3991238e+08,1.4912464e+07
0.15300015,0.994302,16.0,179.0,4.7499965e+08,4.9145658e+08,1.6456928e+07
0.017400017,0.99786323,16.0,42.0,5.620002e+08,5.0955552e+08,5.244467e+07
0.0,0.9992877,16.0,306.0,8.0500045e+08,7.9269696e+08,1.2303488e+07
0.4000004,0.98575497,25.0,1.0,2.4499997e+08,2.1495798e+08,3.0041984e+07
0.15000015,0.99572647,16.0,36.0,3.0999974e+08,2.8839875e+08,2.1600992e+07
0.2000002,0.99358976,16.0,2.0,1.9500008e+08,2.1067531e+08,1.5675232e+07
0.46000046,0.9900285,16.0,66.0,1.550001e+08,1.7206859e+08,1.7068496e+07
0.0011110011,0.99358976,10.0,462.0,2.2999995e+08,2.4796125e+08,1.7961296e+07
0.0,0.9992877,16.0,404.0,1.9500018e+09,1.8990584e+09,5.094336e+07
0.112000115,0.99216527,15.0,354.0,1.750001e+08,1.8531067e+08,1.0310576e+07
0.25000024,0.97792023,0.0,106.0,4.5000035e+08,1.4231098e+08,3.0768938e+08
0.13000013,0.982906,16.0,1.0,1.550001e+08,1.9438587e+08,3.9385776e+07
0.03000003,0.99786323,16.0,16.0,3.750003e+08,3.588215e+08,1.6178784e+07
0.0009000009,0.9992877,23.0,191.0,9.1000064e+08,8.9723136e+08,1.276928e+07
0.12000012,0.9900285,25.0,126.0,5.7999954e+09,4.980834e+09,8.191616e+08
0.4000004,0.98646724,25.0,56.0,1.9500008e+08,1.5813862e+08,3.6861456e+07
0.15600015,0.9900285,16.0,334.0,1.8599986e+09,8.0396774e+08,1.05603085e+09
0.14500014,0.99216527,16.0,126.0,5.3999964e+09,5.2680786e+09,1.3191782e+08
0.004000004,0.9985755,16.0,143.0,4.0999968e+08,3.5735648e+08,5.26432e+07
0.23000023,0.9900285,26.0,35.0,1.7000003e+08,1.6610317e+08,3.896864e+06
0.0017000017,0.9992877,23.0,121.0,9.3000064e+08,9.1810925e+08,1.1891392e+07
0.3140003,0.9843305,16.0,15.0,1.27000104e+08,1.1794845e+08,9.051656e+06
0.027000027,0.99786323,16.0,16.0,3.570002e+08,3.597782e+08,2.778016e+06
0.42800042,0.98646724,6.0,15.0,1.4499995e+08,1.2930257e+08,1.5697384e+07
0.035000034,0.9985755,16.0,37.0,6.1000006e+08,5.9536275e+08,1.4637312e+07
0.24000023,0.99643874,25.0,112.0,1.8499989e+08,2.2240291e+08,3.7403024e+07
0.0,0.9992877,16.0,49.0,6.1000006e+08,3.5522602e+08,2.5477405e+08
0.24000023,0.988604,16.0,106.0,1.6399995e+08,2.1433691e+08,5.033696e+07
0.2000002,0.99501425,8.0,551.0,3.8800003e+08,3.54197e+08,3.380304e+07
0.0,0.9992877,23.0,136.0,1.0567009e+09,1.04791584e+09,8.785088e+06
0.5000005,0.98575497,16.0,7.0,1.2000003e+08,1.2460834e+08,4.608304e+06
0.0,0.9985755,16.0,98.0,4.7270038e+08,3.583291e+08,1.143713e+08
0.2900003,0.9907407,16.0,5.0,3.4500026e+08,3.355658e+08,9.434464e+06
0.15000015,0.99643874,16.0,63.0,5.400004e+08,4.847471e+08,5.525328e+07
0.45555645,0.98361826,0.0,77.0,2.9000003e+08,2.5975858e+08,3.0241456e+07
0.011111011,0.9900285,16.0,35.0,1.5899998e+08,1.4179429e+08,1.7205696e+07
0.055000056,0.994302,16.0,8.0,1.119999e+09,9.918232e+08,1.2817574e+08
0.03200003,0.99786323,23.0,40.0,1.4200005e+09,1.4104046e+09,9.595904e+06
0.42600042,0.98575497,6.0,564.0,1.00000024e+08,1.4427963e+08,4.427961e+07
0.32000032,0.98789173,16.0,74.0,1.4499995e+08,1.6024214e+08,1.5242192e+07
0.1000001,0.9900285,25.0,34.0,2.1000011e+08,2.4915974e+08,3.915963e+07
0.5000005,0.988604,23.0,53.0,2.4999995e+08,1.9799646e+08,5.200349e+07
0.08000008,0.99643874,16.0,1.0,4.7799974e+08,4.61686e+08,1.6313728e+07
0.25000024,0.9907407,8.0,171.0,3.0999974e+08,3.0841565e+08,1.584096e+06
0.25400025,0.9907407,16.0,20.0,1.8999994e+08,1.7148376e+08,1.8516176e+07
0.06325606,0.99786323,16.0,37.0,6.4000045e+08,5.62428e+08,7.757242e+07
0.25000024,0.9900285,16.0,11.0,2.979999e+08,2.4669368e+08,5.1306224e+07
0.0,0.9985755,16.0,51.0,7.3900026e+08,7.310861e+08,7.914176e+06
0.20800021,0.991453,8.0,99.0,3.5999994e+08,3.4284013e+08,1.7159808e+07
0.22000022,0.98717946,0.0,135.0,7.3000064e+08,6.3625414e+08,9.37465e+07
0.14600015,0.9907407,23.0,76.0,9.400004e+09,5.165702e+09,4.2343014e+09
0.08000008,0.98789173,16.0,54.0,2.0999982e+09,1.83575e+09,2.642482e+08
0.2000002,0.9900285,16.0,74.0,2.4000018e+08,1.9041062e+08,4.958955e+07
0.0,0.9992877,16.0,108.0,7.750005e+08,7.416252e+08,3.3375296e+07
0.33255234,0.9907407,0.0,454.0,3.9000035e+08,4.0800106e+08,1.8000704e+07
0.023700023,0.9985755,23.0,233.0,7.999998e+08,7.340203e+08,6.597952e+07
0.09200009,0.9928775,23.0,46.0,2.1999987e+09,1.3263533e+09,8.7364544e+08
0.26000026,0.9900285,16.0,57.0,3.1199997e+08,2.855383e+08,2.6461664e+07
0.077000074,0.99572647,16.0,106.0,5.8499994e+08,3.8095363e+08,2.040463e+08
0.3210003,0.99216527,25.0,53.0,2.5999997e+08,2.6303016e+08,3.030192e+06
0.0990001,0.99572647,16.0,139.0,1.2749992e+09,1.1700741e+09,1.0492506e+08
0.0,0.9992877,23.0,134.0,1.8700014e+09,9.03777e+08,9.662244e+08
0.095000096,0.99501425,26.0,45.0,2.2799994e+08,2.5394802e+08,2.594808e+07
0.25000024,0.9843305,16.0,124.0,1.1499992e+08,1.3225785e+08,1.7257928e+07
0.02000002,0.997151,16.0,1.0,5.2500006e+08,4.9858022e+08,2.641984e+07
0.041000042,0.99786323,23.0,538.0,1.1000009e+09,1.112789e+09,1.2788096e+07
0.0022220023,0.9900285,25.0,35.0,1.4499995e+08,1.3563256e+08,9.367392e+06
0.2900003,0.988604,16.0,5.0,3.0999974e+08,3.0226925e+08,7.730496e+06
0.08000008,0.99501425,23.0,113.0,1.2000009e+09,1.0646821e+09,1.3531878e+08
0.0990001,0.99572647,16.0,139.0,1.2749992e+09,1.1700741e+09,1.0492506e+08
0.0,0.9992877,16.0,328.0,7.999998e+08,7.058493e+08,9.415053e+07
0.17500018,0.9907407,8.0,53.0,2.850002e+08,2.6877974e+08,1.6220448e+07
0.15000015,0.99572647,16.0,58.0,2.5999997e+08,2.427505e+08,1.7249472e+07
0.11111111,0.97863245,16.0,87.0,6.1999948e+07,9.0306664e+07,2.8306716e+07
0.16000016,0.994302,16.0,499.0,4.0999968e+08,3.5235542e+08,5.7644256e+07
0.12700012,0.99358976,16.0,58.0,2.350002e+08,2.2242624e+08,1.2573952e+07
0.12000012,0.98646724,26.0,15.0,1.2000003e+08,1.30745176e+08,1.0745144e+07
0.3990004,0.99358976,16.0,18.0,5.0000013e+08,4.8647638e+08,1.3523744e+07
0.19600019,0.98789173,16.0,90.0,1.6499997e+09,1.4752749e+09,1.7472486e+08
0.06100006,0.99643874,23.0,5.0,5.0000013e+08,5.0363056e+08,3.630432e+06
0.1000001,0.9992877,25.0,392.0,1.3999994e+08,3.432949e+08,2.0329498e+08
0.14400014,0.99501425,16.0,414.0,6.199998e+08,5.065496e+08,1.1345021e+08
0.2000002,0.9893162,8.0,1.0,3.0499987e+08,2.9361386e+08,1.1386016e+07
0.044000044,0.997151,16.0,10.0,3.549998e+08,3.2807514e+08,2.6924672e+07
0.1000001,0.9928775,16.0,46.0,9.599998e+08,1.345158e+09,3.851582e+08
0.19600019,0.99216527,16.0,11.0,2.7000006e+08,3.1085178e+08,4.085171e+07
0.0990001,0.99572647,16.0,139.0,1.2749992e+09,1.1700741e+09,1.0492506e+08
0.3000003,0.9900285,6.0,112.0,1.750001e+08,1.553609e+08,1.96392e+07
0.2000002,0.99216527,16.0,64.0,3.8000006e+08,3.487263e+08,3.127376e+07
0.15600015,0.994302,16.0,32.0,3.999997e+08,3.8131347e+08,1.868624e+07
0.3000003,0.99216527,8.0,199.0,4.699997e+08,3.4063376e+08,1.2936595e+08
0.0,0.9985755,16.0,101.0,7.200002e+08,7.0363674e+08,1.6363456e+07
0.17000017,0.9900285,10.0,271.0,1.8700014e+09,2.280379e+09,4.1037747e+08
0.12300012,0.994302,16.0,123.0,2.9999994e+08,2.7808877e+08,2.1911168e+07
0.2000002,0.9821937,16.0,145.0,7.9999944e+07,9.261359e+07,1.2613648e+07
0.057000056,0.997151,16.0,5.0,5.400004e+08,5.3471082e+08,5.289568e+06
0.09000009,0.99572647,16.0,99.0,4.600001e+08,4.8414374e+08,2.4143648e+07
0.18045019,0.99786323,0.0,106.0,4.650001e+08,3.9511645e+08,6.988365e+07
0.3900004,0.9893162,16.0,82.0,1.6499989e+08,1.3945971e+08,2.5540176e+07
0.07900008,0.99501425,16.0,106.0,3.2999994e+08,3.7138787e+08,4.1387936e+07
0.1000041,0.98789173,16.0,66.0,1.2000003e+08,1.5161066e+08,3.1610624e+07
0.07900008,0.99572647,16.0,63.0,5.600003e+08,5.0868157e+08,5.131875e+07
0.0,0.9992877,16.0,142.0,1.6139987e+09,1.805491e+09,1.9149222e+08
0.15800016,0.99216527,25.0,34.0,2.9300016e+08,2.7114525e+08,2.1854912e+07
0.22500022,0.99216527,16.0,58.0,2.350002e+08,1.9390632e+08,4.109387e+07
0.08000008,0.997151,16.0,1.0,5.1499984e+08,4.7577037e+08,3.922947e+07
0.025000025,0.99786323,23.0,108.0,6.450004e+08,6.9416557e+08,4.9165184e+07
0.16000016,0.994302,16.0,11.0,3.4000022e+08,3.5850205e+08,1.8501824e+07
0.19000019,0.9907407,16.0,495.0,4.8499958e+08,4.9267478e+08,7.6752e+06
0.12000012,0.99643874,16.0,1.0,4.299998e+08,4.514498e+08,2.1449984e+07
0.011111011,0.988604,16.0,1.0,2.979999e+08,2.9008634e+08,7.913568e+06
0.27500027,0.97720796,26.0,106.0,2.7000006e+08,1.20944664e+08,1.490554e+08
0.0,0.9992877,16.0,205.0,4.3499965e+08,4.32738e+08,2.261664e+06
0.13500014,0.99643874,16.0,9.0,2.4999995e+08,2.670658e+08,1.706584e+07
0.1000001,0.988604,25.0,34.0,2.1000011e+08,2.263728e+08,1.6372688e+07
0.03800004,0.99786323,23.0,118.0,6.350006e+08,5.976906e+08,3.730995e+07
0.3000003,0.98646724,0.0,304.0,3.0999974e+08,2.9134003e+08,1.8659712e+07
0.012345012,0.9793447,16.0,12.0,1.00000024e+08,8.257232e+07,1.7427704e+07
0.0,0.9992877,16.0,142.0,2.0700015e+09,1.805491e+09,2.645106e+08
0.28000027,0.9893162,25.0,1.0,2.850002e+08,2.773546e+08,7.6456e+06
0.0990001,0.99572647,16.0,139.0,1.2749992e+09,1.1700741e+09,1.0492506e+08
0.24000023,0.9928775,16.0,1.0,3.5999994e+08,3.575924e+08,2.407552e+06
0.28000027,0.97720796,0.0,565.0,8.999994e+08,1.9679243e+08,7.03207e+08
0.12345512,0.98717946,0.0,77.0,3.9499965e+08,3.611333e+08,3.3866336e+07
0.28000027,0.9893162,25.0,34.0,1.9900016e+08,2.0900632e+08,1.000616e+07
0.011111011,0.988604,25.0,34.0,1.7000003e+08,2.1782853e+08,4.7828496e+07
0.115000114,0.994302,16.0,189.0,1.9000004e+09,1.7406476e+09,1.5935283e+08
0.1000001,0.99643874,16.0,58.0,2.9999994e+08,2.6420069e+08,3.579925e+07
0.18000019,0.98717946,26.0,1.0,2.949998e+08,2.6273834e+08,3.2261472e+07
0.0,0.9985755,16.0,27.0,6.169999e+08,5.864523e+08,3.0547584e+07
0.008000008,0.9985755,23.0,141.0,8.649995e+08,8.9217664e+08,2.7177152e+07
0.45900047,0.98504275,8.0,474.0,2.2999995e+08,2.1406195e+08,1.5938e+07
0.05000005,0.99501425,23.0,13.0,1.1000009e+09,9.4991277e+08,1.5008813e+08
0.0,0.9985755,16.0,54.0,2.8000015e+09,2.8740278e+09,7.402624e+07
0.24300024,0.98789173,1.0,66.0,1.5999997e+08,1.4690517e+08,1.30948e+07
0.0,0.9992877,23.0,92.0,3.9739994e+09,3.7265324e+09,2.47467e+08
0.0,0.9992877,23.0,175.0,1.9769997e+09,2.1950275e+09,2.1802778e+08
0.005000005,0.9992877,16.0,0.0,4.0999968e+08,3.973012e+08,1.2698496e+07
0.02100002,0.997151,23.0,113.0,1.390001e+09,1.14792e+09,2.4208102e+08
0.12700012,0.994302,16.0,46.0,1.5199988e+09,1.3629548e+09,1.570441e+08
0.3000003,0.98717946,0.0,187.0,2.9999994e+08,3.2125437e+08,2.1254432e+07
0.06000006,0.99786323,0.0,310.0,6.199998e+08,4.488226e+08,1.7117722e+08
0.43876845,0.98789173,16.0,5.0,2.850002e+08,2.7683293e+08,8.167264e+06
0.18000019,0.9900285,16.0,390.0,4.479998e+08,4.2528048e+08,2.2719328e+07
0.19700019,0.9928775,16.0,1.0,3.9000035e+08,3.7062506e+08,1.9375296e+07
0.14900015,0.988604,26.0,18.0,3.5999994e+08,3.921299e+08,3.2129952e+07
0.08500008,0.997151,16.0,5.0,5.800004e+08,5.2950032e+08,5.0500064e+07
1.5000015e-05,0.9992877,16.0,0.0,4.199996e+08,3.978047e+08,2.2194912e+07
0.0,0.9992877,23.0,496.0,1.4049006e+09,1.8177298e+09,4.128292e+08
0.24500024,0.97507125,0.0,150.0,2.9999994e+08,2.3230222e+08,6.769771e+07
0.011111011,0.988604,16.0,1.0,2.979999e+08,2.9008634e+08,7.913568e+06
0.0,0.9992877,16.0,23.0,1.8800006e+09,1.7481403e+09,1.3186035e+08
0.4000004,0.9893162,16.0,66.0,1.8999994e+08,1.5970056e+08,3.0299376e+07
0.17000017,0.99358976,21.0,13.0,8.999994e+08,8.242791e+08,7.572032e+07
0.15600015,0.99358976,16.0,130.0,3.549998e+08,3.0457955e+08,5.0420256e+07
0.15000015,0.98789173,13.0,237.0,1.4000001e+09,1.3575142e+09,4.248589e+07
0.058000058,0.99643874,16.0,29.0,3.4000022e+08,3.2446205e+08,1.5538176e+07
0.12800013,0.9893162,25.0,138.0,2.1000011e+08,1.9815515e+08,1.184496e+07
0.052000053,0.99572647,25.0,80.0,1.9999987e+09,1.0592536e+09,9.407451e+08
0.025000025,0.99501425,16.0,157.0,4.7999965e+08,4.388724e+08,4.1127264e+07
0.3000003,0.9843305,23.0,56.0,1.499999e+08,1.440492e+08,5.950704e+06
0.0990001,0.99572647,16.0,139.0,1.2749992e+09,1.1700741e+09,1.0492506e+08
0.14000013,0.99358976,16.0,396.0,1.1499997e+09,9.8936704e+08,1.606327e+08
0.33000034,0.98717946,25.0,63.0,2.7499997e+08,2.6460262e+08,1.0397344e+07
0.028000029,0.99786323,16.0,1.0,5.1499984e+08,5.0905622e+08,5.943616e+06
0.045000046,0.997151,16.0,10.0,3.4500026e+08,3.279356e+08,1.706464e+07
0.33500034,0.988604,26.0,1.0,2.850002e+08,2.7155568e+08,1.3444512e+07
0.022222022,0.98504275,15.0,78.0,1.00000024e+08,9.594978e+07,4.050248e+06
0.24000023,0.98575497,25.0,1.0,2.350002e+08,2.3037754e+08,4.622656e+06
0.42300043,0.98575497,25.0,5.0,1.6499989e+08,2.321999e+08,6.720002e+07
0.4000004,0.98646724,0.0,97.0,1.2000003e+08,1.4563134e+08,2.5631312e+07
0.16100016,0.99501425,16.0,58.0,2.5399986e+08,2.3123597e+08,2.2763888e+07
0.14700015,0.99572647,16.0,143.0,3.4000022e+08,3.1213984e+08,2.7860384e+07
0.2000002,0.9928775,8.0,246.0,9.4999974e+08,7.987496e+08,1.5125018e+08
0.0,0.9985755,8.0,191.0,8.799998e+08,8.851256e+08,5.125824e+06
0.036000036,0.99501425,16.0,28.0,6.9999974e+08,6.088702e+08,9.112954e+07
0.034000035,0.9985755,16.0,27.0,6.350006e+08,5.9204934e+08,4.295123e+07
0.11000011,0.99501425,16.0,1.0,3.8499968e+08,4.2707283e+08,4.207315e+07
0.45000044,0.98504275,1.0,34.0,1.5999997e+08,1.1883635e+08,4.1163616e+07
0.0,0.9992877,16.0,203.0,8.0500045e+08,7.965922e+08,8.408256e+06
0.3000003,0.994302,16.0,5.0,4.199996e+08,3.921194e+08,2.7880224e+07
0.1940002,0.9928775,16.0,1.0,3.2000006e+08,3.705162e+08,5.051613e+07
0.095000096,0.994302,23.0,272.0,3.8899983e+09,4.3434573e+09,4.5345894e+08
0.3000003,0.988604,16.0,74.0,1.5699989e+08,1.6832613e+08,1.132624e+07
0.10800011,0.99572647,16.0,45.0,3.1800013e+08,2.6302563e+08,5.4974496e+07
0.069000065,0.997151,16.0,5.0,5.200002e+08,5.331781e+08,1.317792e+07
0.03000003,0.99786323,16.0,16.0,3.750003e+08,3.588215e+08,1.6178784e+07
0.0,0.9992877,16.0,136.0,1.0567009e+09,1.0365689e+09,2.0132032e+07
0.11000011,0.9928775,9.0,106.0,1.1111109e+08,3.317778e+08,2.206667e+08
0.12000012,0.98361826,16.0,15.0,7.5000056e+07,1.079766e+08,3.2976544e+07
0.28000027,0.98504275,6.0,67.0,7.9999944e+07,9.762709e+07,1.7627144e+07
0.26000026,0.98789173,22.0,82.0,1.6499989e+08,1.3705296e+08,2.7946928e+07
0.26000026,0.98789173,16.0,1.0,2.9999994e+08,2.6792856e+08,3.2071376e+07
0.2000002,0.98789173,25.0,96.0,7.449994e+08,5.81029e+08,1.6397043e+08
0.23000023,0.988604,8.0,1.0,2.87e+08,2.7727843e+08,9.721568e+06
0.03020003,0.997151,16.0,289.0,1.0799992e+09,8.835924e+08,1.9640685e+08
0.16900016,0.991453,16.0,10.0,2.6899978e+08,2.3327728e+08,3.5722496e+07
0.0,0.9992877,25.0,55.0,4.199996e+08,4.1665168e+08,3.347936e+06
0.2990003,0.98717946,16.0,82.0,1.6699995e+08,1.34193096e+08,3.2806856e+07
0.2000002,0.9900285,16.0,69.0,1.6199997e+08,1.7918086e+08,1.7180896e+07
0.26000026,0.994302,9.0,53.0,3.6500016e+08,3.2039584e+08,4.460432e+07
0.14000013,0.99358976,23.0,43.0,5.5500045e+08,5.615555e+08,6.555072e+06
0.12000012,0.997151,16.0,10.0,2.9000003e+08,3.144374e+08,2.4437376e+07
0.33333334,0.9893162,25.0,53.0,2.6500011e+08,2.1362106e+08,5.1379056e+07
0.14000013,0.99501425,16.0,1.0,4.950004e+08,4.2008534e+08,7.491504e+07
0.11111111,0.9807692,16.0,106.0,7.9999944e+07,1.1946564e+08,3.9465696e+07
0.13300014,0.99501425,16.0,99.0,4.149996e+08,4.532997e+08,3.8300096e+07
0.0,0.9992877,23.0,85.0,8.1499923e+08,8.553346e+08,4.033536e+07
0.15000015,0.9928775,23.0,154.0,2.579999e+09,2.789495e+09,2.0949606e+08
0.2000002,0.9907407,16.0,38.0,1.8499989e+08,1.8157538e+08,3.424512e+06
0.13600014,0.99358976,16.0,252.0,1.4200005e+09,1.2414911e+09,1.7850944e+08
0.15000015,0.9928775,8.0,53.0,3.549998e+08,3.019984e+08,5.300141e+07
0.115000114,0.99501425,23.0,84.0,3.8800023e+09,3.3871427e+09,4.9285965e+08
0.025000025,0.99786323,16.0,110.0,3.8499968e+08,3.7419862e+08,1.0801056e+07
0.0,0.9992877,16.0,195.0,2.808999e+09,2.596022e+09,2.129769e+08
0.22000022,0.994302,16.0,1.0,3.6999997e+08,3.90234e+08,2.0234016e+07
0.023000022,0.99786323,23.0,71.0,8.6999974e+08,8.373922e+08,3.2607552e+07
0.0,0.9992877,23.0,190.0,3.0999974e+08,2.8553123e+08,2.4468512e+07
0.2000002,0.98575497,30.0,78.0,1.2000003e+08,9.035059e+07,2.964944e+07
0.17000017,0.98789173,16.0,166.0,7.200002e+08,6.7576634e+08,4.4233856e+07
0.21730222,0.99216527,16.0,7.0,1.8499989e+08,1.768692e+08,8.130688e+06
0.2000002,0.98646724,23.0,15.0,1.00000024e+08,1.2575631e+08,2.5756288e+07
0.0,0.9992877,16.0,51.0,7.9499994e+08,7.002548e+08,9.474515e+07
0.25000024,0.98575497,25.0,106.0,1.1111109e+08,1.6835824e+08,5.724715e+07
0.14700015,0.994302,16.0,89.0,4.699997e+08,3.5561853e+08,1.1438118e+08
0.016000016,0.9985755,16.0,0.0,3.999997e+08,3.8467158e+08,1.5328128e+07
0.3000003,0.9893162,16.0,238.0,1.3499997e+08,1.3574048e+08,740512.0
0.02000002,0.9985755,16.0,106.0,6.199998e+08,4.099598e+08,2.1004e+08
0.26400027,0.99501425,0.0,106.0,5.800004e+08,3.7431498e+08,2.056854e+08
0.0038000038,0.9985755,16.0,51.0,8.299996e+08,7.350038e+08,9.499584e+07
0.004301004,0.9985755,23.0,464.0,1.474999e+09,1.8385884e+09,3.6358938e+08
0.0,0.9992877,16.0,110.0,4.2199987e+08,3.957583e+08,2.6241568e+07
0.107000105,0.99358976,16.0,366.0,5.2500006e+08,4.61797e+08,6.320307e+07
0.09212309,0.99572647,16.0,99.0,5.4500026e+08,4.832479e+08,6.175235e+07
0.3000003,0.99358976,16.0,5.0,4.650001e+08,3.792832e+08,8.57169e+07
0.24000023,0.9900285,16.0,10.0,2.2949995e+08,2.1635322e+08,1.3146736e+07
0.2000002,0.994302,16.0,5.0,4.550001e+08,4.188021e+08,3.6197984e+07
0.16600017,0.994302,16.0,1.0,3.8000006e+08,3.9988758e+08,1.988752e+07
0.23200023,0.9928775,23.0,104.0,2.1999987e+09,1.8333777e+09,3.6662106e+08
0.3000003,0.988604,23.0,15.0,1.5699989e+08,1.4276256e+08,1.4237328e+07
0.0,0.9992877,16.0,9.0,3.2000006e+08,3.2507715e+08,5.077088e+06
0.026000027,0.99786323,16.0,143.0,3.6700016e+08,3.53398e+08,1.3602144e+07
0.2000002,0.97792023,15.0,34.0,5.9999988e+07,6.001967e+07,19684.0
0.0,0.9985755,16.0,214.0,3.32e+08,3.0952944e+08,2.247056e+07
0.0,0.9992877,16.0,410.0,2.890002e+09,2.3364923e+09,5.535096e+08
0.28000027,0.988604,15.0,128.0,2.9999994e+08,2.57352e+08,4.2647936e+07
0.065000065,0.997151,16.0,219.0,5.400004e+08,4.6680314e+08,7.319725e+07
0.3000003,0.98646724,25.0,5.0,2.5999997e+08,2.555695e+08,4.430464e+06
0.02970003,0.99786323,16.0,0.0,3.719997e+08,3.7204938e+08,49664.0
0.011111011,0.9893162,16.0,1.0,2.470002e+08,3.0764365e+08,6.0643456e+07
0.06000006,0.99572647,16.0,2.0,3.0499987e+08,2.6283507e+08,4.21648e+07
0.21000022,0.994302,16.0,58.0,2.0400005e+08,2.1296037e+08,8.96032e+06
0.028000029,0.9928775,8.0,5.0,3.0999974e+08,4.274045e+08,1.1740477e+08
0.47000048,0.98504275,25.0,56.0,1.4199998e+08,1.5166214e+08,9.66216e+06
0.23000023,0.98717946,25.0,106.0,1.5999997e+08,1.8446995e+08,2.4469984e+07
0.3070003,0.98646724,25.0,106.0,2.4000018e+08,1.7049946e+08,6.950072e+07
0.01000001,0.9843305,10.0,56.0,1.3499997e+08,1.1824172e+08,1.6758248e+07
0.15200016,0.99501425,16.0,5.0,4.299998e+08,4.5377203e+08,2.3772224e+07
0.045000046,0.997151,16.0,5.0,5.0000013e+08,5.3532106e+08,3.532093e+07
0.12800013,0.994302,16.0,11.0,3.8199994e+08,3.6925334e+08,1.2746592e+07
0.025000025,0.9985755,16.0,215.0,1.7699988e+09,1.8471932e+09,7.719437e+07
0.11700012,0.9928775,23.0,169.0,3.6999997e+08,3.8373578e+08,1.3735808e+07
0.25000024,0.98717946,0.0,304.0,3.3499984e+08,3.1275427e+08,2.2245568e+07
0.19175519,0.9928775,26.0,58.0,2.0000014e+08,1.9964379e+08,356352.0
0.22222222,0.9843305,16.0,12.0,1.550001e+08,1.1147216e+08,4.3527936e+07
0.24000023,0.994302,16.0,57.0,4.0499974e+08,3.565123e+08,4.8487456e+07
0.18000019,0.9928775,16.0,98.0,1.1111109e+08,1.6827091e+08,5.7159824e+07
0.08000008,0.99572647,16.0,58.0,2.9000003e+08,2.5866248e+08,3.1337552e+07
0.4000004,0.98717946,26.0,33.0,1.2000003e+08,1.20155544e+08,155512.0
0.13000013,0.99358976,16.0,113.0,9.8999936e+08,8.859668e+08,1.0403258e+08
0.2990003,0.98789173,8.0,114.0,1.4499995e+08,1.3592392e+08,9.076032e+06
0.12800013,0.99572647,16.0,16.0,3.3499984e+08,3.118203e+08,2.3179552e+07
0.08800009,0.98575497,16.0,308.0,9.300002e+07,1.2822367e+08,3.5223656e+07
0.01000001,0.99643874,16.0,106.0,1.2000003e+08,3.9360307e+08,2.7360304e+08
0.25000024,0.98789173,16.0,188.0,2.2000018e+08,2.6277442e+08,4.277424e+07
0.4000004,0.991453,25.0,275.0,6.0000046e+09,4.27025e+09,1.7297546e+09
0.3000003,0.98717946,23.0,494.0,1.2999999e+09,1.0601207e+09,2.3987917e+08
0.082000084,0.994302,16.0,217.0,1.7000013e+09,1.5516524e+09,1.4834893e+08
0.37000036,0.9907407,16.0,128.0,3.789997e+08,2.6092003e+08,1.1807968e+08
0.0019000019,0.9992877,16.0,21.0,7.149996e+08,6.590027e+08,5.599693e+07
0.039000038,0.99786323,16.0,155.0,3.8199994e+08,3.5264992e+08,2.9350016e+07
0.055000056,0.997151,16.0,192.0,7.1200026e+08,6.5382816e+08,5.8172096e+07
0.33000034,0.988604,8.0,5.0,3.169997e+08,2.972245e+08,1.97752e+07
0.07000007,0.988604,26.0,15.0,1.4499995e+08,1.396804e+08,5.319552e+06
0.3000003,0.9900285,15.0,11.0,2.7499997e+08,2.2051144e+08,5.448853e+07
0.27000028,0.99358976,16.0,5.0,3.6999997e+08,3.8659795e+08,1.6597984e+07
0.0,0.99358976,16.0,193.0,2.4999995e+08,2.4537502e+08,4.624928e+06
0.06600007,0.99572647,0.0,80.0,1.8499999e+09,1.126946e+09,7.230538e+08
0.15000015,0.99501425,16.0,5.0,6.499996e+08,4.5481702e+08,1.951826e+08
0.17000017,0.99501425,16.0,160.0,5.8999994e+08,5.661185e+08,2.3881408e+07
0.0,0.9992877,16.0,49.0,5.500002e+08,3.5522602e+08,1.9477418e+08
0.0004000004,0.9992877,16.0,105.0,4.299998e+08,4.1119242e+08,1.8807392e+07
0.12800013,0.99572647,16.0,16.0,3.3499984e+08,3.118203e+08,2.3179552e+07
0.17000017,0.99501425,16.0,58.0,2.7599994e+08,2.2936648e+08,4.6633456e+07
0.4000004,0.98789173,25.0,7.0,1.4800005e+08,1.348448e+08,1.3155248e+07
0.065000065,0.997151,16.0,16.0,3.4500026e+08,3.4148723e+08,3.513024e+06
0.15000015,0.99358976,16.0,202.0,3.2000006e+08,2.7898662e+08,4.101344e+07
0.14800015,0.99501425,16.0,10.0,2.6500011e+08,2.8139792e+08,1.6397808e+07
0.03800004,0.99786323,16.0,432.0,3.1499987e+08,3.147008e+08,299072.0
0.0,0.99358976,16.0,193.0,2.4999995e+08,2.4537502e+08,4.624928e+06
0.0,0.9992877,16.0,134.0,1.7799997e+09,8.4355437e+08,9.364454e+08
0.13200013,0.99572647,16.0,106.0,3.2999994e+08,3.811077e+08,5.1107776e+07
0.2900003,0.9893162,23.0,53.0,2.4999995e+08,2.1531046e+08,3.468949e+07
0.0,0.9992877,16.0,49.0,2.7999986e+07,3.5522602e+08,3.2722602e+08
0.009000009,0.9985755,16.0,86.0,7.3000064e+08,7.3519725e+08,5.196608e+06
0.22600022,0.99216527,16.0,11.0,3.2999994e+08,2.877674e+08,4.2232544e+07
0.28000027,0.99216527,16.0,183.0,4.0999968e+08,3.7509686e+08,3.4902816e+07
0.05000005,0.99572647,8.0,10.0,3.0499987e+08,3.171745e+08,1.2174624e+07
0.5000005,0.9843305,6.0,342.0,1.8999994e+08,2.1900374e+08,2.9003808e+07
0.2850003,0.9900285,16.0,5.0,3.2000006e+08,3.256102e+08,5.610144e+06
0.008400008,0.99786323,16.0,1.0,5.500002e+08,5.1686166e+08,3.3138528e+07
0.4000004,0.98646724,25.0,1.0,2.4400013e+08,2.2461802e+08,1.9382112e+07
0.0,0.9992877,16.0,178.0,9.8999936e+08,7.9589357e+08,1.941058e+08
0.11111111,0.9729345,28.0,335.0,7.9999944e+07,7.924789e+07,752056.0
0.044000044,0.99572647,0.0,106.0,5.200002e+08,3.7343075e+08,1.4656944e+08
0.35000035,0.9900285,16.0,1.0,2.9000003e+08,3.073035e+08,1.7303456e+07
0.058000058,0.99786323,23.0,29.0,3.6500016e+08,3.5047264e+08,1.452752e+07
0.1940002,0.991453,8.0,63.0,4.3499965e+08,3.6658602e+08,6.841363e+07
0.3000003,0.98575497,25.0,197.0,1.0000008e+09,1.0199555e+09,1.9954752e+07
0.36000037,0.988604,16.0,63.0,2.9999994e+08,3.0748173e+08,7.481792e+06
0.03000003,0.99786323,16.0,22.0,5.3000048e+08,4.913038e+08,3.869667e+07
0.38000038,0.988604,16.0,106.0,2.8e+08,1.8226658e+08,9.773342e+07
0.08100008,0.99501425,16.0,106.0,3.4000022e+08,3.7144173e+08,3.1441504e+07
0.09000009,0.99572647,16.0,29.0,3.169997e+08,3.073891e+08,9.610624e+06
0.011111011,0.9893162,16.0,1.0,2.470002e+08,3.0764365e+08,6.0643456e+07
0.16000016,0.9928775,23.0,185.0,5.200002e+08,4.6322874e+08,5.6771456e+07
0.3000003,0.98575497,25.0,11.0,2.4900013e+08,2.092241e+08,3.977603e+07
0.0,0.9992877,25.0,175.0,1.9760006e+09,2.2520584e+09,2.7605773e+08
0.116000116,0.994302,16.0,1.0,4.0499974e+08,4.1272778e+08,7.728032e+06
0.27500027,0.98789173,8.0,295.0,2.5299995e+08,2.4151648e+08,1.1483472e+07
0.107000105,0.9907407,16.0,74.0,1.8299984e+08,2.0569613e+08,2.2696288e+07
0.26200026,0.98789173,25.0,4.0,2.139999e+08,2.1840306e+08,4.403152e+06
0.43000042,0.98717946,16.0,7.0,1.3499997e+08,1.2796127e+08,7.038696e+06
0.4000004,0.98504275,23.0,1.0,1.1111109e+08,2.017661e+08,9.065501e+07
0.26000026,0.9900285,26.0,11.0,2.4999995e+08,2.4452706e+08,5.472896e+06
0.0,0.9992877,16.0,306.0,7.999998e+08,7.9269696e+08,7.302848e+06
0.0,0.9992877,16.0,0.0,4.199996e+08,3.9780394e+08,2.219568e+07
0.013000013,0.9985755,23.0,195.0,2.700002e+09,2.5833917e+09,1.166103e+08
0.0,0.9985755,16.0,27.0,6.169999e+08,5.864523e+08,3.0547584e+07
0.02000002,0.99786323,16.0,178.0,8.299996e+08,8.230396e+08,6.96e+06
0.0003000003,0.997151,16.0,28.0,6.9999974e+08,6.8598803e+08,1.4011712e+07
0.09100009,0.9928775,16.0,163.0,1.5499988e+09,2.214181e+09,6.641823e+08
0.0,0.9992877,23.0,578.0,1.3500004e+09,1.239603e+09,1.1039744e+08
0.095000096,0.991453,16.0,18.0,3.999997e+08,5.1782672e+08,1.1782701e+08
0.0,0.99358976,16.0,193.0,2.4999995e+08,2.4537502e+08,4.624928e+06
0.32700032,0.988604,25.0,34.0,2.2999995e+08,1.983775e+08,3.1622448e+07
0.17000017,0.98789173,16.0,166.0,7.200002e+08,6.7576634e+08,4.4233856e+07
0.041000042,0.997151,16.0,539.0,1.4500003e+09,8.223304e+08,6.276699e+08
0.2998003,0.98504275,16.0,15.0,1.23000024e+08,1.2225087e+08,749152.0
0.3000003,0.98575497,25.0,11.0,2.4900013e+08,2.092241e+08,3.977603e+07
0.26000026,0.9907407,16.0,131.0,9.299994e+09,4.147023e+09,5.152971e+09
0.017500017,0.99786323,23.0,51.0,6.7e+08,6.7889926e+08,8.899264e+06
0.0,0.9992877,16.0,278.0,6.8499955e+08,6.4856557e+08,3.6433984e+07
0.0,0.9985755,8.0,85.0,8.6999974e+08,8.269514e+08,4.304832e+07
0.022222022,0.98789173,25.0,53.0,2.0000014e+08,2.011958e+08,1.195664e+06
0.0,0.99786323,16.0,106.0,7.499995e+08,4.011435e+08,3.48856e+08
0.004050004,0.9807692,16.0,12.0,9.000006e+07,8.577373e+07,4.226336e+06
0.02000002,0.99786323,16.0,16.0,3.719997e+08,3.6233587e+08,9.66384e+06
0.14600015,0.9928775,16.0,63.0,4.0999968e+08,4.2101984e+08,1.102016e+07
0.46000046,0.9900285,9.0,35.0,2.0000014e+08,1.6381768e+08,3.6182464e+07
0.0,0.9992877,16.0,121.0,9.4900006e+08,9.620381e+08,1.3038016e+07
0.32000032,0.9907407,16.0,400.0,1.9899987e+09,1.8959676e+09,9.40311e+07
0.016000016,0.994302,21.0,337.0,1.7999996e+09,1.5683444e+09,2.3165517e+08
0.004000004,0.9985755,23.0,178.0,8.399997e+08,8.01859e+08,3.814067e+07
0.31970733,0.98646724,26.0,15.0,1.4499995e+08,1.3289356e+08,1.2106392e+07
0.3005403,0.9900285,16.0,5.0,3.4000022e+08,3.216351e+08,1.836512e+07
0.28000027,0.9900285,8.0,53.0,2.7000006e+08,2.4252558e+08,2.747448e+07
0.16600017,0.994302,16.0,201.0,4.950004e+08,4.110199e+08,8.398048e+07
0.0,0.9985755,23.0,14.0,2.0499985e+09,1.9038893e+09,1.4610918e+08
0.1950002,0.994302,21.0,13.0,9.1000064e+08,8.2768365e+08,8.231699e+07
0.14000013,0.9893162,15.0,358.0,3.0500004e+09,2.6668874e+09,3.8311296e+08
0.43000042,0.9893162,25.0,34.0,2.2500006e+08,1.9748165e+08,2.7518416e+07
0.04800005,0.99572647,16.0,222.0,1.8499999e+09,1.2526586e+09,5.973413e+08
0.11000011,0.99501425,16.0,155.0,3.2000006e+08,3.0142986e+08,1.8570208e+07
0.13800013,0.99643874,16.0,89.0,5.400004e+08,4.0148717e+08,1.3851322e+08
0.12800013,0.99572647,16.0,16.0,3.3499984e+08,3.118203e+08,2.3179552e+07
0.3000003,0.98789173,26.0,7.0,1.5999997e+08,1.4205768e+08,1.7942288e+07
0.08500008,0.99643874,16.0,28.0,6.4000045e+08,6.1205235e+08,2.7948096e+07
0.4000004,0.988604,16.0,74.0,1.550001e+08,1.6482752e+08,9.827424e+06
0.0970001,0.99501425,16.0,196.0,9.699996e+08,9.4954323e+08,2.0456384e+07
0.25000024,0.9893162,25.0,34.0,2.2700018e+08,2.1997541e+08,7.024768e+06
0.23000023,0.99358976,25.0,155.0,2.7499997e+08,2.603121e+08,1.4687872e+07
0.06000006,0.99643874,16.0,29.0,3.4000022e+08,3.2391914e+08,1.6081088e+07
0.0,0.9992877,16.0,48.0,1.7303e+09,1.7873654e+09,5.7065344e+07
0.008000008,0.99643874,16.0,1.0,5.200002e+08,4.8779667e+08,3.220352e+07
0.17000017,0.98789173,23.0,388.0,1.4599992e+09,1.2986295e+09,1.6136973e+08
0.15600015,0.994302,8.0,51.0,5.3499952e+08,5.1306054e+08,2.1938976e+07
0.12340012,0.9928775,23.0,53.0,3.3499984e+08,3.0978698e+08,2.5212864e+07
0.07000007,0.99501425,16.0,80.0,2.0999982e+09,1.5444538e+09,5.5554445e+08
0.12800013,0.97792023,26.0,395.0,3.6999997e+08,2.9985178e+08,7.014819e+07
0.0011110011,0.988604,26.0,66.0,1.5999997e+08,1.4722494e+08,1.2775024e+07
0.116000116,0.994302,16.0,1.0,4.0499974e+08,4.1272778e+08,7.728032e+06
0.06000006,0.99216527,16.0,5.0,4.180001e+08,4.0216698e+08,1.583312e+07
0.24200024,0.9900285,16.0,495.0,5.0000013e+08,4.80421e+08,1.9579136e+07
0.27000028,0.98789173,16.0,114.0,1.6499989e+08,1.2621095e+08,3.8788936e+07
0.022000022,0.99786323,16.0,328.0,6.9999974e+08,7.218992e+08,2.1899456e+07
0.0,0.9992877,16.0,49.0,6.000002e+08,3.5522602e+08,2.4477418e+08
0.07000007,0.99572647,16.0,192.0,6.199998e+08,6.165787e+08,3.42112e+06
0.07500008,0.99501425,0.0,104.0,2.600001e+09,1.9003991e+09,6.996019e+08
0.25400025,0.9843305,23.0,56.0,1.6499989e+08,1.4780822e+08,1.7191664e+07
0.055000056,0.99786323,16.0,173.0,5.800004e+08,5.9573075e+08,1.5730368e+07
0.0,0.9992877,16.0,175.0,2.7978022e+09,2.2386365e+09,5.591657e+08
0.009250009,0.99786323,16.0,11.0,1.1111109e+08,1.8383035e+08,7.271926e+07
0.035000034,0.99786323,16.0,85.0,8.1499923e+08,7.6488966e+08,5.010957e+07
0.3070003,0.98646724,25.0,106.0,2.4000018e+08,1.7049946e+08,6.950072e+07
0.2000002,0.99501425,8.0,551.0,3.8800003e+08,3.54197e+08,3.380304e+07
0.16000016,0.99216527,16.0,5.0,3.6500016e+08,3.9516467e+08,3.0164512e+07
0.11000011,0.99501425,16.0,35.0,2.549998e+08,2.370476e+08,1.7952208e+07
0.34000033,0.99358976,16.0,11.0,3.750003e+08,2.90367e+08,8.463328e+07
0.23000023,0.9985755,16.0,28.0,7.6999974e+08,6.256413e+08,1.4435846e+08
0.0,0.9992877,16.0,118.0,6.8499955e+08,6.6784634e+08,1.7153216e+07
0.2000002,0.99572647,16.0,58.0,2.2500006e+08,2.3411973e+08,9.119664e+06
0.08500008,0.99501425,26.0,141.0,7.499995e+08,6.884365e+08,6.156301e+07
0.0955001,0.99358976,16.0,120.0,4.7999965e+08,3.996131e+08,8.038656e+07
0.0,0.9992877,16.0,118.0,7.2499974e+08,6.6784634e+08,5.715341e+07
0.0,0.9992877,16.0,86.0,7.7900045e+08,7.4371315e+08,3.5287296e+07
0.25400025,0.9907407,16.0,20.0,1.8999994e+08,1.7148376e+08,1.8516176e+07
0.02025802,0.99216527,16.0,38.0,2.4000018e+08,2.223414e+08,1.7658768e+07
0.26000026,0.9900285,16.0,5.0,3.5999994e+08,3.3009626e+08,2.990368e+07
0.054000054,0.99643874,16.0,16.0,3.4000022e+08,3.343347e+08,5.665536e+06
0.4000004,0.9843305,1.0,106.0,1.0489992e+08,1.2172596e+08,1.682604e+07
0.058000058,0.99643874,16.0,29.0,3.4000022e+08,3.2446205e+08,1.5538176e+07
0.1020001,0.99358976,23.0,8.0,9.8000083e+08,8.9712186e+08,8.287898e+07
0.21000022,0.9907407,16.0,96.0,9.2000064e+08,7.000144e+08,2.1998624e+08
0.44000044,0.98504275,6.0,42.0,1.6199997e+08,1.8707426e+08,2.5074288e+07
0.18500018,0.9928775,16.0,152.0,2.6500011e+08,2.4144325e+08,2.3556864e+07
0.5000005,0.98717946,26.0,5.0,2.4999995e+08,2.6758384e+08,1.7583888e+07
0.13680014,0.99501425,16.0,99.0,5.1499984e+08,4.5167888e+08,6.332096e+07
0.19000019,0.9893162,25.0,7.0,1.7000003e+08,1.5526166e+08,1.4738368e+07
0.19700019,0.98789173,16.0,47.0,7.750005e+08,7.859852e+08,1.0984704e+07
0.32000032,0.9900285,16.0,66.0,1.499999e+08,1.722528e+08,2.2252896e+07
0.0,0.9992877,16.0,554.0,1.9769016e+09,1.5477418e+09,4.291598e+08
0.05000005,0.9985755,16.0,148.0,1.6499997e+09,1.4846465e+09,1.6535322e+08
0.06600007,0.99643874,16.0,22.0,4.9799952e+08,4.463596e+08,5.1639904e+07
0.0,0.9992877,16.0,472.0,4.0999968e+08,4.654624e+08,5.546272e+07
0.09100009,0.99572647,16.0,253.0,3.3400006e+08,3.78121e+08,4.412093e+07
0.4000004,0.98646724,6.0,15.0,1.4299992e+08,1.2704662e+08,1.5953296e+07
0.056000058,0.99501425,16.0,80.0,1.5900006e+09,1.6530931e+09,6.309248e+07
0.0,0.9985755,0.0,187.0,6.4000045e+08,5.907172e+08,4.9283264e+07
0.035000034,0.997151,16.0,10.0,3.4699987e+08,3.2923293e+08,1.7766944e+07
0.05100005,0.99572647,16.0,164.0,2.850002e+08,2.9060413e+08,5.603936e+06
0.18360019,0.9900285,23.0,63.0,3.3899978e+08,3.262611e+08,1.2738688e+07
0.23000023,0.98575497,30.0,106.0,1.1000003e+08,1.4239134e+08,3.2391312e+07
0.05000005,0.9843305,16.0,15.0,9.499993e+07,1.0177377e+08,6.77384e+06
0.18000019,0.99216527,16.0,25.0,2.38e+09,1.6724102e+09,7.0758976e+08
0.022000022,0.9985755,16.0,286.0,5.949994e+08,5.887566e+08,6.242816e+06
0.1980002,0.994302,16.0,172.0,8.099999e+08,7.0517914e+08,1.0482074e+08
0.0,0.9992877,16.0,505.0,1.474999e+09,1.331603e+09,1.433961e+08
0.13900013,0.99501425,16.0,8.0,1.2000009e+09,9.256896e+08,2.743113e+08
0.31900033,0.98789173,16.0,82.0,1.2999993e+08,1.3811392e+08,8.113992e+06
0.098000094,0.99358976,0.0,42.0,4.0499974e+08,4.1269315e+08,7.693408e+06
0.053200055,0.98504275,23.0,226.0,1.2000003e+08,1.2057015e+08,570120.0
0.35000035,0.98504275,23.0,15.0,9.000006e+07,1.1351346e+08,2.3513392e+07
0.0,0.9992877,16.0,175.0,1.9760006e+09,2.2386365e+09,2.626359e+08
0.08900009,0.99572647,16.0,58.0,3.1499987e+08,2.5521099e+08,5.978888e+07
0.031000031,0.9985755,16.0,113.0,7.899997e+08,1.0794226e+09,2.894229e+08
0.0,0.9992877,16.0,9.0,3.309997e+08,3.2507715e+08,5.92256e+06
0.3000003,0.98646724,6.0,114.0,1.1000003e+08,1.2517432e+08,1.5174288e+07
7.000007e-05,0.9992877,16.0,3.0,7.200002e+08,6.279941e+08,9.200608e+07
0.36000037,0.98717946,16.0,82.0,1.6699995e+08,1.3643274e+08,3.0567216e+07
0.024580024,0.99216527,16.0,223.0,2.149998e+08,2.099881e+08,5.011712e+06
0.005000005,0.9992877,7.0,108.0,7.7999955e+08,7.374049e+08,4.2594624e+07
0.074000075,0.99643874,16.0,42.0,4.950004e+08,4.6824774e+08,2.675264e+07
0.0,0.9992877,16.0,3.0,7.0999994e+08,6.2770675e+08,8.229318e+07
0.3000003,0.98575497,23.0,87.0,1.17999976e+08,1.2482551e+08,6.825536e+06
0.0037000037,0.9985755,16.0,9.0,3.1499987e+08,3.187428e+08,3.742912e+06
0.1000001,0.997151,16.0,1.0,3.9299994e+08,4.7020237e+08,7.720243e+07
0.33000034,0.98789173,25.0,7.0,1.5699989e+08,1.3941158e+08,1.7588304e+07
0.17600018,0.99216527,16.0,290.0,5.8500024e+09,4.344021e+09,1.5059814e+09
0.0,0.9992877,23.0,496.0,1.4049006e+09,1.8177298e+09,4.128292e+08
0.48400047,0.9843305,25.0,146.0,1.369999e+08,1.5059618e+08,1.3596272e+07
0.13000013,0.9928775,16.0,1.0,4.299998e+08,3.8404403e+08,4.5955776e+07
0.22000022,0.9893162,25.0,4.0,2.2999995e+08,2.411786e+08,1.117864e+07
0.09400009,0.997151,16.0,473.0,3.4500026e+08,3.197548e+08,2.524544e+07
0.3000003,0.98361826,16.0,59.0,1.1000003e+08,1.4903854e+08,3.903851e+07
0.13600014,0.99358976,9.0,5.0,4.299998e+08,4.353142e+08,5.3144e+06
0.045000046,0.997151,16.0,16.0,3.2999994e+08,3.4570442e+08,1.570448e+07
0.016000016,0.997151,16.0,501.0,6.799995e+08,5.8031686e+08,9.968262e+07
0.32000032,0.98646724,16.0,97.0,1.12999976e+08,1.32512376e+08,1.95124e+07
0.08100008,0.994302,16.0,141.0,6.499996e+08,6.5331456e+08,3.314944e+06
0.069000065,0.997151,8.0,28.0,6.9999974e+08,6.375868e+08,6.241293e+07
0.11111111,0.99216527,30.0,250.0,1.3999994e+08,1.8031291e+08,4.0312976e+07
0.023000022,0.9985755,23.0,178.0,8.799998e+08,7.844681e+08,9.553171e+07
0.15600015,0.994302,16.0,32.0,3.999997e+08,3.8131347e+08,1.868624e+07
0.43000042,0.99358976,10.0,570.0,4.299998e+08,2.1299125e+08,2.1700856e+08
0.3000003,0.9893162,25.0,209.0,2.9000003e+08,2.8635587e+08,3.64416e+06
0.18200018,0.991453,16.0,57.0,3.250003e+08,3.1152902e+08,1.3471264e+07
0.011111011,0.98361826,0.0,256.0,6.499996e+08,6.534267e+08,3.427072e+06
0.27000028,0.9893162,16.0,74.0,2.1000011e+08,1.7857629e+08,3.1423824e+07
3.000003e-05,0.9992877,16.0,9.0,3.2999994e+08,3.2509018e+08,4.90976e+06
0.04200004,0.99786323,16.0,62.0,3.4500026e+08,3.5353824e+08,8.537984e+06
0.3000003,0.9928775,16.0,109.0,3.3799968e+08,3.5293254e+08,1.4932864e+07
0.0,0.9992877,23.0,83.0,1.2910007e+09,1.2271116e+09,6.388915e+07
0.21000022,0.99358976,16.0,58.0,2.4800003e+08,2.0453576e+08,4.346427e+07
0.3000003,0.9900285,16.0,223.0,2.0000014e+08,1.5891085e+08,4.1089296e+07
0.05100005,0.99501425,16.0,98.0,3.4999968e+08,2.59363e+08,9.063667e+07
0.05000005,0.99643874,16.0,255.0,3.4999968e+08,3.4625872e+08,3.74096e+06
0.0027000026,0.9992877,16.0,108.0,7.449994e+08,7.497864e+08,4.786944e+06
0.047000047,0.9985755,16.0,28.0,7.380001e+08,6.797466e+08,5.8253504e+07
0.3900004,0.98717946,25.0,378.0,1.1600006e+08,1.2711667e+08,1.1116608e+07
0.14000013,0.994302,16.0,57.0,2.2000018e+08,3.603647e+08,1.4036453e+08
0.029000029,0.99572647,8.0,224.0,1.1000009e+09,8.0453075e+08,2.9547014e+08
0.0,0.9992877,23.0,88.0,1.4369994e+09,1.3608612e+09,7.613824e+07
0.13700014,0.9928775,16.0,1.0,4.399997e+08,3.8255773e+08,5.7441984e+07
0.045000046,0.997151,16.0,16.0,3.429997e+08,3.4570442e+08,2.704704e+06
0.0,0.99358976,16.0,193.0,2.4999995e+08,2.4537502e+08,4.624928e+06
0.14500014,0.99501425,8.0,127.0,3.9000035e+08,3.362539e+08,5.3746464e+07
0.15800016,0.99501425,16.0,61.0,7.449994e+08,6.182108e+08,1.2678861e+08
0.2000002,0.9893162,16.0,1.0,3.250003e+08,3.0774634e+08,1.7253952e+07
0.0,0.9992877,16.0,0.0,4.0899994e+08,3.9780394e+08,1.1196e+07
0.035000034,0.9985755,16.0,22.0,5.6900026e+08,5.009767e+08,6.802355e+07
0.0990001,0.99572647,16.0,139.0,1.2749992e+09,1.1700741e+09,1.0492506e+08
0.43800044,0.98504275,26.0,1.0,2.569998e+08,2.0748902e+08,4.9510784e+07
0.4850005,0.9893162,16.0,7.0,1.5999997e+08,1.5089635e+08,9.103616e+06
0.24000023,0.98789173,16.0,82.0,1.9500008e+08,1.4248589e+08,5.251419e+07
0.0,0.9992877,16.0,383.0,4.0999968e+08,3.449088e+08,6.509088e+07
0.17600018,0.99358976,8.0,177.0,5.0999987e+08,4.210841e+08,8.891578e+07
0.34500036,0.98504275,30.0,15.0,9.000006e+07,9.724333e+07,7.243264e+06
0.15200016,0.99501425,10.0,57.0,2.7499997e+08,3.25947e+08,5.094704e+07
0.047000047,0.99643874,16.0,86.0,6.249996e+08,6.2871565e+08,3.716032e+06
0.0,0.9992877,23.0,191.0,8.5799955e+08,8.957933e+08,3.779373e+07
0.03855604,0.98646724,26.0,33.0,1.0500001e+08,1.0915025e+08,4.15024e+06
0.11111111,0.9985755,16.0,27.0,6.1000006e+08,5.518801e+08,5.8119936e+07
0.0045000045,0.9985755,25.0,108.0,7.499995e+08,7.3853664e+08,1.1462848e+07
0.27000028,0.9893162,16.0,116.0,2.1000011e+08,1.8185715e+08,2.814296e+07
0.42800042,0.98646724,6.0,15.0,1.4499995e+08,1.2930257e+08,1.5697384e+07
0.04200004,0.99786323,23.0,24.0,1.3599996e+09,1.3449655e+09,1.5034112e+07
0.4000004,0.98789173,16.0,15.0,1.499999e+08,1.30449e+08,1.9550904e+07
0.09000009,0.99501425,16.0,162.0,5.500002e+08,5.2646208e+08,2.3538112e+07
0.10800011,0.994302,9.0,119.0,4.8499958e+08,4.7115757e+08,1.3842016e+07
0.17000017,0.98717946,8.0,4.0,2.2799994e+08,2.1545424e+08,1.2545696e+07
0.044000044,0.997151,16.0,10.0,3.4200022e+08,3.2807514e+08,1.3925088e+07
0.34000033,0.9900285,26.0,7.0,1.6799992e+08,1.5855904e+08,9.44088e+06
0.25568527,0.9843305,30.0,476.0,8.300008e+07,9.2216984e+07,9.216904e+06
0.33000034,0.98646724,16.0,74.0,1.3499997e+08,1.5076229e+08,1.576232e+07
0.45000044,0.98575497,25.0,89.0,1.550001e+08,1.784503e+08,2.3450208e+07
0.17597717,0.9843305,15.0,15.0,1.2499992e+08,1.1631179e+08,8.688128e+06
0.39200038,0.9843305,26.0,15.0,9.499993e+07,1.0941017e+08,1.441024e+07
0.23000023,0.988604,8.0,1.0,2.87e+08,2.7727843e+08,9.721568e+06
0.0,0.99501425,16.0,163.0,2.3999985e+09,2.678306e+09,2.783076e+08
0.1060001,0.99501425,23.0,401.0,4.5000035e+08,4.1855216e+08,3.1448192e+07
0.2000002,0.9893162,0.0,17.0,4.199996e+08,3.5734422e+08,6.265539e+07
0.14500014,0.99216527,16.0,62.0,2.5999997e+08,2.6270576e+08,2.705792e+06
0.3000003,0.988604,25.0,114.0,7.899993e+07,1.3934778e+08,6.034785e+07
0.17000017,0.9893162,16.0,11.0,2.4000018e+08,2.6616824e+08,2.6168064e+07
0.0,0.9992877,16.0,9.0,3.2999994e+08,3.2507715e+08,4.922784e+06
0.14000013,0.99216527,23.0,76.0,6.050005e+09,5.8565786e+09,1.9342643e+08
0.13700014,0.9893162,25.0,66.0,2.2000018e+08,1.6773258e+08,5.22676e+07
0.045000046,0.99643874,16.0,118.0,5.800004e+08,6.1662336e+08,3.6622976e+07
0.0970001,0.99216527,16.0,74.0,2.5999997e+08,2.2927462e+08,3.0725344e+07
0.04000004,0.99643874,16.0,106.0,3.0999974e+08,3.9249504e+08,8.24953e+07
0.1920002,0.9900285,16.0,35.0,1.7999987e+08,1.6494074e+08,1.5059136e+07
0.21000022,0.9900285,16.0,74.0,1.8499989e+08,1.8936898e+08,4.369088e+06
0.12000012,0.99501425,16.0,1.0,4.0999968e+08,4.2484022e+08,1.4840544e+07
0.0,0.9992877,16.0,353.0,1.5599999e+09,1.9328644e+09,3.728645e+08
0.27000028,0.9900285,25.0,35.0,1.550001e+08,1.5887326e+08,3.873168e+06
0.1000001,0.99643874,16.0,99.0,5.6999955e+08,4.9251414e+08,7.748541e+07
0.15400015,0.9928775,25.0,34.0,3.2999994e+08,2.835038e+08,4.649613e+07
0.2000002,0.98646724,0.0,17.0,2.9999994e+08,3.1948778e+08,1.948784e+07
0.01000001,0.99358976,23.0,90.0,4.1999985e+09,3.3168369e+09,8.831616e+08
0.41211042,0.988604,16.0,11.0,2.549998e+08,2.2402842e+08,3.0971392e+07
0.06800007,0.994302,16.0,141.0,6.499996e+08,6.594616e+08,9.462016e+06
0.27000028,0.98717946,16.0,1.0,2.5999997e+08,2.5644405e+08,3.55592e+06
0.15000015,0.99358976,16.0,120.0,4.0499974e+08,4.0443392e+08,565824.0
0.21000022,0.9907407,16.0,18.0,4.7499965e+08,4.3432314e+08,4.067651e+07
0.26000026,0.9900285,16.0,392.0,2.4999995e+08,2.4221723e+08,7.78272e+06
0.023000022,0.99786323,16.0,143.0,3.5999994e+08,3.5348362e+08,6.51632e+06
0.22700022,0.9900285,16.0,20.0,1.8499989e+08,1.6284882e+08,2.2151072e+07
0.2000002,0.988604,26.0,106.0,1.750001e+08,2.1264581e+08,3.764571e+07
0.07855808,0.994302,21.0,398.0,1.2499997e+09,1.2272122e+09,2.2787584e+07
0.0,0.99786323,16.0,16.0,3.9000035e+08,3.7265802e+08,1.7342336e+07
0.3000003,0.988604,25.0,7.0,1.3999994e+08,1.4583702e+08,5.837088e+06
0.1060001,0.99572647,8.0,430.0,1.2300009e+09,1.1131414e+09,1.1685952e+08
0.26000026,0.98361826,23.0,5.0,1.7000003e+08,2.2845483e+08,5.84548e+07
0.0019000019,0.9992877,16.0,21.0,7.149996e+08,6.590027e+08,5.599693e+07
0.013000013,0.99786323,10.0,459.0,5.3000048e+08,3.6349325e+08,1.6650723e+08
0.16000016,0.99501425,16.0,2.0,2.4999995e+08,2.3403758e+08,1.5962368e+07
0.1950002,0.99358976,16.0,58.0,2.4000018e+08,2.0800573e+08,3.1994448e+07
0.12000012,0.9907407,8.0,5.0,4.0499974e+08,3.8358867e+08,2.1411072e+07
0.03000003,0.997151,23.0,8.0,9.599998e+08,1.001887e+09,4.188717e+07
0.0032000032,0.9985755,16.0,65.0,1.6899985e+09,1.6370781e+09,5.292032e+07
0.002000002,0.9992877,16.0,121.0,9.4499923e+08,9.623042e+08,1.730496e+07
0.26500025,0.98717946,25.0,370.0,1.7999996e+09,7.416068e+08,1.0583928e+09
0.2000002,0.99216527,16.0,104.0,1.390001e+09,1.7088372e+09,3.1883622e+08
0.22000022,0.9893162,25.0,4.0,2.2999995e+08,2.411786e+08,1.117864e+07
0.01000001,0.9821937,15.0,82.0,9.000006e+07,8.990176e+07,98304.0
0.28000027,0.9900285,25.0,53.0,2.9999994e+08,2.2976405e+08,7.023589e+07
0.00014500014,0.99501425,8.0,289.0,7.680005e+08,8.364584e+08,6.845786e+07
0.2740003,0.991453,23.0,243.0,3.5499999e+09,1.5611816e+09,1.9888183e+09
0.13000013,0.99501425,16.0,223.0,2.9999994e+08,2.4435221e+08,5.564773e+07
0.07300007,0.99643874,16.0,2.0,2.9999994e+08,2.717448e+08,2.8255136e+07
0.077000074,0.99572647,23.0,107.0,1.119999e+09,1.1408436e+09,2.0844672e+07
0.02100002,0.99786323,16.0,37.0,5.6499994e+08,5.9579437e+08,3.0794432e+07
0.4100004,0.9843305,23.0,11.0,1.6499989e+08,1.8908602e+08,2.4086128e+07
0.06300006,0.99572647,16.0,1.0,4.550001e+08,4.5256365e+08,2.436448e+06
0.1930002,0.9900285,16.0,524.0,4.600001e+08,4.1387635e+08,4.6123744e+07
0.05000005,0.997151,16.0,5.0,5.500002e+08,5.3515466e+08,1.4845536e+07
0.24500024,0.98504275,30.0,212.0,1.1111109e+08,1.416875e+08,3.0576416e+07
0.17600018,0.99501425,16.0,202.0,2.970001e+08,2.9395846e+08,3.041632e+06
0.0,0.9992877,23.0,92.0,3.9739994e+09,3.7265324e+09,2.47467e+08
0.025000025,0.9985755,16.0,51.0,6.3000006e+08,7.260141e+08,9.601402e+07
0.056000058,0.99786323,23.0,85.0,7.999998e+08,7.665429e+08,3.3456896e+07
0.35000035,0.988604,8.0,34.0,1.7999987e+08,2.0356394e+08,2.3564064e+07
0.0,0.9992877,16.0,329.0,1.1000009e+09,1.05567155e+09,4.4329344e+07
0.011111011,0.98361826,15.0,15.0,8.4999976e+07,9.5589736e+07,1.058976e+07
0.18000019,0.9907407,8.0,89.0,2.9999994e+08,2.7219974e+08,2.7800192e+07
0.0003000003,0.997151,16.0,28.0,6.9999974e+08,6.8598803e+08,1.4011712e+07
0.036000036,0.9985755,16.0,159.0,1.1899995e+09,1.1411722e+09,4.8827264e+07
0.3000003,0.98717946,25.0,56.0,1.8299984e+08,1.7910125e+08,3.898592e+06
0.28000027,0.98575497,25.0,1.0,2.7000006e+08,2.254894e+08,4.4510656e+07
0.28000027,0.991453,16.0,7.0,1.8899984e+08,1.6535464e+08,2.36452e+07
0.021500021,0.9985755,16.0,488.0,3.9000035e+08,3.5912208e+08,3.0878272e+07
0.3080003,0.988604,16.0,42.0,2.9100016e+08,2.5903426e+08,3.1965904e+07
0.16000016,0.994302,16.0,493.0,4.650001e+08,4.775532e+08,1.255312e+07
0.18100019,0.99216527,16.0,52.0,5.0999987e+08,4.8019197e+08,2.9807904e+07
0.23200023,0.98646724,26.0,56.0,1.5799994e+08,1.8290491e+08,2.4904976e+07
0.27500027,0.9900285,16.0,189.0,1.3699997e+09,1.2231064e+09,1.4689331e+08
0.18000019,0.99216527,16.0,500.0,1.4320006e+09,1.0828168e+09,3.4918387e+08
0.0,0.9992877,16.0,544.0,1.0300001e+09,8.164384e+08,2.1356173e+08
0.13500014,0.99216527,8.0,63.0,4.0999968e+08,3.9589194e+08,1.4107744e+07
0.35000035,0.98361826,23.0,56.0,1.3999994e+08,1.4154731e+08,1.547376e+06
0.2000002,0.97792023,15.0,34.0,5.9999988e+07,6.001967e+07,19684.0
0.11000011,0.99572647,16.0,2.0,2.420002e+08,2.5321816e+08,1.1217968e+07
0.1060001,0.99501425,16.0,10.0,3.1800013e+08,2.8956506e+08,2.8435072e+07
0.0,0.9992877,7.0,71.0,1.0300001e+09,8.441982e+08,1.8580192e+08
0.2000002,0.991453,16.0,58.0,1.8299984e+08,1.8758912e+08,4.58928e+06
0.12000012,0.97578347,28.0,38.0,1.7999987e+08,9.555073e+07,8.4449144e+07
0.3000003,0.98717946,26.0,194.0,1.499999e+08,1.6242725e+08,1.2427344e+07
0.056522056,0.99501425,23.0,43.0,7.149996e+08,6.421268e+08,7.287283e+07
0.16500017,0.9907407,16.0,63.0,4.199996e+08,3.7923258e+08,4.076704e+07
0.0,0.9992877,23.0,121.0,9.399999e+08,9.198077e+08,2.0192192e+07
0.16500017,0.9928775,16.0,63.0,4.699997e+08,4.1293094e+08,5.706877e+07
0.22700022,0.9900285,16.0,20.0,1.8499989e+08,1.6284882e+08,2.2151072e+07
0.3000003,0.9907407,16.0,116.0,1.5999997e+08,1.9401509e+08,3.401512e+07
0.12700012,0.99572647,16.0,159.0,8.399997e+08,8.436461e+08,3.6464e+06
0.25000024,0.98504275,16.0,12.0,9.000006e+07,1.1757447e+08,2.7574408e+07
0.42000043,0.988604,25.0,66.0,1.7999987e+08,1.5362882e+08,2.6371056e+07
0.011111011,0.9893162,16.0,1.0,2.470002e+08,3.0764365e+08,6.0643456e+07
0.13000013,0.994302,8.0,5.0,4.380002e+08,4.5424138e+08,1.6241184e+07
0.05900006,0.997151,16.0,11.0,4.7999965e+08,4.4997373e+08,3.002592e+07
0.24000023,0.994302,16.0,45.0,2.5999997e+08,2.2206126e+08,3.7938704e+07
0.19000019,0.99216527,6.0,477.0,3.2000023e+09,2.9685187e+09,2.3148365e+08
0.0,0.9985755,16.0,491.0,5.400004e+08,4.727094e+08,6.729098e+07
0.06000006,0.99216527,16.0,5.0,4.180001e+08,4.0216698e+08,1.583312e+07
0.009000009,0.997151,25.0,28.0,6.799995e+08,6.523881e+08,2.7611392e+07
0.0,0.9992877,16.0,0.0,4.149996e+08,3.9780394e+08,1.719568e+07
0.22000022,0.991453,16.0,357.0,3.250003e+08,3.134225e+08,1.1577792e+07
0.12000012,0.994302,16.0,1.0,4.249999e+08,4.1187846e+08,1.312144e+07
0.0,0.9992877,16.0,195.0,2.8098028e+09,2.596022e+09,2.1378074e+08
0.06000006,0.9907407,8.0,1.0,3.9000035e+08,3.36302e+08,5.3698336e+07
0.103000104,0.99358976,25.0,542.0,3.899998e+09,4.1908122e+09,2.908142e+08
0.016000016,0.991453,16.0,38.0,2.1000011e+08,2.0832813e+08,1.671984e+06
0.2000002,0.98789173,16.0,87.0,1.9799987e+08,1.4604803e+08,5.195184e+07
0.7800008,0.997151,16.0,62.0,3.4500026e+08,4.0063882e+08,5.563856e+07
0.034000035,0.99786323,16.0,86.0,6.7900026e+08,6.7747117e+08,1.529088e+06
0.26000026,0.98717946,26.0,42.0,2.7000006e+08,2.4540592e+08,2.4594144e+07
0.05000005,0.9985755,16.0,27.0,6.499996e+08,5.817942e+08,6.820544e+07
0.0,0.9992877,16.0,269.0,4.199996e+08,3.862928e+08,3.3706816e+07
0.0,0.9992877,16.0,157.0,5.600003e+08,4.7386128e+08,8.613904e+07
0.11000011,0.99358976,21.0,237.0,1.6499997e+09,1.6124663e+09,3.753344e+07
0.13000013,0.99572647,16.0,58.0,2.549998e+08,2.4617571e+08,8.824096e+06
0.17000017,0.99358976,21.0,13.0,8.999994e+08,8.242791e+08,7.572032e+07
0.15000015,0.99572647,16.0,36.0,3.0999974e+08,2.8839875e+08,2.1600992e+07
0.3000003,0.98575497,25.0,11.0,2.4900013e+08,2.092241e+08,3.977603e+07
0.10800011,0.99501425,23.0,43.0,6.499996e+08,6.155329e+08,3.446669e+07
0.18300018,0.98789173,25.0,127.0,2.2999995e+08,2.1364957e+08,1.6350384e+07
0.23000023,0.988604,8.0,1.0,2.87e+08,2.7727843e+08,9.721568e+06
0.058000058,0.997151,16.0,5.0,5.050003e+08,5.346231e+08,2.9622816e+07
0.25000024,0.9928775,25.0,1.0,3.3499984e+08,3.437175e+08,8.717664e+06
0.0,0.9992877,16.0,51.0,7.6999974e+08,7.002548e+08,6.974496e+07
0.27600026,0.99216527,25.0,34.0,2.9999994e+08,2.4326683e+08,5.6733104e+07
0.26500025,0.98789173,16.0,273.0,2.850002e+08,2.9836618e+08,1.3365984e+07
0.05005005,0.9893162,16.0,106.0,1.00000024e+08,2.4213454e+08,1.4213453e+08
0.64000064,0.98504275,16.0,97.0,1.1499992e+08,1.3509347e+08,2.0093552e+07
0.13000013,0.99501425,26.0,119.0,5.8999994e+08,4.8275318e+08,1.0724675e+08
0.2000002,0.98361826,6.0,59.0,1.750001e+08,1.5917992e+08,1.5820176e+07
0.48000047,0.9900285,23.0,66.0,1.9500008e+08,1.6720808e+08,2.7792e+07
0.039000038,0.99786323,16.0,16.0,3.6099968e+08,3.5629613e+08,4.703552e+06
0.3000003,0.988604,16.0,38.0,1.2399996e+08,1.5325683e+08,2.9256872e+07
0.0,0.9992877,16.0,278.0,7.149996e+08,6.4856557e+08,6.643405e+07
0.35385236,0.9814815,16.0,140.0,7.9999944e+07,9.1730184e+07,1.173024e+07
0.0,0.9992877,16.0,85.0,7.9499994e+08,8.106629e+08,1.5662976e+07
0.03000003,0.99786323,16.0,16.0,3.750003e+08,3.588215e+08,1.6178784e+07
0.22000022,0.99216527,16.0,5.0,3.750003e+08,3.647851e+08,1.02152e+07
0.07100007,0.994302,16.0,44.0,3.899998e+09,2.7932431e+09,1.1067548e+09
0.052000053,0.9985755,16.0,31.0,1.7999996e+09,1.7161047e+09,8.389491e+07
0.095000096,0.99786323,16.0,242.0,7.4000026e+08,5.7262355e+08,1.673767e+08
0.21900022,0.988604,25.0,18.0,3.6999997e+08,3.6433034e+08,5.669632e+06
0.04200004,0.997151,16.0,123.0,3.4000022e+08,3.41772e+08,1.771776e+06
0.11000011,0.99643874,16.0,273.0,4.5299978e+08,5.072883e+08,5.428851e+07
0.0,0.9992877,16.0,175.0,1.9760006e+09,2.2386365e+09,2.626359e+08
0.11300011,0.99643874,26.0,349.0,7.4000026e+08,6.7228755e+08,6.77127e+07
0.4000004,0.98717946,12.0,106.0,2.4999995e+08,1.1739901e+08,1.3260094e+08
0.28000027,0.9893162,25.0,34.0,1.9900016e+08,2.0900632e+08,1.000616e+07
0.12700012,0.99358976,16.0,425.0,9.599998e+08,8.8778016e+08,7.221965e+07
0.45000044,0.9900285,10.0,53.0,2.1000011e+08,1.8216786e+08,2.7832256e+07
0.3000003,0.98789173,16.0,15.0,1.5399994e+08,1.4192066e+08,1.207928e+07
0.0,0.9992877,16.0,86.0,7.750005e+08,7.4371315e+08,3.128736e+07
0.10800011,0.991453,16.0,288.0,9.2000064e+08,8.493147e+08,7.068595e+07
0.20800021,0.9893162,16.0,116.0,1.750001e+08,1.7661536e+08,1.615264e+06
0.3900004,0.9900285,16.0,57.0,2.9000003e+08,2.892184e+08,781632.0
0.15000015,0.98575497,6.0,89.0,1.8499989e+08,1.8104282e+08,3.957072e+06
0.016000016,0.99501425,8.0,113.0,1.1399997e+09,9.6186374e+08,1.78136e+08
0.0,0.9992877,16.0,117.0,2.0000004e+07,5.508926e+08,5.308926e+08
0.115000114,0.9928775,23.0,248.0,1.2200006e+09,1.2045092e+09,1.5491456e+07
0.039000038,0.99786323,16.0,100.0,7.7999955e+08,8.3471795e+08,5.47184e+07
0.06400006,0.99358976,23.0,46.0,1.5499988e+09,1.4110262e+09,1.3897267e+08
0.0,0.9985755,23.0,85.0,9.399999e+08,8.421108e+08,9.788909e+07
0.16600017,0.994302,3.0,1.0,4.249999e+08,3.894265e+08,3.557341e+07
0.06800007,0.994302,16.0,141.0,6.499996e+08,6.594616e+08,9.462016e+06
0.18000019,0.99358976,16.0,210.0,7.650006e+08,6.690882e+08,9.591238e+07
0.0017000017,0.9992877,23.0,121.0,9.3000064e+08,9.1810925e+08,1.1891392e+07
0.21500021,0.99216527,0.0,63.0,3.750003e+08,3.8779286e+08,1.2792576e+07
0.26000026,0.98504275,23.0,82.0,1.069999e+08,1.1731171e+08,1.0311808e+07
0.36000037,0.988604,16.0,15.0,1.3999994e+08,1.5111899e+08,1.1119056e+07
0.08000008,0.994302,16.0,284.0,1.9000004e+09,1.566957e+09,3.3304333e+08
0.3140003,0.9843305,16.0,15.0,1.27000104e+08,1.1794845e+08,9.051656e+06
0.11000011,0.99643874,16.0,118.0,5.8999994e+08,5.638007e+08,2.6199232e+07
0.0,0.9992877,16.0,134.0,1.7899991e+09,8.4355437e+08,9.4644474e+08
0.083000086,0.99501425,23.0,107.0,1.215001e+09,1.096371e+09,1.1863002e+08
0.095000096,0.99358976,16.0,30.0,2.670001e+08,2.628115e+08,4.188592e+06
0.15400015,0.9928775,26.0,58.0,2.4999995e+08,2.0902786e+08,4.0972096e+07
0.044000044,0.99643874,23.0,192.0,7.149996e+08,6.706904e+08,4.4309184e+07
0.14000013,0.99501425,16.0,160.0,5.0999987e+08,5.804873e+08,7.048742e+07
0.3000003,0.9893162,25.0,82.0,1.2999993e+08,1.5412101e+08,2.412108e+07
0.0,0.9992877,16.0,83.0,1.2910007e+09,1.2175715e+09,7.342925e+07
0.07200007,0.99501425,16.0,107.0,1.02000026e+09,1.1741183e+09,1.5411802e+08
0.14300014,0.994302,16.0,1.0,4.0999968e+08,4.0652515e+08,3.474528e+06
0.22000022,0.991453,16.0,534.0,1.8499999e+09,1.6641053e+09,1.8589453e+08
0.17000017,0.99358976,21.0,13.0,8.999994e+08,8.242791e+08,7.572032e+07
0.011111011,0.988604,16.0,1.0,2.979999e+08,2.9008634e+08,7.913568e+06
0.21300021,0.99358976,0.0,206.0,5.6999955e+08,5.4790086e+08,2.2098688e+07
0.5000005,0.9900285,10.0,111.0,1.3999994e+08,1.663105e+08,2.631056e+07
0.0,0.9992877,16.0,118.0,6.8499955e+08,6.6784634e+08,1.7153216e+07
0.3000003,0.988604,25.0,4.0,2.9999994e+08,2.2355888e+08,7.644106e+07
0.24600025,0.9907407,23.0,5.0,3.9499965e+08,3.4428176e+08,5.071789e+07
0.0,0.9992877,16.0,219.0,6.999994e+07,3.1290762e+08,2.4290768e+08
0.02100002,0.9985755,16.0,110.0,3.999997e+08,3.8649325e+08,1.3506464e+07
0.17000017,0.9900285,16.0,35.0,2.4999995e+08,1.6362813e+08,8.637182e+07
0.107000105,0.99572647,8.0,1.0,4.299998e+08,4.2581536e+08,4.184448e+06
0.08400008,0.98789173,25.0,98.0,1.22e+08,1.3745744e+08,1.545744e+07
0.13000013,0.9928775,16.0,63.0,4.0999968e+08,4.277927e+08,1.7793024e+07
0.3000003,0.9900285,16.0,69.0,1.8499989e+08,1.7277005e+08,1.222984e+07
0.15400015,0.994302,9.0,127.0,3.6999997e+08,3.2285392e+08,4.714605e+07
0.21000022,0.99501425,16.0,57.0,3.969997e+08,3.6392266e+08,3.3077056e+07
0.082000084,0.9893162,0.0,106.0,3.4999968e+08,2.823953e+08,6.760438e+07
0.22600022,0.9928775,0.0,461.0,4.9000016e+08,4.6489542e+08,2.5104736e+07
0.037000038,0.99786323,1.0,24.0,1.4200005e+09,1.2916657e+09,1.2833485e+08
0.2000002,0.994302,16.0,106.0,4.550001e+08,3.436041e+08,1.11396e+08
0.01000001,0.99786323,16.0,16.0,3.8000006e+08,3.6695606e+08,1.3044e+07
0.18000019,0.99501425,16.0,42.0,4.249999e+08,4.0080467e+08,2.4195232e+07
0.28000027,0.988604,16.0,149.0,1.7999987e+08,1.7182032e+08,8.179552e+06
0.0,0.9985755,0.0,442.0,1.2121215e+09,1.4756379e+09,2.6351642e+08
0.045000046,0.9985755,16.0,3.0,5.6999955e+08,6.162659e+08,4.626637e+07
0.21800022,0.9928775,16.0,1.0,3.8499968e+08,3.6507046e+08,1.9929216e+07
0.027000027,0.9985755,8.0,429.0,1.7000013e+09,1.6173638e+09,8.263744e+07
0.5000005,0.9843305,16.0,342.0,1.7999987e+08,2.2098974e+08,4.098987e+07
0.0,0.9992877,16.0,86.0,7.750005e+08,7.4371315e+08,3.128736e+07
0.025000025,0.9992877,16.0,274.0,1.499999e+08,4.0192083e+08,2.5192093e+08
0.2040002,0.9893162,26.0,63.0,3.999997e+08,3.3734726e+08,6.265245e+07
0.1000001,0.98575497,16.0,87.0,1.550001e+08,1.26195064e+08,2.8805032e+07
0.018000018,0.99786323,16.0,16.0,3.9000035e+08,3.6316406e+08,2.6836288e+07
0.2900003,0.98789173,23.0,135.0,8.799998e+08,6.8605606e+08,1.9394374e+08
0.028000029,0.99786323,16.0,1.0,4.8499958e+08,5.0905622e+08,2.405664e+07
0.35000035,0.9900285,23.0,2.0,1.2000003e+08,1.5677874e+08,3.6778704e+07
0.18400018,0.9900285,25.0,89.0,2.9999994e+08,2.5347571e+08,4.6524224e+07
0.42300043,0.97863245,16.0,87.0,6.749995e+07,8.811634e+07,2.0616384e+07
0.011111011,0.98717946,10.0,261.0,1.3999994e+08,1.1115793e+08,2.8842008e+07
0.26500025,0.9907407,16.0,2.0,1.8499989e+08,1.684893e+08,1.6510592e+07
0.15800016,0.99358976,16.0,386.0,2.7000006e+08,2.5674602e+08,1.3254048e+07
0.19000019,0.9907407,26.0,69.0,1.8200011e+08,1.9199043e+08,9.99032e+06
0.15000015,0.994302,23.0,444.0,6.3000006e+08,5.529211e+08,7.707898e+07
0.0,0.9992877,16.0,22.0,1.3999994e+08,3.0853686e+08,1.6853693e+08
1.8000019e-05,0.9985755,16.0,37.0,6.199998e+08,6.1793965e+08,2.06016e+06
0.011111011,0.9843305,19.0,56.0,1.2999993e+08,1.4712165e+08,1.712172e+07
0.0,0.99786323,16.0,51.0,7.4000026e+08,7.296847e+08,1.0315584e+07
0.1000001,0.9807692,16.0,15.0,1.2499992e+08,9.420006e+07,3.0799856e+07
0.09000009,0.98646724,15.0,33.0,1.1000003e+08,1.0419482e+08,5.805216e+06
0.026000027,0.9985755,16.0,16.0,3.8199994e+08,3.7092278e+08,1.1077152e+07
0.037000038,0.988604,26.0,7.0,1.499999e+08,1.3963565e+08,1.0364256e+07
0.004000004,0.9985755,16.0,48.0,2.2800005e+09,1.8847939e+09,3.9520666e+08
0.0,0.9992877,25.0,175.0,1.9760006e+09,2.2520584e+09,2.7605773e+08
0.11000011,0.99358976,16.0,163.0,2.8499978e+09,2.210649e+09,6.3934874e+08
0.14000013,0.994302,16.0,63.0,4.6699994e+08,4.4863e+08,1.836992e+07
0.3000003,0.98789173,16.0,122.0,4.650001e+08,3.5346138e+08,1.1153872e+08
0.0,0.9992877,16.0,110.0,4.3899965e+08,3.957583e+08,4.3241344e+07
0.025000025,0.99786323,23.0,159.0,1.3599996e+09,1.0968018e+09,2.6319782e+08
0.0,0.9992877,16.0,21.0,7.4000026e+08,6.514195e+08,8.858074e+07
0.17000017,0.99358976,21.0,13.0,8.999994e+08,8.242791e+08,7.572032e+07
0.5000005,0.98575497,16.0,7.0,1.2000003e+08,1.2460834e+08,4.608304e+06
0.13000013,0.994302,16.0,509.0,7.650006e+08,8.2432154e+08,5.932096e+07
0.0,0.9992877,16.0,85.0,8.099999e+08,8.106629e+08,663040.0
0.1000001,0.99572647,16.0,1.0,3.4999968e+08,4.4267405e+08,9.267437e+07
0.0,0.9985755,16.0,3.0,6.9999974e+08,6.482811e+08,5.1718656e+07
0.0,0.9985755,16.0,269.0,4.199996e+08,3.9211194e+08,2.788768e+07
0.18400018,0.99358976,25.0,53.0,3.6999997e+08,3.0369434e+08,6.630563e+07
0.3060003,0.98575497,26.0,89.0,1.9700011e+08,1.8144658e+08,1.5553536e+07
0.2000002,0.98504275,30.0,68.0,9.000006e+07,8.619506e+07,3.805008e+06
0.015000015,0.9992877,16.0,106.0,4.199996e+08,3.9567526e+08,2.4324352e+07
0.095000096,0.997151,16.0,28.0,6.799995e+08,6.220573e+08,5.794221e+07
0.21500021,0.9907407,23.0,93.0,2.850002e+08,3.2455427e+08,3.955408e+07
0.013000013,0.9985755,23.0,23.0,1.8199986e+09,1.6491754e+09,1.7082317e+08
0.14000013,0.9928775,21.0,382.0,1.4899996e+09,1.5770195e+09,8.70199e+07
0.11800012,0.99572647,23.0,106.0,8.999994e+08,4.017997e+08,4.981997e+08
0.0,0.9992877,16.0,576.0,2.0999982e+09,2.0221889e+09,7.780928e+07
0.3000003,0.98646724,26.0,273.0,2.6800011e+08,2.5964762e+08,8.352496e+06
0.15000015,0.997151,16.0,9.0,2.8200022e+08,2.7395866e+08,8.041568e+06
0.2000002,0.99216527,8.0,218.0,3.3499984e+08,3.2447008e+08,1.052976e+07
0.21000022,0.99216527,16.0,58.0,2.4000018e+08,1.9278304e+08,4.7217136e+07
0.19000019,0.988604,16.0,15.0,1.9500008e+08,1.4817122e+08,4.6828864e+07
0.0,0.9985755,16.0,216.0,4.0300032e+09,5.233217e+09,1.2032138e+09
0.0001000001,0.99501425,16.0,251.0,8.6000006e+08,8.662245e+08,6.224448e+06
0.37000036,0.9907407,26.0,35.0,1.9799987e+08,1.7051768e+08,2.7482192e+07
0.32000032,0.9814815,23.0,59.0,1.5699989e+08,1.2501923e+08,3.1980656e+07
0.03770004,0.99501425,16.0,257.0,3.58e+09,3.1670072e+09,4.1299277e+08
0.1020001,0.99572647,16.0,11.0,4.299998e+08,4.051589e+08,2.4840896e+07
0.25000024,0.99358976,9.0,53.0,2.6500011e+08,3.1194403e+08,4.694392e+07
0.17000017,0.99358976,21.0,13.0,8.999994e+08,8.242791e+08,7.572032e+07
0.04000004,0.98789173,6.0,7.0,1.5799994e+08,1.3650485e+08,2.1495088e+07
0.11000011,0.99358976,16.0,106.0,2.4999995e+08,3.474933e+08,9.749336e+07
0.0,0.9985755,8.0,107.0,1.7699988e+09,1.5333966e+09,2.3660224e+08
0.22000022,0.9893162,25.0,4.0,2.2999995e+08,2.411786e+08,1.117864e+07
0.08000008,0.99643874,16.0,509.0,1.1599991e+09,1.0837921e+09,7.620698e+07
0.095000096,0.997151,16.0,28.0,6.799995e+08,6.220573e+08,5.794221e+07
0.05100005,0.99501425,16.0,110.0,3.2999994e+08,3.2512243e+08,4.877504e+06
0.1000001,0.98717946,16.0,15.0,1.1499992e+08,1.27119096e+08,1.2119176e+07
0.112000115,0.99216527,15.0,354.0,1.750001e+08,1.8531067e+08,1.0310576e+07
0.26000026,0.98717946,16.0,303.0,3.4999987e+09,3.1573087e+09,3.4269005e+08
0.047000047,0.9985755,23.0,22.0,5.6999955e+08,5.482113e+08,2.1788224e+07
0.26000026,0.991453,16.0,185.0,3.8499968e+08,3.9815312e+08,1.315344e+07
0.018000018,0.9985755,25.0,36.0,4.4500035e+08,3.6987507e+08,7.512528e+07
0.0,0.9992877,16.0,70.0,1.1111109e+08,1.2956376e+08,1.8452672e+07
0.15900016,0.98789173,16.0,7.0,1.7349986e+08,1.4130482e+08,3.219504e+07
0.22300023,0.98789173,16.0,96.0,6.7e+08,6.4761126e+08,2.2388736e+07
0.11000011,0.99501425,16.0,107.0,1.1899995e+09,1.0919071e+09,9.809242e+07
0.26500025,0.98789173,25.0,15.0,1.4800005e+08,1.4564856e+08,2.351488e+06
0.14600015,0.99216527,16.0,362.0,5.299997e+09,5.988503e+09,6.8850586e+08
0.25000024,0.98717946,16.0,11.0,2.0500013e+08,2.1454592e+08,9.545792e+06
0.0,0.9992877,16.0,404.0,1.9500018e+09,1.8990584e+09,5.094336e+07
0.045000046,0.99572647,16.0,155.0,3.0499987e+08,3.2381597e+08,1.8816096e+07
0.11111111,0.98789173,16.0,66.0,1.6799992e+08,1.534493e+08,1.4550624e+07
0.15000015,0.9907407,16.0,357.0,3.2999994e+08,3.2531472e+08,4.685216e+06
0.27000028,0.9893162,25.0,319.0,2.2000018e+08,1.5804394e+08,6.195624e+07
0.17000017,0.9907407,16.0,164.0,1.9500008e+08,1.886217e+08,6.378384e+06
0.14700015,0.99501425,23.0,277.0,9.7500045e+08,9.059205e+08,6.907994e+07
0.033000033,0.9985755,7.0,103.0,8.299996e+08,8.039371e+08,2.6062528e+07
0.13900013,0.9900285,16.0,474.0,3.7699974e+08,3.3879616e+08,3.8203584e+07
0.013000013,0.99786323,23.0,113.0,7.200002e+08,1.1597468e+09,4.3974662e+08
0.25000024,0.98789173,25.0,82.0,1.2800009e+08,1.4762114e+08,1.9621048e+07
0.007000007,0.9985755,16.0,86.0,7.479995e+08,7.382043e+08,9.7952e+06
0.35000035,0.98575497,26.0,34.0,2.9999994e+08,1.6165643e+08,1.383435e+08
0.011000011,0.9985755,16.0,23.0,1.7600005e+09,1.7050345e+09,5.4966016e+07
0.2000002,0.9893162,16.0,361.0,2.8000015e+09,2.6425021e+09,1.574994e+08
0.0005000005,0.99786323,16.0,5.0,6.150001e+08,5.6178797e+08,5.321216e+07
0.15800016,0.99501425,16.0,61.0,7.449994e+08,6.182108e+08,1.2678861e+08
0.0,0.9992877,16.0,270.0,8.249995e+08,6.940755e+08,1.3092397e+08
7.000007e-05,0.9985755,16.0,105.0,3.9399965e+08,4.1347552e+08,1.9475872e+07
0.32000032,0.98789173,16.0,188.0,3.0999974e+08,2.508052e+08,5.9194544e+07
0.0,0.9992877,23.0,136.0,1.06500096e+09,1.04791584e+09,1.708512e+07
0.35600036,0.99358976,16.0,98.0,3.4899978e+08,1.8249024e+08,1.6650954e+08
0.28000027,0.99786323,16.0,106.0,4.950004e+08,3.945035e+08,1.004969e+08
0.4000004,0.98504275,16.0,74.0,1.1499992e+08,1.384885e+08,2.3488576e+07
0.3000003,0.9893162,16.0,1.0,2.9000003e+08,2.8720755e+08,2.79248e+06
0.0,0.9985755,16.0,85.0,9.290007e+08,8.248138e+08,1.0418688e+08
0.3900004,0.9985755,16.0,22.0,5.949994e+08,4.629196e+08,1.3207981e+08
0.0,0.9992877,3.0,3.0,6.8999955e+08,6.157478e+08,7.425178e+07
0.4000004,0.9900285,16.0,63.0,3.2800006e+08,3.256481e+08,2.351968e+06
0.2000002,0.98646724,25.0,82.0,9.000006e+07,1.363807e+08,4.638064e+07
0.14700015,0.99216527,16.0,216.0,2.7200005e+09,2.6628872e+09,5.7113344e+07
0.17900018,0.994302,16.0,63.0,4.249999e+08,4.310542e+08,6.054304e+06
0.0,0.9992877,16.0,0.0,4.399997e+08,3.9780394e+08,4.2195776e+07
0.03200003,0.99786323,23.0,37.0,5.8999994e+08,5.4401875e+08,4.5981184e+07
0.06000006,0.99501425,16.0,402.0,3.8000026e+09,4.301666e+09,5.0166323e+08
0.14800015,0.9928775,16.0,28.0,5.400004e+08,4.9905786e+08,4.094253e+07
0.014000014,0.9985755,23.0,23.0,1.7499986e+09,1.6465699e+09,1.0342874e+08
0.078000076,0.994302,0.0,187.0,4.600001e+08,4.7850966e+08,1.8509568e+07
0.33000034,0.9907407,16.0,499.0,3.1499987e+08,2.8068125e+08,3.4318624e+07
0.0,0.9992877,16.0,31.0,1.9760006e+09,1.8697161e+09,1.0628454e+08
0.0,0.9992877,16.0,255.0,4.149996e+08,4.1148742e+08,3.512192e+06
0.24300024,0.9893162,23.0,560.0,1.4000001e+09,1.5712488e+09,1.7124864e+08
0.17000017,0.99358976,26.0,5.0,4.399997e+08,4.171248e+08,2.2874912e+07
0.011111011,0.98575497,1.0,82.0,1.3200004e+08,1.1315829e+08,1.8841752e+07
0.3900004,0.98575497,30.0,68.0,1.1499992e+08,8.2478984e+07,3.2520936e+07
0.12000012,0.9821937,6.0,296.0,1.7999987e+08,1.747876e+08,5.212272e+06
0.0,0.9992877,16.0,214.0,3.3300013e+08,3.148479e+08,1.8152224e+07
0.115000114,0.99572647,16.0,5.0,4.3699965e+08,4.8605808e+08,4.905843e+07
0.06000006,0.99572647,16.0,58.0,2.8900003e+08,2.6597691e+08,2.302312e+07
0.115000114,0.99501425,16.0,63.0,5.200002e+08,4.7416326e+08,4.583693e+07
0.25000024,0.9893162,16.0,333.0,3.750003e+08,3.977387e+08,2.27384e+07
0.25200024,0.9907407,23.0,428.0,3.4899978e+08,3.3667232e+08,1.2327456e+07
0.12200012,0.994302,16.0,28.0,5.600003e+08,5.435458e+08,1.6454528e+07
0.06400006,0.98717946,11.0,15.0,1.5999997e+08,1.19827576e+08,4.017239e+07
0.0,0.9992877,16.0,24.0,1.6000004e+09,1.5164717e+09,8.35287e+07
0.23800024,0.9893162,8.0,89.0,1.750001e+08,2.4143818e+08,6.643808e+07
0.16000016,0.988604,16.0,98.0,1.7000003e+08,1.28455976e+08,4.1544056e+07
0.2000002,0.99358976,8.0,42.0,4.0499974e+08,3.5843914e+08,4.656061e+07
0.38000038,0.98575497,26.0,34.0,1.7999987e+08,1.5798818e+08,2.2011696e+07
0.0,0.9992877,16.0,49.0,2.7999986e+07,3.5522602e+08,3.2722602e+08
0.01900002,0.9985755,16.0,513.0,1.119999e+09,1.0702608e+09,4.9738176e+07
0.13000013,0.99358976,16.0,58.0,2.4000018e+08,2.2188346e+08,1.811672e+07
0.0,0.9992877,23.0,142.0,1.6139987e+09,1.7835375e+09,1.6953882e+08
0.15000015,0.99501425,16.0,42.0,5.0000013e+08,4.1481443e+08,8.51857e+07
0.16400017,0.994302,16.0,99.0,4.5000035e+08,4.2677072e+08,2.3229632e+07
0.2000002,0.99216527,25.0,4.0,2.8299974e+08,2.8637498e+08,3.375232e+06
0.26500025,0.98717946,25.0,18.0,3.0999974e+08,3.1806138e+08,8.061632e+06
0.001000001,0.99786323,0.0,310.0,5.3499952e+08,4.710021e+08,6.399741e+07
0.36000037,0.98575497,26.0,42.0,2.5799976e+08,1.9974206e+08,5.8257696e+07
0.17200017,0.994302,16.0,63.0,4.650001e+08,4.3414093e+08,3.0859168e+07
0.01900002,0.9985755,16.0,16.0,3.8499968e+08,3.7462496e+08,1.037472e+07
0.011111011,0.991453,16.0,35.0,1.550001e+08,1.5788184e+08,2.881744e+06
0.34300035,0.99216527,16.0,57.0,2.9999994e+08,3.155519e+08,1.5551968e+07
0.115000114,0.99501425,23.0,84.0,3.8800023e+09,3.3871427e+09,4.9285965e+08
0.25000024,0.98575497,25.0,1.0,2.2999995e+08,2.2785429e+08,2.145664e+06
0.42800042,0.98646724,6.0,15.0,1.4499995e+08,1.2930257e+08,1.5697384e+07
0.0,0.9992877,16.0,204.0,2.149999e+09,2.3135828e+09,1.6358374e+08
0.012000012,0.9992877,23.0,106.0,4.0899994e+08,4.4721606e+08,3.821613e+07
0.12345612,0.98361826,16.0,15.0,1.0199997e+08,1.0867993e+08,6.67996e+06
0.0,0.9992877,16.0,195.0,2.808999e+09,2.596022e+09,2.129769e+08
0.04200004,0.994302,23.0,530.0,4.1499983e+09,4.2376087e+09,8.761037e+07
0.15000015,0.99216527,16.0,38.0,2.2000018e+08,2.1056122e+08,9.43896e+06
0.09000009,0.991453,23.0,76.0,6.5e+09,6.0372214e+09,4.6277837e+08
0.016000016,0.9985755,16.0,5.0,6.2699955e+08,5.798223e+08,4.717728e+07
0.3000003,0.9900285,16.0,69.0,1.8499989e+08,1.7277005e+08,1.222984e+07
0.0,0.9992877,23.0,23.0,1.9000004e+09,1.7243072e+09,1.7569318e+08
0.12500012,0.994302,16.0,106.0,4.5799965e+08,3.5913578e+08,9.886387e+07
0.3000003,0.99216527,16.0,35.0,2.149998e+08,1.8796376e+08,2.7036048e+07
0.3000003,0.9907407,1.0,495.0,3.9499965e+08,4.4807587e+08,5.3076224e+07
0.32000032,0.9893162,16.0,82.0,2.0500013e+08,1.4924706e+08,5.575307e+07
0.09000009,0.9928775,23.0,126.0,6.1000033e+09,6.554542e+09,4.5453875e+08
0.095000096,0.9928775,23.0,405.0,8.999994e+08,9.1216237e+08,1.2162944e+07
0.32000032,0.98504275,23.0,4.0,1.8999994e+08,1.6753115e+08,2.2468784e+07
0.26700026,0.9900285,16.0,213.0,3.999997e+08,3.2952822e+08,7.047149e+07
0.01930002,0.99786323,16.0,113.0,1.3949996e+09,1.0996296e+09,2.9537e+08
0.4090004,0.98504275,25.0,42.0,1.8999994e+08,1.7756483e+08,1.2435104e+07
0.05100005,0.99501425,16.0,58.0,2.7000006e+08,2.5619666e+08,1.3803408e+07
0.1000001,0.99643874,16.0,62.0,3.4999968e+08,3.2759677e+08,2.2402912e+07
0.0,0.9992877,23.0,92.0,3.9739994e+09,3.7265324e+09,2.47467e+08
0.107000105,0.99572647,0.0,34.0,3.0999974e+08,3.61258e+08,5.125824e+07
0.024567025,0.99358976,8.0,237.0,1.7499986e+09,1.7101871e+09,3.9811456e+07
0.22222222,0.9900285,16.0,435.0,1.499999e+08,1.4158107e+08,8.418832e+06
0.17000017,0.99358976,16.0,2.0,2.2500006e+08,2.1392522e+08,1.1074848e+07
0.0,0.9985755,16.0,318.0,3.1500004e+09,3.026744e+09,1.2325632e+08
0.07300007,0.994302,16.0,10.0,3.0499987e+08,2.853739e+08,1.9625984e+07
0.2000002,0.9907407,16.0,38.0,1.8499989e+08,1.8157538e+08,3.424512e+06
0.2000002,0.99358976,23.0,1.0,4.3699965e+08,3.7012912e+08,6.687053e+07
0.45000044,0.98361826,25.0,56.0,1.5999997e+08,1.4146877e+08,1.85312e+07
0.04800005,0.99786323,16.0,85.0,7.980004e+08,7.5018266e+08,4.781773e+07
0.3070003,0.988604,25.0,15.0,1.3499997e+08,1.5066685e+08,1.566688e+07
0.05000005,0.99643874,16.0,70.0,2.0000014e+08,1.2428646e+08,7.571368e+07
0.15600015,0.994302,16.0,32.0,3.999997e+08,3.8131347e+08,1.868624e+07
0.0,0.9992877,19.0,191.0,8.5799955e+08,9.262512e+08,6.825165e+07
0.42300043,0.99216527,16.0,2.0,2.4000018e+08,1.783836e+08,6.1616576e+07
0.13400014,0.99358976,16.0,119.0,4.399997e+08,4.6634838e+08,2.6348672e+07
0.02000002,0.98575497,16.0,38.0,1.2499992e+08,1.2574384e+08,743920.0
0.1980002,0.99358976,23.0,57.0,3.2999994e+08,3.308678e+08,867872.0
0.045000046,0.997151,16.0,5.0,5.0000013e+08,5.3532106e+08,3.532093e+07
0.12000012,0.99572647,16.0,62.0,3.0899974e+08,3.1475786e+08,5.758112e+06
0.0,0.9992877,26.0,195.0,2.8098028e+09,2.6068288e+09,2.0297395e+08
0.32000032,0.9893162,16.0,45.0,1.8499989e+08,1.744542e+08,1.054568e+07
0.36985236,0.98575497,19.0,15.0,1.2999993e+08,1.25787256e+08,4.212672e+06
0.3000003,0.98646724,8.0,1.0,2.549998e+08,2.3405053e+08,2.094928e+07
0.11243011,0.99216527,16.0,38.0,2.7000006e+08,2.156956e+08,5.4304464e+07
0.3140003,0.98504275,25.0,15.0,1.12000056e+08,1.2407685e+08,1.2076792e+07
0.45000044,0.9814815,30.0,82.0,7.5000056e+07,7.450303e+07,497024.0
0.0970001,0.99501425,16.0,196.0,9.699996e+08,9.4954323e+08,2.0456384e+07
0.022000022,0.99786323,16.0,86.0,6.650003e+08,6.9565005e+08,3.0649728e+07
0.011100011,0.9985755,16.0,3.0,6.580004e+08,6.4751494e+08,1.048544e+07
0.25355026,0.988604,0.0,239.0,3.9799974e+08,3.9653808e+08,1.461664e+06
0.14800015,0.994302,16.0,434.0,6.799995e+08,5.6281114e+08,1.1718835e+08
0.36000037,0.9793447,16.0,87.0,1.2999993e+08,9.87566e+07,3.1243328e+07
0.17000017,0.9900285,25.0,299.0,2.9999994e+08,2.2193382e+08,7.806611e+07
0.045000046,0.99786323,16.0,51.0,7.0199994e+08,6.877081e+08,1.429184e+07
0.12600012,0.99572647,16.0,45.0,2.970001e+08,2.5946445e+08,3.753565e+07
0.23200023,0.9928775,16.0,57.0,3.689999e+08,3.3256342e+08,3.643648e+07
0.18100019,0.994302,16.0,99.0,4.8499958e+08,4.1892675e+08,6.607283e+07
0.01000001,0.997151,16.0,202.0,3.4500026e+08,3.4901507e+08,4.014816e+06
0.0005000005,0.9992877,16.0,37.0,6.749999e+08,5.986376e+08,7.63623e+07
0.0,0.9992877,23.0,48.0,1.7299997e+09,1.828799e+09,9.879923e+07
0.0,0.9992877,16.0,22.0,9.000006e+07,3.0853686e+08,2.185368e+08
0.035500035,0.98504275,16.0,145.0,9.000006e+07,1.0472939e+08,1.4729328e+07
0.18500018,0.9843305,23.0,490.0,9.4999974e+08,7.397914e+08,2.1020832e+08
0.3000003,0.9893162,16.0,1.0,2.949998e+08,2.8720755e+08,7.792256e+06
0.19000019,0.994302,16.0,1.0,3.6500016e+08,3.951745e+08,3.0174336e+07
0.0,0.9992877,16.0,312.0,1.4899996e+09,1.4310013e+09,5.899827e+07
0.15500015,0.99358976,16.0,125.0,4.399997e+08,4.907662e+08,5.0766496e+07
0.22000022,0.99358976,16.0,154.0,3.7000015e+09,2.4625567e+09,1.2374449e+09
0.024000024,0.997151,16.0,276.0,3.6500016e+08,3.1688304e+08,4.811712e+07
0.12978813,0.99572647,16.0,1.0,5.4500026e+08,4.3566973e+08,1.0933053e+08
0.07000007,0.997151,16.0,110.0,3.6500016e+08,3.5367312e+08,1.132704e+07
0.5000005,0.9893162,25.0,53.0,2.0500013e+08,2.153844e+08,1.0384272e+07
0.041000042,0.997151,16.0,141.0,7.499995e+08,7.7711277e+08,2.711328e+07
0.09000009,0.99501425,16.0,162.0,5.500002e+08,5.2646208e+08,2.3538112e+07
0.082000084,0.99572647,26.0,45.0,2.7499997e+08,2.6318371e+08,1.1816256e+07
0.3000003,0.97863245,16.0,15.0,6.999994e+07,1.0008799e+08,3.0088056e+07
0.044000044,0.99786323,16.0,3.0,6.050002e+08,6.0276915e+08,2.23104e+06
0.15000015,0.99572647,9.0,34.0,3.9000035e+08,3.4319866e+08,4.6801696e+07
0.16300017,0.9928775,16.0,5.0,3.6999997e+08,4.0670198e+08,3.6702016e+07
0.0,0.9992877,16.0,85.0,8.1700077e+08,8.106629e+08,6.337856e+06
0.12000012,0.994302,16.0,154.0,4.0799972e+09,2.9236613e+09,1.1563359e+09
0.11111111,0.98789173,16.0,1.0,2.3700013e+08,2.816922e+08,4.4692064e+07
0.15500015,0.9900285,8.0,342.0,3.3799968e+08,3.3105466e+08,6.945024e+06
0.27000028,0.99358976,23.0,42.0,4.0499974e+08,3.2763926e+08,7.736048e+07
0.0046000048,0.9992877,16.0,0.0,4.2599978e+08,3.973997e+08,2.8600064e+07
0.22000022,0.988604,26.0,441.0,1.750001e+08,1.6273952e+08,1.2260576e+07
0.1000001,0.994302,8.0,34.0,3.9499965e+08,3.3285088e+08,6.214877e+07
0.11111111,0.98646724,26.0,360.0,1.17999976e+08,1.0677137e+08,1.1228608e+07
0.3980004,0.98575497,23.0,109.0,2.350002e+08,2.4430096e+08,9.300768e+06
0.4000004,0.98646724,25.0,5.0,2.850002e+08,2.4593542e+08,3.906477e+07
0.0,0.9992877,16.0,509.0,1.6200005e+09,1.5230721e+09,9.692838e+07
0.25600025,0.98504275,25.0,1.0,2.180002e+08,2.1827395e+08,273760.0
0.19000019,0.9907407,16.0,116.0,2.149998e+08,1.943955e+08,2.0604304e+07
0.0,0.9992877,16.0,506.0,8.799998e+08,8.115602e+08,6.843962e+07
0.03200003,0.99216527,16.0,197.0,4.1999985e+09,3.4092772e+09,7.907213e+08
0.987655,0.98504275,10.0,380.0,6.999994e+07,1.2530379e+08,5.5303856e+07
0.116000116,0.994302,16.0,1.0,4.0499974e+08,4.1272778e+08,7.728032e+06
0.03800004,0.99786323,16.0,16.0,3.5999994e+08,3.565572e+08,3.442752e+06
0.0,0.9992877,16.0,278.0,7.149996e+08,6.4856557e+08,6.643405e+07
0.14856614,0.988604,0.0,77.0,3.4999968e+08,3.7586317e+08,2.5863488e+07
0.15800016,0.99216527,16.0,240.0,1.2121215e+09,1.1360969e+09,7.602458e+07
0.17700018,0.99358976,23.0,1.0,4.1900026e+08,3.7335312e+08,4.5647136e+07
0.23000023,0.9907407,16.0,492.0,4.6800042e+08,4.2373075e+08,4.4269664e+07
0.15500015,0.99358976,16.0,197.0,5.000004e+09,2.8464776e+09,2.1535265e+09
0.0,0.9992877,16.0,51.0,7.149996e+08,7.002548e+08,1.4744832e+07
0.17597717,0.9843305,15.0,15.0,1.2499992e+08,1.1631179e+08,8.688128e+06
0.0,0.9992877,16.0,0.0,4.149996e+08,3.9780394e+08,1.719568e+07
0.10800011,0.99358976,16.0,237.0,1.5499988e+09,1.6167656e+09,6.676672e+07
0.06700007,0.997151,23.0,28.0,6.600002e+08,6.27836e+08,3.216416e+07
0.2000002,0.9893162,16.0,1.0,3.250003e+08,3.0774634e+08,1.7253952e+07
0.23900025,0.99501425,16.0,333.0,5.4500026e+08,5.515928e+08,6.592576e+06
0.12700012,0.99358976,16.0,425.0,9.599998e+08,8.8778016e+08,7.221965e+07
0.05000005,0.997151,16.0,16.0,3.579998e+08,3.4459843e+08,1.3401376e+07
0.3120003,0.9843305,6.0,5.0,2.1000011e+08,2.016976e+08,8.302512e+06
0.008500009,0.9985755,23.0,40.0,1.5150002e+09,1.5324055e+09,1.7405312e+07
0.035000034,0.99643874,16.0,509.0,1.1099994e+09,1.2650432e+09,1.5504384e+08
0.2000002,0.98504275,30.0,68.0,9.000006e+07,8.619506e+07,3.805008e+06
0.17000017,0.9893162,16.0,5.0,3.9000035e+08,3.3885366e+08,5.114669e+07
0.33335534,0.9907407,16.0,112.0,1.4499995e+08,1.6147677e+08,1.6476816e+07
0.35800037,0.98575497,0.0,1.0,1.8499989e+08,2.2872646e+08,4.3726576e+07
0.0,0.9992877,16.0,0.0,4.1900026e+08,3.9780394e+08,2.119632e+07
0.082000084,0.994302,16.0,217.0,1.6099986e+09,1.5516524e+09,5.834624e+07
0.17500018,0.997151,16.0,276.0,3.1499987e+08,2.826545e+08,3.2345376e+07
0.009800009,0.9985755,16.0,157.0,4.7499965e+08,4.762888e+08,1.289152e+06
0.28000027,0.9900285,25.0,53.0,2.9999994e+08,2.2976405e+08,7.023589e+07
0.35000035,0.98504275,16.0,7.0,1.1499992e+08,1.2503878e+08,1.0038864e+07
0.0,0.9992877,23.0,292.0,1.9699983e+09,1.8437085e+09,1.2628979e+08
0.025000025,0.99572647,7.0,284.0,2.450001e+09,1.8304321e+09,6.195688e+08
0.037000038,0.9985755,16.0,37.0,5.919996e+08,5.9367315e+08,1.673536e+06
0.1950002,0.99501425,23.0,123.0,2.670001e+08,2.749454e+08,7.945312e+06
0.009000009,0.9985755,16.0,544.0,9.699996e+08,8.12953e+08,1.570466e+08
0.5000005,0.98717946,0.0,106.0,2.8e+08,2.160015e+08,6.3998496e+07
0.0011110011,0.9900285,10.0,106.0,8.4999976e+07,2.0159875e+08,1.16598776e+08
0.0,0.9992877,23.0,191.0,8.5799955e+08,8.957933e+08,3.779373e+07
0.2120002,0.98789173,16.0,81.0,1.1800004e+09,9.884032e+08,1.9159718e+08
0.006000006,0.9992877,16.0,86.0,7.600005e+08,7.4346214e+08,1.6538368e+07
0.077000074,0.99358976,6.0,229.0,5.150001e+09,3.6845855e+09,1.4654157e+09
0.25200024,0.98575497,25.0,1.0,2.4999995e+08,2.2771005e+08,2.2289904e+07
0.023000022,0.9985755,23.0,195.0,2.600001e+09,2.5177638e+09,8.223718e+07
0.058000058,0.99643874,16.0,29.0,3.4000022e+08,3.2446205e+08,1.5538176e+07
0.0990001,0.99572647,16.0,139.0,1.2749992e+09,1.1700741e+09,1.0492506e+08
0.3000003,0.98717946,26.0,194.0,1.499999e+08,1.6242725e+08,1.2427344e+07
0.0,0.9992877,16.0,22.0,9.000006e+07,3.0853686e+08,2.185368e+08
0.22000022,0.988604,25.0,412.0,2.3799989e+08,2.32308e+08,5.691888e+06
0.018000018,0.9985755,23.0,219.0,6.3000006e+08,5.504546e+08,7.954547e+07
0.13700014,0.994302,16.0,341.0,4.1999985e+09,3.3511695e+09,8.488289e+08
0.1000001,0.99572647,16.0,45.0,2.5799976e+08,2.645345e+08,6.534736e+06
0.0,0.9992877,23.0,215.0,1.8499999e+09,1.8796421e+09,2.964224e+07
0.00018000018,0.9992877,16.0,113.0,7.999998e+08,9.943614e+08,1.943616e+08
0.11300011,0.99572647,16.0,342.0,4.5000035e+08,4.617098e+08,1.170944e+07
0.1950002,0.99216527,16.0,106.0,3.1499987e+08,2.9914342e+08,1.5856448e+07
0.05900006,0.997151,23.0,274.0,5.749996e+08,4.517866e+08,1.2321302e+08
0.24600025,0.9907407,23.0,5.0,3.9499965e+08,3.4428176e+08,5.071789e+07
0.05000005,0.991453,16.0,7.0,1.469999e+08,1.7842512e+08,3.1425216e+07
0.23500024,0.98789173,16.0,166.0,9.3000064e+08,6.131028e+08,3.1689786e+08
0.25000024,0.988604,15.0,106.0,2.7000006e+08,1.8612326e+08,8.38768e+07
0.26000026,0.991453,16.0,185.0,3.8499968e+08,3.9815312e+08,1.315344e+07
0.2000002,0.97792023,15.0,34.0,5.9999988e+07,6.001967e+07,19684.0
0.12000012,0.994302,16.0,10.0,2.670001e+08,2.782373e+08,1.1237216e+07
0.11000011,0.9928775,23.0,290.0,7.1000033e+09,6.1633915e+09,9.3661184e+08
0.2000002,0.9907407,16.0,1.0,2.7000006e+08,3.3308144e+08,6.3081376e+07
0.0002040002,0.99216527,16.0,52.0,5.0999987e+08,5.4761875e+08,3.761888e+07
0.052000053,0.98504275,16.0,97.0,1.5799994e+08,1.1431476e+08,4.3685176e+07
0.4000004,0.98717946,10.0,111.0,1.5999997e+08,1.2955882e+08,3.0441152e+07
0.16000016,0.9928775,16.0,57.0,4.5000035e+08,3.360449e+08,1.1395546e+08
0.0005000005,0.9992877,16.0,9.0,3.520001e+08,3.2526384e+08,2.6736256e+07
0.05000005,0.9821937,16.0,59.0,1.2499992e+08,1.3629464e+08,1.129472e+07
0.0017000017,0.9992877,16.0,452.0,9.549994e+08,8.9638803e+08,5.861139e+07
0.093540095,0.99572647,16.0,5.0,5.4500026e+08,4.9292765e+08,5.207261e+07
0.001000001,0.9985755,16.0,106.0,3.9499965e+08,3.86609e+08,8.390656e+06
0.14600015,0.988604,16.0,90.0,1.9599988e+09,1.672809e+09,2.871899e+08
0.008000008,0.99786323,16.0,113.0,1.00999917e+09,1.120014e+09,1.1001478e+08
0.2990003,0.99216527,16.0,11.0,3.2999994e+08,2.6862035e+08,6.1379584e+07
0.11111111,0.9821937,30.0,140.0,8.4999976e+07,7.765997e+07,7.340008e+06
0.25000024,0.991453,16.0,58.0,1.9300011e+08,1.9028355e+08,2.71656e+06
0.17100017,0.9928775,8.0,34.0,3.0499987e+08,2.9087808e+08,1.4121792e+07
0.035000034,0.99786323,25.0,36.0,3.8700003e+08,3.520444e+08,3.4955616e+07
0.4000004,0.991453,16.0,5.0,3.0999974e+08,3.3735885e+08,2.7359104e+07
0.01000001,0.99786323,16.0,37.0,6.199998e+08,6.07045e+08,1.2954816e+07
0.2000002,0.9843305,25.0,426.0,1.8499989e+08,1.7765088e+08,7.349008e+06
0.43800044,0.98504275,26.0,1.0,2.569998e+08,2.0748902e+08,4.9510784e+07
0.17000017,0.9928775,16.0,44.0,2.2699986e+09,2.0147086e+09,2.5528998e+08
0.13172214,0.9928775,26.0,29.0,2.6600024e+08,2.5311096e+08,1.288928e+07
0.2995003,0.98789173,25.0,261.0,1.3999994e+08,1.2934253e+08,1.0657408e+07
0.02000002,0.99643874,0.0,187.0,5.6999955e+08,5.422711e+08,2.7728448e+07
0.0,0.9992877,23.0,134.0,1.7799997e+09,9.03777e+08,8.762227e+08
0.026500026,0.99786323,16.0,106.0,3.689999e+08,4.082346e+08,3.923469e+07
0.17000017,0.994302,16.0,18.0,5.3000048e+08,5.657753e+08,3.5774816e+07
0.2000002,0.98717946,25.0,82.0,1.499999e+08,1.4156757e+08,8.432336e+06
0.029000029,0.99572647,16.0,106.0,5.949994e+08,3.8290083e+08,2.120986e+08
0.4000004,0.98575497,25.0,1.0,2.4499997e+08,2.1495798e+08,3.0041984e+07
0.16200016,0.98789173,16.0,47.0,9.4999974e+08,8.1670944e+08,1.332903e+08
0.1000001,0.99501425,16.0,5.0,4.7999965e+08,4.7447536e+08,5.524288e+06
0.0025000025,0.9985755,16.0,118.0,6.249996e+08,6.880125e+08,6.3012864e+07
0.047000047,0.997151,16.0,71.0,7.849994e+08,8.032045e+08,1.8205056e+07
0.0023980024,0.9821937,1.0,89.0,1.3499997e+08,1.5184043e+08,1.6840464e+07
0.00950001,0.9985755,16.0,3.0,6.600002e+08,6.4836275e+08,1.163744e+07
0.1010001,0.994302,25.0,4.0,2.6400021e+08,3.2971997e+08,6.571976e+07
0.0,0.9992877,16.0,255.0,3.5999994e+08,4.1148742e+08,5.148749e+07
0.18000019,0.9928775,16.0,98.0,1.1111109e+08,1.6827091e+08,5.7159824e+07
0.08900009,0.994302,16.0,10.0,2.430002e+08,2.8323734e+08,4.023715e+07
0.13800013,0.9928775,16.0,1.0,3.8000006e+08,3.8233453e+08,2.334464e+06
0.21500021,0.99358976,16.0,58.0,2.4499997e+08,2.0472427e+08,4.0275696e+07
0.38000038,0.988604,16.0,38.0,8.4999976e+07,1.4489269e+08,5.989271e+07
0.06600007,0.99643874,16.0,51.0,5.949994e+08,6.36503e+08,4.150355e+07
0.47000048,0.98504275,23.0,114.0,1.00000024e+08,1.0275507e+08,2.755048e+06
0.065000065,0.99643874,16.0,29.0,3.2000006e+08,3.2256032e+08,2.560256e+06
0.028000029,0.99643874,16.0,1.0,4.950004e+08,4.8025424e+08,1.4746144e+07
0.0,0.9992877,16.0,55.0,4.199996e+08,3.9752253e+08,2.2477088e+07
0.08000008,0.994302,23.0,90.0,4.1499983e+09,3.0794673e+09,1.0705311e+09
0.12800013,0.99572647,16.0,16.0,3.3499984e+08,3.118203e+08,2.3179552e+07
0.2000002,0.9928775,16.0,35.0,1.9799987e+08,1.9679542e+08,1.204448e+06
0.024000024,0.9985755,16.0,0.0,3.9000035e+08,3.812015e+08,8.798848e+06
0.14000013,0.994302,16.0,106.0,2.6800011e+08,3.5726515e+08,8.926504e+07
0.20600021,0.99358976,16.0,64.0,3.4999968e+08,3.6923786e+08,1.9238176e+07
0.2000002,0.9907407,25.0,35.0,2.0000014e+08,1.7109954e+08,2.8900608e+07
0.3820004,0.988604,25.0,18.0,3.4000022e+08,3.40897e+08,896768.0
0.16600017,0.994302,16.0,58.0,2.149998e+08,2.2191307e+08,6.913264e+06
0.26000026,0.991453,16.0,185.0,3.8499968e+08,3.9815312e+08,1.315344e+07
0.0,0.9992877,16.0,359.0,3.1400008e+09,2.3783437e+09,7.616571e+08
0.20600021,0.98717946,16.0,166.0,7.0999994e+08,5.8315514e+08,1.268448e+08
0.0,0.9985755,16.0,318.0,3.2000023e+09,3.026744e+09,1.7325824e+08
0.3000003,0.98646724,26.0,1.0,2.549998e+08,2.3754728e+08,1.7452528e+07
0.25000024,0.98575497,16.0,15.0,1.3999994e+08,1.2960801e+08,1.0391928e+07
0.28000027,0.9900285,8.0,53.0,2.7000006e+08,2.4252558e+08,2.747448e+07
0.029000029,0.997151,9.0,42.0,4.8499958e+08,4.7808365e+08,6.915936e+06
0.022000022,0.9985755,0.0,106.0,2.9999994e+08,4.1166483e+08,1.116649e+08
0.26800027,0.98717946,16.0,87.0,1.6499989e+08,1.3877354e+08,2.6226352e+07
0.5000005,0.9843305,16.0,106.0,1.3499989e+07,1.4387814e+08,1.3037815e+08
0.22100022,0.99216527,16.0,35.0,2.3700013e+08,1.9013334e+08,4.6866784e+07
0.16000016,0.98361826,16.0,56.0,2.0000014e+08,1.53869e+08,4.613115e+07
0.2000002,0.98646724,26.0,482.0,1.069999e+08,1.2322898e+08,1.6229072e+07
0.18400018,0.98717946,16.0,188.0,2.850002e+08,2.6776456e+08,1.7235632e+07
0.15000015,0.988604,16.0,63.0,3.3499984e+08,3.5088938e+08,1.5889536e+07
0.103000104,0.99501425,16.0,72.0,4.6000036e+09,3.3215662e+09,1.2784374e+09
0.017000018,0.9985755,16.0,0.0,3.9799974e+08,3.8420083e+08,1.3798912e+07
0.13526814,0.98361826,23.0,89.0,9.000006e+07,1.5146816e+08,6.1468096e+07
0.005000005,0.9992877,0.0,39.0,6.8999955e+08,5.3717645e+08,1.528231e+08
0.09100009,0.99358976,23.0,76.0,9.199994e+09,6.980748e+09,2.219246e+09
0.28000027,0.9900285,25.0,53.0,2.9999994e+08,2.2976405e+08,7.023589e+07
0.16700016,0.994302,16.0,29.0,2.9000003e+08,2.6944858e+08,2.0551456e+07
0.25000024,0.99358976,16.0,11.0,3.999997e+08,2.9005702e+08,1.0994269e+08
0.28000027,0.988604,15.0,128.0,2.9999994e+08,2.57352e+08,4.2647936e+07
0.045000046,0.997151,16.0,5.0,5.0000013e+08,5.3532106e+08,3.532093e+07
0.19600019,0.994302,16.0,90.0,2.0999982e+09,2.4787674e+09,3.7876915e+08
0.2900003,0.98717946,0.0,33.0,1.00000024e+08,1.344016e+08,3.4401576e+07
0.15000015,0.9843305,16.0,15.0,1.1499992e+08,1.1671291e+08,1.712992e+06
0.15000015,0.99572647,19.0,106.0,1.2340097e+09,3.994584e+08,8.345513e+08
0.16000016,0.98646724,22.0,56.0,2.350002e+08,1.6308443e+08,7.191576e+07
0.025000025,0.9985755,16.0,51.0,6.3000006e+08,7.260141e+08,9.601402e+07
0.0,0.9992877,16.0,14.0,2.0499985e+09,1.9501468e+09,9.985165e+07
0.85427886,0.98789173,16.0,114.0,7.9999944e+07,1.62042e+08,8.2042056e+07
0.16800016,0.99358976,16.0,63.0,4.2199987e+08,4.235788e+08,1.578944e+06
0.06000006,0.99643874,16.0,28.0,6.249996e+08,6.2814266e+08,3.14304e+06
0.06000006,0.99786323,16.0,9.0,3.6500016e+08,3.0187114e+08,6.3129024e+07
0.32000032,0.9900285,21.0,93.0,2.350002e+08,3.019408e+08,6.694061e+07
0.24500024,0.9893162,16.0,18.0,3.750003e+08,3.8758064e+08,1.2580352e+07
0.14500014,0.99572647,16.0,339.0,1.0000008e+09,1.0969272e+09,9.692646e+07
0.4000004,0.98789173,25.0,7.0,1.4800005e+08,1.348448e+08,1.3155248e+07
0.16000016,0.99216527,16.0,74.0,2.2000018e+08,2.2184536e+08,1.845184e+06
0.0,0.9992877,16.0,214.0,3.3300013e+08,3.148479e+08,1.8152224e+07
0.3000003,0.9928775,16.0,36.0,2.2500006e+08,2.177629e+08,7.237168e+06
0.11111111,0.98575497,6.0,1.0,2.4999995e+08,2.1965342e+08,3.0346528e+07
0.28000027,0.99216527,16.0,183.0,4.0999968e+08,3.7509686e+08,3.4902816e+07
0.2900003,0.98789173,16.0,66.0,1.8499989e+08,1.518471e+08,3.3152784e+07
0.35000035,0.98717946,16.0,231.0,3.4000022e+08,2.9913203e+08,4.086819e+07
0.0,0.9985755,16.0,262.0,2.0999982e+09,2.0573626e+09,4.263565e+07
0.28200027,0.9893162,23.0,20.0,1.7799989e+08,1.5859957e+08,1.940032e+07
0.04000004,0.99786323,23.0,86.0,6.749999e+08,6.472939e+08,2.7705984e+07
0.022000022,0.9985755,16.0,286.0,5.949994e+08,5.887566e+08,6.242816e+06
0.0,0.99786323,23.0,106.0,7.600005e+08,4.398554e+08,3.2014512e+08
0.15000015,0.991453,0.0,241.0,3.999997e+08,3.741037e+08,2.5896e+07
0.065000065,0.9985755,16.0,37.0,6.3000006e+08,5.734542e+08,5.6545856e+07
0.055000056,0.997151,16.0,28.0,7.0999994e+08,6.469952e+08,6.3004736e+07
0.3015773,0.9928775,16.0,57.0,2.4499997e+08,3.2817776e+08,8.317779e+07
0.037000038,0.997151,16.0,51.0,6.150001e+08,6.7555757e+08,6.055744e+07
0.022222022,0.98504275,15.0,78.0,1.00000024e+08,9.594978e+07,4.050248e+06
0.0,0.9992877,23.0,113.0,6.9999974e+08,1.1326545e+09,4.3265472e+08
0.10400011,0.994302,16.0,119.0,6.199998e+08,4.7735104e+08,1.4264877e+08
0.0,0.99786323,23.0,128.0,6.600002e+08,5.699843e+08,9.001587e+07
0.0,0.9992877,12.0,302.0,2.4999995e+08,2.4786998e+08,2.129968e+06
0.13000013,0.9928775,16.0,129.0,5.0000013e+08,4.862528e+08,1.3747328e+07
0.022000022,0.9985755,16.0,191.0,8.349998e+08,8.7346477e+08,3.846496e+07
0.48000047,0.98575497,15.0,212.0,1.8999994e+08,1.5124328e+08,3.8756656e+07
0.17000017,0.994302,16.0,493.0,4.299998e+08,4.7156214e+08,4.1562336e+07
0.095000096,0.988604,16.0,174.0,2.2550016e+08,2.3233856e+08,6.8384e+06
0.08000008,0.99643874,16.0,273.0,6.000002e+08,5.2398864e+08,7.601155e+07
0.3000003,0.98504275,25.0,1.0,2.7499997e+08,2.136512e+08,6.134877e+07
0.33000034,0.9843305,16.0,140.0,1.17999976e+08,1.15602936e+08,2.39704e+06
0.082000084,0.99572647,9.0,1.0,4.4700032e+08,4.413538e+08,5.646528e+06
0.2000002,0.99572647,9.0,89.0,4.4500035e+08,3.6513315e+08,7.98672e+07
0.0,0.9992877,16.0,141.0,9.1000064e+08,7.835126e+08,1.2648806e+08
0.0,0.9992877,23.0,259.0,1.1700005e+09,5.2994387e+08,6.4005664e+08
0.09000009,0.994302,23.0,294.0,4.4800005e+09,4.16985e+09,3.101504e+08
0.029000029,0.9985755,16.0,346.0,1.4200005e+09,1.4002218e+09,1.9778688e+07
0.006000006,0.9985755,16.0,0.0,3.9499965e+08,3.8987984e+08,5.119808e+06
0.033000033,0.99786323,23.0,71.0,8.1499923e+08,8.279299e+08,1.2930688e+07
0.10500011,0.991453,23.0,207.0,3.4999968e+08,3.5060438e+08,604704.0
0.051828053,0.98504275,16.0,12.0,1.1000003e+08,1.0249767e+08,7.50236e+06
0.006000006,0.9985755,16.0,170.0,4.0499974e+08,3.87274e+08,1.772576e+07
0.23700024,0.988604,8.0,443.0,1.1111114e+09,7.5135546e+08,3.5975597e+08
0.0,0.9992877,16.0,328.0,7.7999955e+08,7.058493e+08,7.415027e+07
0.3000003,0.9900285,0.0,308.0,3.8599965e+08,2.0314466e+08,1.8285499e+08
0.006000006,0.9992877,16.0,5.0,6.3000006e+08,5.826315e+08,4.7368576e+07
0.0,0.99358976,16.0,477.0,1.9999987e+09,5.68777e+09,3.6877714e+09
0.011111011,0.98361826,15.0,15.0,8.4999976e+07,9.5589736e+07,1.058976e+07
0.0,0.9992877,16.0,344.0,1.7499986e+09,1.2092305e+09,5.407681e+08
0.0,0.99501425,16.0,246.0,1.499999e+08,1.654683e+09,1.5046831e+09
0.018000018,0.99786323,16.0,409.0,1.119999e+09,1.2575062e+09,1.375072e+08
0.04000004,0.9985755,16.0,37.0,6.600002e+08,5.912368e+08,6.876339e+07
0.0,0.9992877,16.0,219.0,8.399992e+07,3.1290762e+08,2.289077e+08
0.4000004,0.9900285,16.0,53.0,2.7499997e+08,2.1740848e+08,5.759149e+07
0.4000004,0.9814815,16.0,82.0,1.6199997e+08,9.409896e+07,6.790101e+07
0.011111011,0.9900285,16.0,66.0,1.5999997e+08,1.6217464e+08,2.174672e+06
0.0,0.9992877,23.0,136.0,1.085e+09,1.04791584e+09,3.7084096e+07
0.01000001,0.9985755,16.0,9.0,3.1600003e+08,3.168957e+08,895680.0
0.16000016,0.994302,23.0,237.0,1.7100012e+09,1.5962604e+09,1.137408e+08
0.2000002,0.9893162,8.0,1.0,3.0499987e+08,2.9361386e+08,1.1386016e+07
0.107000105,0.99501425,16.0,11.0,3.999997e+08,3.8905827e+08,1.094144e+07
0.046000045,0.99786323,16.0,1.0,5.0000013e+08,5.0195997e+08,1.95984e+06
0.07000007,0.991453,16.0,98.0,2.2000018e+08,1.8372238e+08,3.627779e+07
0.001000001,0.9907407,18.0,127.0,2.5999997e+08,2.606539e+08,653936.0
0.026000027,0.997151,23.0,23.0,1.5400001e+09,1.502938e+09,3.7062144e+07
0.0,0.9992877,16.0,0.0,4.3499965e+08,3.9780394e+08,3.719571e+07
0.11000011,0.99501425,16.0,155.0,3.4000022e+08,3.0142986e+08,3.857037e+07
0.0942001,0.99501425,16.0,1.0,3.9199974e+08,4.305776e+08,3.8577856e+07
0.08000008,0.99501425,16.0,348.0,1.0500006e+09,1.0422309e+09,7.769664e+06
0.45000044,0.98789173,25.0,53.0,1.750001e+08,1.927676e+08,1.7767504e+07
0.039000038,0.9985755,16.0,37.0,5.8999994e+08,5.9203686e+08,2.036928e+06
0.052000053,0.9985755,16.0,31.0,1.7999996e+09,1.7161047e+09,8.389491e+07
0.046000045,0.99786323,16.0,22.0,5.500002e+08,4.8147958e+08,6.852061e+07
0.22000022,0.9900285,16.0,38.0,1.8499989e+08,1.6909326e+08,1.5906624e+07
0.0027000026,0.99786323,16.0,0.0,3.999997e+08,3.8303814e+08,1.6961568e+07
0.0,0.9992877,16.0,159.0,1.2910991e+09,1.2645777e+09,2.6521472e+07
0.0,0.99786323,23.0,88.0,1.43e+09,1.353716e+09,7.628403e+07
0.22000022,0.9900285,16.0,18.0,3.999997e+08,4.1033453e+08,1.0334816e+07
0.19000019,0.99358976,16.0,1.0,4.180001e+08,3.8260515e+08,3.5394944e+07
0.36000037,0.99358976,25.0,5.0,3.999997e+08,3.725983e+08,2.7401408e+07
0.0,0.9992877,23.0,305.0,3.9739994e+09,3.4867525e+09,4.8724685e+08
0.42500043,0.98789173,25.0,106.0,2.2799994e+08,1.7307976e+08,5.4920176e+07
0.0032000032,0.9985755,16.0,65.0,1.6899985e+09,1.6370781e+09,5.292032e+07
0.0,0.9985755,23.0,24.0,1.7699988e+09,1.4970929e+09,2.72906e+08
0.2000002,0.9893162,8.0,114.0,1.6499989e+08,1.6086226e+08,4.137632e+06
0.24300024,0.988604,16.0,1.0,3.4000022e+08,2.8048858e+08,5.951165e+07
0.21500021,0.9900285,26.0,69.0,1.6199997e+08,1.8138914e+08,1.9389168e+07
0.21000022,0.9928775,26.0,106.0,3.1800013e+08,2.941761e+08,2.3824032e+07
0.07000007,0.997151,8.0,273.0,5.1499984e+08,5.3651088e+08,2.151104e+07
0.16000016,0.9928775,16.0,276.0,2.2999995e+08,2.2887178e+08,1.128176e+06
0.09300009,0.997151,16.0,28.0,6.4000045e+08,6.2318195e+08,1.6818496e+07
0.46200046,0.98575497,26.0,5.0,1.9500008e+08,2.3989995e+08,4.489987e+07
0.0,0.9992877,16.0,51.0,8.649995e+08,7.002548e+08,1.647447e+08
0.32000032,0.98575497,25.0,188.0,1.5999997e+08,2.0054066e+08,4.054069e+07
0.057000056,0.991453,23.0,361.0,4.799999e+09,4.0968563e+09,7.0314266e+08
0.2000002,0.98504275,30.0,68.0,9.000006e+07,8.619506e+07,3.805008e+06
0.31500033,0.9900285,16.0,128.0,3.2000006e+08,2.788972e+08,4.110285e+07
0.45000044,0.98789173,26.0,33.0,1.3499997e+08,1.2969183e+08,5.308136e+06
0.16800016,0.99501425,16.0,179.0,4.5000035e+08,4.9713498e+08,4.7134624e+07
0.11000011,0.994302,16.0,1.0,4.7499965e+08,4.139687e+08,6.1030944e+07
0.3000003,0.9928775,16.0,223.0,1.7000003e+08,1.8563613e+08,1.5636096e+07
0.07000007,0.991453,0.0,304.0,5.800004e+08,4.407128e+08,1.3928758e+08
0.0,0.9985755,16.0,297.0,1.4999997e+09,1.7936081e+09,2.9360832e+08
0.017000018,0.9985755,23.0,107.0,1.7000013e+09,1.4441654e+09,2.558359e+08
0.18800019,0.99358976,16.0,35.0,2.2999995e+08,2.0770046e+08,2.2299488e+07
0.005000005,0.9985755,16.0,105.0,3.999997e+08,4.129262e+08,1.2926496e+07
0.0,0.99786323,16.0,24.0,1.4999997e+09,1.550611e+09,5.06112e+07
0.12365413,0.9900285,26.0,379.0,1.469999e+08,1.758701e+08,2.8870192e+07
0.037000038,0.997151,16.0,28.0,6.3000006e+08,6.586345e+08,2.8634432e+07
0.25000024,0.98504275,11.0,264.0,3.4999968e+08,2.8527648e+08,6.47232e+07
0.1910002,0.98646724,25.0,67.0,9.800003e+07,9.739999e+07,600040.0
0.15000015,0.99358976,16.0,438.0,6.6800045e+08,5.3351178e+08,1.3448867e+08
0.001000001,0.982906,30.0,82.0,8.900007e+07,7.940191e+07,9.59816e+06
0.022000022,0.9985755,16.0,27.0,5.6499994e+08,6.003676e+08,3.536768e+07
0.27000028,0.9900285,25.0,34.0,2.2000018e+08,2.1844514e+08,1.55504e+06
0.0,0.9992877,23.0,48.0,1.9749983e+09,1.828799e+09,1.461993e+08
0.1000001,0.98646724,8.0,1.0,2.9999994e+08,2.5560704e+08,4.4392896e+07
0.0,0.9992877,16.0,101.0,7.0500026e+08,6.7126886e+08,3.373139e+07
0.15600015,0.9900285,25.0,35.0,1.9799987e+08,1.6170392e+08,3.629595e+07
0.19000019,0.99501425,16.0,58.0,2.7099997e+08,2.2567054e+08,4.5329424e+07
0.35488835,0.98575497,26.0,1.0,2.2999995e+08,2.3069677e+08,696816.0
0.43800044,0.98504275,26.0,1.0,2.569998e+08,2.0748902e+08,4.9510784e+07
0.026000027,0.99572647,16.0,10.0,3.4000022e+08,3.1206723e+08,2.7932992e+07
0.0,0.9992877,16.0,27.0,6.3000006e+08,5.548544e+08,7.514566e+07
0.0,0.9992877,16.0,36.0,4.5000035e+08,4.0440538e+08,4.5594976e+07
0.0026000026,0.9992877,16.0,102.0,5.200002e+08,4.8167984e+08,3.832035e+07
0.16780017,0.99216527,23.0,63.0,4.0999968e+08,3.6312253e+08,4.687715e+07
0.0,0.9992877,16.0,55.0,4.2199987e+08,3.9752253e+08,2.4477344e+07
0.20800021,0.988604,16.0,11.0,2.350002e+08,2.4922962e+08,1.4229424e+07
0.3000003,0.98717946,25.0,82.0,1.3200004e+08,1.378815e+08,5.881464e+06
0.2900003,0.9900285,8.0,89.0,2.549998e+08,2.4419194e+08,1.0807872e+07
0.4000004,0.9900285,23.0,138.0,1.7999987e+08,1.687025e+08,1.1297376e+07
0.19700019,0.994302,16.0,28.0,5.989996e+08,5.095672e+08,8.943242e+07
0.3100003,0.9900285,16.0,245.0,3.2999994e+08,3.0545222e+08,2.4547712e+07
0.20052621,0.9843305,16.0,78.0,1.1000003e+08,1.0310296e+08,6.897072e+06
0.07000007,0.99358976,16.0,107.0,1.04499974e+09,1.1322548e+09,8.72551e+07
0.3140003,0.9843305,16.0,15.0,1.27000104e+08,1.1794845e+08,9.051656e+06
0.011000011,0.99786323,16.0,51.0,6.8999955e+08,7.2055936e+08,3.0559808e+07
0.17500018,0.98789173,23.0,217.0,8.500002e+08,8.6257594e+08,1.2575744e+07
0.058000058,0.994302,16.0,222.0,1.2000009e+09,1.2262926e+09,2.6291712e+07
0.045500044,0.99572647,8.0,63.0,5.3499952e+08,4.9270582e+08,4.2293696e+07
0.022000022,0.9985755,16.0,286.0,5.949994e+08,5.887566e+08,6.242816e+06
0.16700016,0.99501425,16.0,255.0,2.880002e+08,2.7655904e+08,1.1441152e+07
0.01000001,0.99786323,16.0,16.0,3.8000006e+08,3.6695606e+08,1.3044e+07
0.077000074,0.99643874,16.0,10.0,3.2000006e+08,3.1356422e+08,6.43584e+06
0.27000028,0.99216527,16.0,2.0,1.72e+08,1.8325446e+08,1.1254464e+07
0.03800004,0.994302,16.0,104.0,1.4950013e+09,2.251208e+09,7.562066e+08
0.3000003,0.98789173,25.0,7.0,1.3900003e+08,1.409987e+08,1.998672e+06
0.04000004,0.99786323,16.0,16.0,3.2000006e+08,3.5603798e+08,3.603792e+07
0.3000003,0.99216527,16.0,207.0,3.8499968e+08,3.189392e+08,6.606048e+07
0.0,0.9992877,16.0,328.0,8.399997e+08,7.058493e+08,1.341504e+08
0.0,0.9992877,16.0,86.0,7.650006e+08,7.4371315e+08,2.1287424e+07
0.009000009,0.9992877,25.0,36.0,4.699997e+08,3.8933738e+08,8.066234e+07
0.16800016,0.9907407,16.0,1.0,3.6599984e+08,3.3599488e+08,3.000496e+07
0.16900016,0.99358976,16.0,61.0,4.9000016e+08,5.7831904e+08,8.831888e+07
0.07000007,0.997151,16.0,110.0,3.6500016e+08,3.5367312e+08,1.132704e+07
0.2010002,0.99358976,23.0,537.0,4.7999965e+08,5.029413e+08,2.2941664e+07
0.3000003,0.9928775,16.0,36.0,2.2500006e+08,2.177629e+08,7.237168e+06
0.11111111,0.97720796,13.0,367.0,1.3499997e+08,1.28554504e+08,6.445464e+06
0.035900038,0.99786323,23.0,51.0,7.3900026e+08,6.7057786e+08,6.84224e+07
0.0,0.9992877,16.0,51.0,6.199998e+08,7.002548e+08,8.025498e+07
0.22222222,0.9843305,16.0,12.0,1.550001e+08,1.1147216e+08,4.3527936e+07
0.09000009,0.99501425,8.0,34.0,3.8499968e+08,3.475808e+08,3.741888e+07
0.0,0.9992877,16.0,107.0,1.6400003e+09,1.5170012e+09,1.2299904e+08
0.43000042,0.98789173,25.0,66.0,1.550001e+08,1.494533e+08,5.5468e+06
0.0,0.9992877,16.0,128.0,7.4000026e+08,5.980236e+08,1.4197664e+08
0.08100008,0.99572647,23.0,51.0,5.749996e+08,5.8674656e+08,1.1746944e+07
0.41814542,0.98789173,25.0,114.0,1.3499997e+08,1.3204763e+08,2.952336e+06
0.01830002,0.9985755,8.0,16.0,3.909999e+08,3.858451e+08,5.154816e+06
0.17000017,0.991453,16.0,323.0,6.000002e+08,4.7414336e+08,1.2585683e+08
0.17000017,0.9928775,0.0,501.0,3.2999994e+08,4.140619e+08,8.406195e+07
0.23000023,0.9900285,25.0,96.0,4.7999965e+08,6.522301e+08,1.7223043e+08
0.026000027,0.99786323,16.0,8.0,1.00999917e+09,1.0902921e+09,8.029293e+07
0.0970001,0.99643874,10.0,459.0,3.9499965e+08,3.2467747e+08,7.032218e+07
0.18000019,0.994302,8.0,64.0,3.750003e+08,3.6517843e+08,9.821856e+06
0.22000022,0.99216527,16.0,273.0,3.6500016e+08,3.813906e+08,1.6390432e+07
0.0,0.9992877,19.0,136.0,1.0559998e+09,1.0625844e+09,6.584576e+06
0.03000003,0.99786323,16.0,21.0,6.350006e+08,6.4594464e+08,1.0944064e+07
0.12000012,0.98361826,16.0,15.0,7.5000056e+07,1.079766e+08,3.2976544e+07
0.14000013,0.9807692,16.0,15.0,1.1499992e+08,9.932937e+07,1.5670552e+07
0.2000002,0.98789173,23.0,66.0,1.6699995e+08,1.4965982e+08,1.7340128e+07
0.24000023,0.9907407,16.0,132.0,1.4500003e+09,1.4139924e+09,3.600781e+07
0.002000002,0.9985755,23.0,195.0,2.579999e+09,2.6407386e+09,6.0739584e+07
0.32700032,0.98789173,25.0,281.0,5.500002e+08,4.6425302e+08,8.574717e+07
0.01900002,0.9985755,16.0,513.0,1.119999e+09,1.0702608e+09,4.9738176e+07
0.10400011,0.988604,8.0,573.0,1.8499989e+08,4.2677725e+08,2.4177736e+08
0.15800016,0.99358976,16.0,339.0,8.6999974e+08,9.759102e+08,1.0591046e+08
0.15000015,0.997151,26.0,5.0,4.7999965e+08,5.0976355e+08,2.9763904e+07
0.24000023,0.9893162,16.0,122.0,3.4500026e+08,3.9648666e+08,5.14864e+07
0.2000002,0.9907407,16.0,38.0,1.8499989e+08,1.8157538e+08,3.424512e+06
0.16400017,0.9900285,16.0,42.0,3.2800006e+08,3.1871056e+08,9.289504e+06
0.12700012,0.99358976,16.0,425.0,9.599998e+08,8.8778016e+08,7.221965e+07
0.0005000005,0.9992877,16.0,178.0,8.299996e+08,7.974496e+08,3.2550016e+07
0.25600025,0.9907407,0.0,224.0,8.1999974e+08,5.7852096e+08,2.4147878e+08
0.045000046,0.99501425,16.0,104.0,2.7200005e+09,2.2846019e+09,4.3539866e+08
0.16700016,0.9893162,16.0,74.0,2.1000011e+08,1.8090059e+08,2.909952e+07
0.09100009,0.99572647,8.0,118.0,4.8900022e+08,5.2718454e+08,3.818432e+07
0.22000022,0.9907407,8.0,34.0,1.7900016e+08,2.4731133e+08,6.831117e+07
0.03200003,0.9985755,16.0,0.0,4.1100032e+08,3.7833814e+08,3.2662176e+07
0.3090003,0.99501425,16.0,152.0,3.0999974e+08,2.5439645e+08,5.5603296e+07
0.08000008,0.99358976,16.0,18.0,6.199998e+08,5.9838874e+08,2.1611072e+07
0.42000043,0.98646724,25.0,114.0,1.2000003e+08,1.2011223e+08,112200.0
0.05000005,0.9985755,16.0,148.0,1.6499997e+09,1.4846465e+09,1.6535322e+08
0.0,0.9992877,16.0,191.0,8.5799955e+08,8.5266157e+08,5.337984e+06
0.008000008,0.9985755,16.0,22.0,5.800004e+08,5.1214147e+08,6.785891e+07
0.103000104,0.99358976,16.0,18.0,6.600002e+08,5.82577e+08,7.742317e+07
7.000007e-05,0.9992877,16.0,3.0,7.200002e+08,6.279941e+08,9.200608e+07
0.0,0.9992877,16.0,0.0,4.0999968e+08,3.9780394e+08,1.2195744e+07
0.2000002,0.9900285,16.0,74.0,1.9500008e+08,1.9041062e+08,4.589456e+06
0.15000015,0.994302,16.0,1.0,3.8899965e+08,4.0467312e+08,1.5673472e+07
0.15000015,0.99358976,16.0,120.0,4.0499974e+08,4.0443392e+08,565824.0
0.0,0.9992877,16.0,85.0,8.1999974e+08,8.106629e+08,9.336832e+06
0.0990001,0.99572647,16.0,139.0,1.2749992e+09,1.1700741e+09,1.0492506e+08
0.11000011,0.99572647,16.0,9.0,2.7000006e+08,2.6142166e+08,8.5784e+06
0.14500014,0.99572647,16.0,339.0,1.0000008e+09,1.0969272e+09,9.692646e+07
0.11300011,0.9928775,21.0,76.0,8.600005e+09,6.1274066e+09,2.472598e+09
0.27100027,0.98504275,30.0,68.0,1.1499992e+08,8.450951e+07,3.0490408e+07
0.11700012,0.9893162,23.0,42.0,3.4500026e+08,3.2625178e+08,1.874848e+07
0.25000024,0.98646724,0.0,304.0,3.4999968e+08,3.0129533e+08,4.870435e+07
0.0018000018,0.9985755,16.0,269.0,4.1300026e+08,3.9271594e+08,2.028432e+07
0.3000003,0.9900285,16.0,69.0,1.8499989e+08,1.7277005e+08,1.222984e+07
0.0,0.9992877,16.0,175.0,1.9769016e+09,2.2386365e+09,2.6173491e+08
0.28000027,0.99216527,16.0,183.0,4.0999968e+08,3.7509686e+08,3.4902816e+07
0.0,0.9992877,23.0,24.0,1.6000004e+09,1.519396e+09,8.060442e+07
0.116000116,0.994302,16.0,1.0,4.0499974e+08,4.1272778e+08,7.728032e+06
0.37300038,0.99358976,16.0,35.0,2.2999995e+08,2.1038779e+08,1.961216e+07
0.0009000009,0.9985755,23.0,345.0,1.2121215e+09,1.1391021e+09,7.301939e+07
0.1000001,0.99643874,16.0,1.0,1.1111109e+08,4.5627674e+08,3.4516563e+08
0.0017000017,0.9992877,23.0,121.0,9.3000064e+08,9.1810925e+08,1.1891392e+07
0.16000016,0.9928775,9.0,127.0,3.2000006e+08,2.9864288e+08,2.1357184e+07
0.011111011,0.98717946,0.0,77.0,3.5999994e+08,3.3916147e+08,2.0838464e+07
0.11111111,0.98717946,16.0,106.0,7.0999994e+08,2.0145693e+08,5.08543e+08
0.0,0.9992877,16.0,247.0,3.750003e+08,3.8218067e+08,7.180384e+06
0.25000024,0.9907407,16.0,74.0,2.4999995e+08,1.953038e+08,5.4696144e+07
0.09400009,0.997151,16.0,5.0,5.2799965e+08,5.2672723e+08,1.272416e+06
0.0,0.9992877,23.0,106.0,1.2999993e+08,4.1912176e+08,2.8912182e+08
0.035500035,0.98504275,16.0,145.0,9.000006e+07,1.0472939e+08,1.4729328e+07
0.2000002,0.9928775,0.0,106.0,4.5000035e+08,3.2973254e+08,1.2026781e+08
0.5000005,0.982906,0.0,7.0,1.00000024e+08,1.2443827e+08,2.4438248e+07
0.011111011,0.98717946,25.0,82.0,1.2999993e+08,1.3011875e+08,118824.0
0.32000032,0.98504275,25.0,122.0,2.2999995e+08,2.6826605e+08,3.8266096e+07
0.022000022,0.9985755,16.0,501.0,7.499995e+08,6.135485e+08,1.36451e+08
0.12000012,0.994302,0.0,187.0,5.0000013e+08,4.6437434e+08,3.562579e+07
0.0,0.9992877,16.0,9.0,3.4200022e+08,3.2507715e+08,1.6923072e+07
0.28000027,0.98789173,16.0,303.0,3.7499976e+09,3.3299077e+09,4.2008986e+08
0.0,0.9992877,25.0,103.0,9.4999974e+08,8.7300506e+08,7.699469e+07
0.12500012,0.99216527,15.0,448.0,1.7999996e+09,1.2369695e+09,5.6303014e+08
0.011000011,0.9985755,16.0,0.0,3.9000035e+08,3.8718093e+08,2.819424e+06
0.23000023,0.9928775,16.0,202.0,2.149998e+08,2.503397e+08,3.533989e+07
0.023000022,0.99786323,23.0,71.0,8.6999974e+08,8.373922e+08,3.2607552e+07
0.25000024,0.991453,16.0,38.0,2.2000018e+08,1.8598096e+08,3.4019216e+07
0.2000002,0.98717946,25.0,167.0,1.1000009e+09,8.183685e+08,2.816324e+08
0.095000096,0.994302,25.0,337.0,1.2999999e+09,1.4383788e+09,1.3837888e+08
0.35000935,0.98504275,25.0,1.0,1.2000003e+08,2.1647994e+08,9.64799e+07
0.4000004,0.9843305,0.0,200.0,2.5999997e+08,2.51215e+08,8.78496e+06
0.11110011,0.98504275,16.0,259.0,1.04499974e+09,7.7028614e+08,2.747136e+08
0.2900003,0.9907407,25.0,112.0,1.7999987e+08,1.5916536e+08,2.0834512e+07
0.029000029,0.9985755,16.0,3.0,6.8499955e+08,6.306757e+08,5.432384e+07
0.0,0.9992877,16.0,88.0,1.4369994e+09,1.3622636e+09,7.473587e+07
0.16800016,0.99572647,16.0,45.0,2.9999994e+08,2.4995514e+08,5.00448e+07
0.4000004,0.98717946,26.0,33.0,1.3900003e+08,1.20155544e+08,1.8844488e+07
0.0,0.9992877,16.0,195.0,2.8098028e+09,2.596022e+09,2.1378074e+08
0.06000006,0.9985755,16.0,16.0,3.4999968e+08,3.598544e+08,9.85472e+06
0.08800009,0.99358976,16.0,5.0,3.8199994e+08,4.4070944e+08,5.8709504e+07
0.25650024,0.988604,1.0,57.0,3.219997e+08,2.4419054e+08,7.780917e+07
0.15000015,0.99216527,16.0,38.0,2.2000018e+08,2.1056122e+08,9.43896e+06
0.0,0.9985755,23.0,156.0,1.9999987e+09,2.3507295e+09,3.5073075e+08
0.011000011,0.99786323,16.0,42.0,5.4500026e+08,5.1352262e+08,3.1477632e+07
0.08500008,0.99786323,0.0,187.0,5.6499994e+08,5.3932314e+08,2.56768e+07
0.1000001,0.9821937,10.0,145.0,6.900005e+07,7.404729e+07,5.04724e+06
0.11000011,0.99501425,8.0,34.0,3.4999968e+08,3.4362966e+08,6.370016e+06
0.3000003,0.9893162,16.0,238.0,1.3499997e+08,1.3574048e+08,740512.0
0.18500018,0.9843305,23.0,490.0,9.4999974e+08,7.397914e+08,2.1020832e+08
4.000004e-05,0.9992877,16.0,86.0,8.0899936e+08,7.437302e+08,6.5269184e+07
0.25000024,0.98717946,8.0,261.0,1.499999e+08,1.3728765e+08,1.2712256e+07
0.024850026,0.9985755,8.0,36.0,4.299998e+08,3.776885e+08,5.2311296e+07
0.0001000001,0.99501425,16.0,251.0,8.6000006e+08,8.662245e+08,6.224448e+06
0.23456724,0.98575497,2.0,15.0,1.3949989e+08,1.3966974e+08,169856.0
8.000008e-06,0.9992877,16.0,86.0,7.849994e+08,7.4371744e+08,4.1281984e+07
0.14000013,0.994302,25.0,53.0,3.5999994e+08,3.171642e+08,4.2835744e+07
0.2850003,0.98575497,16.0,188.0,1.8499989e+08,2.213766e+08,3.637672e+07
0.08400008,0.98789173,25.0,98.0,1.22e+08,1.3745744e+08,1.545744e+07
0.0,0.9992877,23.0,191.0,9.8000083e+08,8.957933e+08,8.420755e+07
0.23854724,0.98361826,23.0,127.0,1.2900006e+08,1.6909584e+08,4.0095776e+07
0.37000036,0.9843305,25.0,106.0,1.6499989e+08,1.4679285e+08,1.820704e+07
0.22000022,0.988604,26.0,441.0,1.750001e+08,1.6273952e+08,1.2260576e+07
0.15000015,0.994302,16.0,137.0,6.3000006e+08,4.8342675e+08,1.4657331e+08
0.24000023,0.99216527,10.0,510.0,2.2999995e+08,2.1784182e+08,1.2158128e+07
0.2000002,0.98646724,23.0,15.0,1.00000024e+08,1.2575631e+08,2.5756288e+07
0.25046426,0.98646724,15.0,7.0,1.1000003e+08,1.2831835e+08,1.831832e+07
0.0,0.9985755,23.0,540.0,6.8499955e+08,6.977257e+08,1.2726144e+07
0.09300009,0.99216527,24.0,420.0,1.5800001e+09,1.2893765e+09,2.906236e+08
0.0,0.9992877,16.0,247.0,4.1599974e+08,3.8218067e+08,3.381907e+07
0.2000002,0.9900285,16.0,69.0,1.6499989e+08,1.7918086e+08,1.4180976e+07
0.32000032,0.988604,25.0,114.0,7.9999944e+07,1.391661e+08,5.916615e+07
0.0,0.9992877,16.0,54.0,1.5499988e+09,2.7492877e+09,1.1992888e+09
0.05100005,0.99572647,16.0,164.0,2.850002e+08,2.9060413e+08,5.603936e+06
0.0,0.9992877,16.0,346.0,1.2910007e+09,1.3572838e+09,6.6283136e+07
0.34662834,0.9907407,16.0,56.0,2.4000018e+08,2.6016963e+08,2.0169456e+07
0.3000003,0.9900285,8.0,63.0,3.2999994e+08,3.2360544e+08,6.394496e+06
0.0,0.9992877,23.0,92.0,3.9739994e+09,3.7265324e+09,2.47467e+08
0.09000009,0.99501425,16.0,162.0,5.500002e+08,5.2646208e+08,2.3538112e+07
0.116000116,0.99501425,8.0,42.0,4.0999968e+08,4.1406032e+08,4.06064e+06
0.2000002,0.99216527,16.0,57.0,3.4999968e+08,3.2058106e+08,2.9418624e+07
0.057000056,0.99786323,16.0,3.0,5.949994e+08,5.937366e+08,1.262848e+06
0.077000074,0.99643874,16.0,29.0,2.8e+08,3.1932512e+08,3.932512e+07
0.15500015,0.99358976,23.0,113.0,1.02000026e+09,9.1493286e+08,1.0506739e+08
0.18000019,0.99358976,16.0,66.0,2.2000018e+08,2.0895331e+08,1.1046864e+07
0.0,0.9992877,25.0,320.0,4.299998e+08,4.3798848e+08,7.988672e+06
0.07000007,0.997151,16.0,110.0,3.6500016e+08,3.5367312e+08,1.132704e+07
0.31700033,0.9907407,16.0,516.0,3.3499984e+08,2.676803e+08,6.731954e+07
0.12345612,0.980057,16.0,145.0,7.5000056e+07,8.095407e+07,5.954016e+06
0.5000005,0.98504275,25.0,220.0,1.3999994e+08,1.4043347e+08,433536.0
0.08400008,0.99572647,16.0,16.0,3.0499987e+08,3.2017286e+08,1.5172992e+07
0.21000022,0.9900285,16.0,69.0,1.750001e+08,1.7810278e+08,3.102688e+06
0.058000058,0.99358976,16.0,5.0,4.8499958e+08,4.392509e+08,4.574867e+07
0.02000002,0.98504275,16.0,12.0,1.3999994e+08,9.947308e+07,4.0526856e+07
0.09000009,0.99501425,16.0,162.0,5.500002e+08,5.2646208e+08,2.3538112e+07
0.22000022,0.994302,16.0,57.0,4.299998e+08,3.533003e+08,7.669952e+07
0.1000001,0.98575497,1.0,67.0,8.4999976e+07,8.596044e+07,960464.0
0.01970002,0.9985755,16.0,106.0,5.390002e+08,4.0985504e+08,1.2914515e+08
0.2000002,0.97792023,15.0,34.0,5.9999988e+07,6.001967e+07,19684.0
0.21800022,0.9928775,16.0,1.0,3.9499965e+08,3.6507046e+08,2.9929184e+07
0.18100019,0.99216527,16.0,52.0,5.0999987e+08,4.8019197e+08,2.9807904e+07
0.0,0.9992877,16.0,219.0,6.999994e+07,3.1290762e+08,2.4290768e+08
0.082000084,0.994302,16.0,257.0,3.0999992e+09,2.7072525e+09,3.9274675e+08
0.4170004,0.9900285,16.0,57.0,2.5999997e+08,2.6380792e+08,3.807952e+06
0.065000065,0.99643874,16.0,574.0,6.499996e+08,5.9956544e+08,5.0434176e+07
0.34000033,0.99216527,26.0,58.0,1.9199995e+08,1.8833878e+08,3.661168e+06
0.22000022,0.988604,26.0,441.0,1.750001e+08,1.6273952e+08,1.2260576e+07
0.2000002,0.9907407,19.0,466.0,7.900001e+09,4.496608e+09,3.4033925e+09
0.08400008,0.99501425,23.0,401.0,4.399997e+08,4.2040758e+08,1.9592128e+07
0.043000042,0.99786323,16.0,51.0,6.499996e+08,6.892195e+08,3.9219904e+07
0.2000002,0.9893162,16.0,1.0,3.250003e+08,3.0774634e+08,1.7253952e+07
0.16000016,0.98789173,25.0,135.0,9.3000064e+08,8.0296704e+08,1.270336e+08
0.12500012,0.98504275,16.0,87.0,1.00000024e+08,1.2349627e+08,2.3496248e+07
0.3000003,0.97720796,16.0,455.0,1.8499989e+08,1.7559792e+08,9.401968e+06
0.25000024,0.9928775,16.0,1.0,4.0999968e+08,3.5365693e+08,5.634275e+07
0.4900005,0.98646724,23.0,15.0,1.4849997e+08,1.2067e+08,2.7829968e+07
0.098000094,0.988604,11.0,66.0,1.4899989e+08,1.5430955e+08,5.309664e+06
0.32000032,0.9893162,0.0,461.0,4.149996e+08,3.687494e+08,4.625021e+07
0.3000003,0.988604,25.0,209.0,2.780002e+08,2.7709654e+08,903648.0
0.18500018,0.9928775,16.0,207.0,4.3499965e+08,3.5060704e+08,8.439261e+07
0.0970001,0.99358976,16.0,1.0,3.999997e+08,4.030293e+08,3.0296e+06
0.2000002,0.9928775,25.0,80.0,2.8e+08,4.1822736e+08,1.3822736e+08
0.052000053,0.99786323,23.0,100.0,7.999998e+08,8.35269e+08,3.5269184e+07
0.006000006,0.9992877,16.0,170.0,4.199996e+08,3.901164e+08,2.98832e+07
0.13800013,0.994302,16.0,305.0,1.4000001e+09,1.8210542e+09,4.2105408e+08
0.077000074,0.99358976,26.0,62.0,2.850002e+08,2.82412e+08,2.588192e+06
0.43800044,0.98504275,26.0,1.0,2.569998e+08,2.0748902e+08,4.9510784e+07
0.1980002,0.99358976,23.0,57.0,3.2999994e+08,3.308678e+08,867872.0
0.055000056,0.994302,28.0,337.0,1.5699996e+09,1.4971128e+09,7.288678e+07
0.011111011,0.9843305,25.0,1.0,1.7000003e+08,1.8946363e+08,1.94636e+07
0.5000005,0.98504275,26.0,212.0,1.4499995e+08,1.6555946e+08,2.0559504e+07
0.06600007,0.99786323,16.0,100.0,8.129995e+08,8.1008794e+08,2.911552e+06
0.13000013,0.994302,16.0,509.0,7.650006e+08,8.2432154e+08,5.932096e+07
0.19000019,0.9928775,23.0,243.0,3.300001e+09,1.8705865e+09,1.4294145e+09
0.14000013,0.99501425,16.0,180.0,5.500002e+08,5.534909e+08,3.490688e+06
0.1920002,0.9928775,16.0,152.0,2.4000018e+08,2.4212254e+08,2.122368e+06
0.0,0.9992877,23.0,102.0,5.050003e+08,4.9064736e+08,1.4352928e+07
0.11100011,0.994302,16.0,160.0,5.3400045e+08,5.772919e+08,4.3291456e+07
0.08000008,0.994302,16.0,475.0,5.600003e+08,5.338222e+08,2.6178112e+07
0.42000043,0.988604,25.0,66.0,1.7999987e+08,1.5362882e+08,2.6371056e+07
0.22000022,0.98504275,25.0,122.0,2.350002e+08,2.9469555e+08,5.969536e+07
0.25900027,0.99216527,16.0,163.0,2.3899988e+09,1.9318399e+09,4.5815898e+08
0.38000038,0.98575497,8.0,1.0,1.9900016e+08,2.2203755e+08,2.3037392e+07
0.09000009,0.99572647,16.0,58.0,3.0499987e+08,2.548238e+08,5.0176064e+07
0.0012000012,0.9992877,16.0,101.0,7.0500026e+08,6.7650534e+08,2.8494912e+07
0.062000062,0.99572647,16.0,110.0,3.549998e+08,3.3475008e+08,2.0249728e+07
0.2000002,0.98717946,23.0,7.0,1.379999e+08,1.3119107e+08,6.808832e+06
0.025000025,0.997151,16.0,143.0,3.4999968e+08,3.4712102e+08,2.878656e+06
0.36000037,0.98504275,6.0,4.0,1.9500008e+08,1.571308e+08,3.786928e+07
0.0,0.9992877,16.0,22.0,5.800004e+08,3.0853686e+08,2.7146352e+08
0.1000001,0.9928775,1.0,169.0,3.689999e+08,3.8837098e+08,1.9371072e+07
0.33000034,0.988604,8.0,5.0,3.169997e+08,2.972245e+08,1.97752e+07
0.1000001,0.9928775,1.0,169.0,3.689999e+08,3.8837098e+08,1.9371072e+07
0.3000003,0.98717946,25.0,106.0,1.3999994e+08,1.7702648e+08,3.7026544e+07
0.26800027,0.98575497,25.0,1.0,2.2500006e+08,2.265901e+08,1.590032e+06
0.3889244,0.98789173,0.0,264.0,3.8000006e+08,3.640907e+08,1.5909376e+07
0.082000084,0.99572647,26.0,45.0,2.7499997e+08,2.6318371e+08,1.1816256e+07
0.0970001,0.994302,16.0,58.0,2.430002e+08,2.346777e+08,8.322496e+06
0.077000074,0.99643874,16.0,10.0,3.2000006e+08,3.1356422e+08,6.43584e+06
0.11111111,0.9793447,16.0,87.0,6.999994e+07,9.220766e+07,2.2207728e+07
0.018808018,0.98646724,18.0,68.0,1.1499992e+08,1.1178813e+08,3.211792e+06
0.035000034,0.99501425,16.0,44.0,4.2500012e+09,3.2559424e+09,9.9405875e+08
0.0,0.9992877,23.0,103.0,8.999994e+08,8.6349446e+08,3.650496e+07
0.0,0.9992877,23.0,578.0,1.3500004e+09,1.239603e+09,1.1039744e+08
0.45568845,0.98717946,25.0,235.0,2.5999997e+08,1.9871075e+08,6.1289216e+07
0.15400015,0.99216527,25.0,106.0,3.2000006e+08,2.7648835e+08,4.351171e+07
0.069000065,0.99501425,8.0,80.0,4.299998e+08,1.1440512e+09,7.140514e+08
0.22000022,0.9893162,16.0,271.0,2.6500024e+09,2.0433855e+09,6.0661696e+08
0.11300011,0.99572647,16.0,1.0,5.3000048e+08,4.3961635e+08,9.038413e+07
0.115000114,0.99501425,16.0,11.0,3.9499965e+08,3.8686422e+08,8.135424e+06
0.28000027,0.9900285,8.0,53.0,2.7000006e+08,2.4252558e+08,2.747448e+07
0.5000005,0.9843305,25.0,111.0,1.750001e+08,1.5037115e+08,2.4628944e+07
0.008000008,0.9985755,23.0,71.0,9.1000064e+08,8.792784e+08,3.072224e+07
0.28000027,0.9900285,25.0,53.0,2.9999994e+08,2.2976405e+08,7.023589e+07
0.08100008,0.99358976,16.0,309.0,1.9999987e+09,2.0036832e+09,3.68448e+06
0.019500019,0.99786323,16.0,148.0,1.5499988e+09,1.6360605e+09,8.60617e+07
